{
  "packets":{
    "actorList":["0-1824","0-1825","0-1826","0-1823","0-1827","146755-0"],
    "ai":[],
    "cellChangeFrom":[],
    "cellChangeTo":[],
    "container":["182697-0","182698-0","182699-0","182700-0","182701-0","182702-0","182703-0","182705-0","182716-0","182717-0","182718-0","182728-0","182729-0","182730-0","182731-0","182732-0","182733-0","182734-0","182735-0","182736-0","182743-0","182744-0","300314-0","300315-0","146755-0","0-1824","0-1825","0-1826","0-1823","0-1827"],
    "death":[],
    "delete":[],
    "doorState":[],
    "equipment":["146755-0","0-1827"],
    "lock":[],
    "place":[],
    "position":["146755-0","0-1823","0-1824","0-1825","0-1826","0-1827"],
    "scale":[],
    "spawn":["0-1824","0-1825","0-1826","0-1823","0-1827"],
    "state":[],
    "statsDynamic":["146755-0","0-1823","0-1824","0-1825","0-1826","0-1827"],
    "trap":[],
    "spellsActive":[],
    "miscellaneous":[],
    "clientScriptLocal":[]
  },
  "entry":{
    "creationTime":1697211996,
    "description":"-1, 4"
  },
  "lastVisit":{
    "Adamast":1697227728,
    "Violetta":1697212031
  },
  "recordLinks":[],
  "objectData":{
    "182701-0":{
      "refId":"tramaroot_04",
      "inventory":[{
          "refId":"ingred_trama_root_01",
          "count":1,
          "charge":-1,
          "enchantmentCharge":-1,
          "soul":""
        }]
    },
    "0-1825":{
      "refId":"scamp",
      "location":{
        "posX":-4752.4790039063,
        "posZ":1261.9808349609,
        "posY":35159.9375,
        "rotX":0.050627842545509,
        "rotY":0,
        "rotZ":-0.38830256462097
      },
      "stats":{
        "healthCurrent":45,
        "magickaCurrent":100,
        "healthModified":45,
        "fatigueBase":400,
        "fatigueModified":400,
        "healthBase":45,
        "magickaModified":100,
        "magickaBase":100,
        "fatigueCurrent":400
      },
      "inventory":[{
          "refId":"ingred_scamp_skin_01",
          "count":1,
          "charge":-1,
          "enchantmentCharge":-1,
          "soul":""
        }]
    },
    "300315-0":{
      "refId":"flora_rm_scathecraw_02",
      "inventory":[{
          "refId":"ingred_scathecraw_01",
          "count":1,
          "charge":-1,
          "enchantmentCharge":-1,
          "soul":""
        }]
    },
    "0-1823":{
      "refId":"clannfear",
      "location":{
        "posX":-4848.0107421875,
        "posZ":710.44592285156,
        "posY":39774.9453125,
        "rotX":-0.066459894180298,
        "rotY":0,
        "rotZ":-0.6865565776825
      },
      "stats":{
        "healthCurrent":113,
        "magickaCurrent":100,
        "healthModified":113,
        "fatigueBase":500,
        "fatigueModified":500,
        "healthBase":113,
        "magickaModified":100,
        "magickaBase":100,
        "fatigueCurrent":500
      },
      "inventory":[{
          "refId":"ingred_daedras_heart_01",
          "count":1,
          "charge":-1,
          "enchantmentCharge":-1,
          "soul":""
        }]
    },
    "182731-0":{
      "refId":"flora_rm_scathecraw_02",
      "inventory":[{
          "refId":"ingred_scathecraw_01",
          "count":1,
          "charge":-1,
          "enchantmentCharge":-1,
          "soul":""
        }]
    },
    "182705-0":{
      "refId":"tramaroot_03",
      "inventory":[]
    },
    "182732-0":{
      "refId":"tramaroot_03",
      "inventory":[{
          "refId":"ingred_trama_root_01",
          "count":1,
          "charge":-1,
          "enchantmentCharge":-1,
          "soul":""
        }]
    },
    "182718-0":{
      "refId":"tramaroot_01",
      "inventory":[{
          "refId":"ingred_trama_root_01",
          "count":2,
          "charge":-1,
          "enchantmentCharge":-1,
          "soul":""
        }]
    },
    "182728-0":{
      "refId":"flora_fire_fern_01",
      "inventory":[{
          "refId":"ingred_fire_petal_01",
          "count":1,
          "charge":-1,
          "enchantmentCharge":-1,
          "soul":""
        }]
    },
    "182697-0":{
      "refId":"flora_rm_scathecraw_01",
      "inventory":[{
          "refId":"ingred_scathecraw_01",
          "count":1,
          "charge":-1,
          "enchantmentCharge":-1,
          "soul":""
        }]
    },
    "182717-0":{
      "refId":"tramaroot_02",
      "inventory":[{
          "refId":"ingred_trama_root_01",
          "count":1,
          "charge":-1,
          "enchantmentCharge":-1,
          "soul":""
        }]
    },
    "0-1827":{
      "refId":"dremora",
      "location":{
        "posX":-3142.8134765625,
        "posZ":2050.4528808594,
        "posY":38204.71875,
        "rotX":0.014332651160657,
        "rotY":0,
        "rotZ":-2.8251421451569
      },
      "stats":{
        "healthCurrent":160,
        "magickaCurrent":100,
        "healthModified":160,
        "fatigueBase":400,
        "fatigueModified":400,
        "healthBase":160,
        "magickaModified":100,
        "magickaBase":100,
        "fatigueCurrent":400
      },
      "equipment":{
        "16":{
          "refId":"dwarven warhammer",
          "count":1,
          "charge":-1,
          "enchantmentCharge":-1
        }
      },
      "inventory":[{
          "refId":"dwarven warhammer",
          "count":1,
          "charge":-1,
          "enchantmentCharge":-1,
          "soul":""
        }]
    },
    "182703-0":{
      "refId":"tramaroot_06",
      "inventory":[]
    },
    "182702-0":{
      "refId":"flora_rm_scathecraw_02",
      "inventory":[{
          "refId":"ingred_scathecraw_01",
          "count":1,
          "charge":-1,
          "enchantmentCharge":-1,
          "soul":""
        }]
    },
    "182744-0":{
      "refId":"contain_trama_shrub_02",
      "inventory":[{
          "refId":"ingred_trama_root_01",
          "count":3,
          "charge":-1,
          "enchantmentCharge":-1,
          "soul":""
        }]
    },
    "182736-0":{
      "refId":"tramaroot_05",
      "inventory":[{
          "refId":"ingred_trama_root_01",
          "count":1,
          "charge":-1,
          "enchantmentCharge":-1,
          "soul":""
        }]
    },
    "182734-0":{
      "refId":"tramaroot_04",
      "inventory":[{
          "refId":"ingred_trama_root_01",
          "count":1,
          "charge":-1,
          "enchantmentCharge":-1,
          "soul":""
        }]
    },
    "182716-0":{
      "refId":"tramaroot_06",
      "inventory":[]
    },
    "0-1826":{
      "refId":"scamp",
      "location":{
        "posX":-5677.4345703125,
        "posZ":1136.4504394531,
        "posY":36990.0859375,
        "rotX":-0.23508927226067,
        "rotY":0,
        "rotZ":-0.76502275466919
      },
      "stats":{
        "healthCurrent":45,
        "magickaCurrent":100,
        "healthModified":45,
        "fatigueBase":400,
        "fatigueModified":400,
        "healthBase":45,
        "magickaModified":100,
        "magickaBase":100,
        "fatigueCurrent":400
      },
      "inventory":[]
    },
    "182700-0":{
      "refId":"tramaroot_03",
      "inventory":[{
          "refId":"ingred_trama_root_01",
          "count":1,
          "charge":-1,
          "enchantmentCharge":-1,
          "soul":""
        }]
    },
    "182729-0":{
      "refId":"flora_fire_fern_02",
      "inventory":[{
          "refId":"ingred_fire_petal_01",
          "count":1,
          "charge":-1,
          "enchantmentCharge":-1,
          "soul":""
        }]
    },
    "182735-0":{
      "refId":"tramaroot_03",
      "inventory":[{
          "refId":"ingred_trama_root_01",
          "count":1,
          "charge":-1,
          "enchantmentCharge":-1,
          "soul":""
        }]
    },
    "182733-0":{
      "refId":"tramaroot_01",
      "inventory":[{
          "refId":"ingred_trama_root_01",
          "count":3,
          "charge":-1,
          "enchantmentCharge":-1,
          "soul":""
        }]
    },
    "182698-0":{
      "refId":"tramaroot_01",