{
  "packets":{
    "actorList":["0-869","0-870","0-868","0-2339","0-867","0-866"],
    "ai":[],
    "cellChangeFrom":[],
    "cellChangeTo":[],
    "container":["48960-0","48961-0","48962-0","48963-0","48964-0","48965-0","48966-0","48967-0","48968-0","48969-0","475900-0","475901-0","475902-0","475903-0","475904-0","475905-0","475906-0","475907-0","475908-0","475909-0","475910-0","475911-0","475912-0","475913-0","475914-0","475915-0","475916-0","475917-0","0-869","0-870","0-868","0-2339","0-867","0-866"],
    "death":[],
    "delete":[],
    "doorState":[],
    "equipment":[],
    "lock":[],
    "place":[],
    "position":["0-869","0-870","0-868","0-2339","0-867","0-866"],
    "scale":[],
    "spawn":["0-869","0-870","0-868","0-2339","0-867","0-866"],
    "state":[],
    "statsDynamic":["0-869","0-870","0-868","0-2339","0-867","0-866"],
    "trap":[],
    "spellsActive":[],
    "miscellaneous":[],
    "clientScriptLocal":[]
  },
  "entry":{
    "creationTime":1696442484,
    "description":"-1, 1"
  },
  "lastVisit":{
    "Violetta":1697367590,
    "Adamast":1697216343,
    "ZIR":1697457698
  },
  "recordLinks":[],
  "objectData":{
    "0-868":{
      "refId":"kwama forager",
      "location":{
        "posX":-6515.4658203125,
        "posZ":1857.8663330078,
        "posY":10260.73828125,
        "rotX":-0.18961901962757,
        "rotY":0,
        "rotZ":1.5357220172882
      },
      "stats":{
        "healthCurrent":23,
        "magickaCurrent":15,
        "healthModified":23,
        "fatigueBase":300,
        "fatigueModified":300,
        "healthBase":23,
        "magickaModified":15,
        "magickaBase":15,
        "fatigueCurrent":300
      },
      "inventory":[]
    },
    "48963-0":{
      "refId":"flora_chokeweed_02",
      "inventory":[{
          "refId":"ingred_chokeweed_01",
          "count":1,
          "charge":-1,
          "enchantmentCharge":-1,
          "soul":""
        }]
    },
    "48960-0":{
      "refId":"flora_chokeweed_02",
      "inventory":[{
          "refId":"ingred_chokeweed_01",
          "count":1,
          "charge":-1,
          "enchantmentCharge":-1,
          "soul":""
        }]
    },
    "0-869":{
      "refId":"scrib",
      "location":{
        "posX":-7461.177734375,
        "posZ":1625.5926513672,
        "posY":11376.83203125,
        "rotX":-0.09467463940382,
        "rotY":0,
        "rotZ":1.401435136795
      },
      "stats":{
        "healthCurrent":8,
        "magickaCurrent":12,
        "healthModified":8,
        "fatigueBase":300,
        "fatigueModified":300,
        "healthBase":8,
        "magickaModified":12,
        "magickaBase":12,
        "fatigueCurrent":300
      },
      "inventory":[{
          "refId":"ingred_scrib_jelly_01",
          "count":1,
          "charge":-1,
          "enchantmentCharge":-1,
          "soul":""
        }]
    },
    "475909-0":{
      "refId":"flora_stoneflower_02",
      "inventory":[{
          "refId":"ingred_stoneflower_petals_01",
          "count":1,
          "charge":-1,
          "enchantmentCharge":-1,
          "soul":""
        }]
    },
    "0-2339":{
      "refId":"rat_diseased",
      "location":{
        "posX":-139.47047424316,
        "posZ":1512.0356445313,
        "posY":10466.00390625,
        "rotX":0.38634070754051,
        "rotY":0,
        "rotZ":-2.8082025051117
      },
      "stats":{
        "healthCurrent":23,
        "magickaCurrent":10,
        "healthModified":23,
        "fatigueBase":109,
        "fatigueModified":109,
        "healthBase":23,
        "magickaModified":10,
        "magickaBase":10,
        "fatigueCurrent":109
      },
      "inventory":[{
          "refId":"ingred_rat_meat_01",
          "count":2,
          "charge":-1,
          "enchantmentCharge":-1,
          "soul":""
        }]
    },
    "475913-0":{
      "refId":"flora_stoneflower_01",
      "inventory":[{
          "refId":"ingred_stoneflower_petals_01",
          "count":1,
          "charge":-1,
          "enchantmentCharge":-1,
          "soul":""
        }]
    },
    "475915-0":{
      "refId":"flora_stoneflower_02",
      "inventory":[{
          "refId":"ingred_stoneflower_petals_01",
          "count":1,
          "charge":-1,
          "enchantmentCharge":-1,
          "soul":""
        }]
    },
    "48968-0":{
      "refId":"flora_chokeweed_02",
      "inventory":[{
          "refId":"ingred_chokeweed_01",
          "count":1,
          "charge":-1,
          "enchantmentCharge":-1,
          "soul":""
        }]
    },
    "475905-0":{
      "refId":"flora_stoneflower_01",
      "inventory":[{
          "refId":"ingred_stoneflower_petals_01",
          "count":1,
          "charge":-1,
          "enchantmentCharge":-1,
          "soul":""
        }]
    },
    "0-870":{
      "refId":"scrib",
      "location":{
        "posX":-7485.8779296875,
        "posZ":987.82873535156,
        "posY":15551.681640625,
        "rotX":-0.049920074641705,
        "rotY":0,
        "rotZ":0.78319811820984
      },
      "stats":{
        "healthCurrent":8,
        "magickaCurrent":12,
        "healthModified":8,
        "fatigueBase":300,
        "fatigueModified":300,
        "healthBase":8,
        "magickaModified":12,
        "magickaBase":12,
        "fatigueCurrent":300
      },
      "inventory":[{
          "refId":"ingred_scrib_jelly_01",
          "count":1,
          "charge":-1,
          "enchantmentCharge":-1,
          "soul":""
        }]
    },
    "475903-0":{
      "refId":"flora_stoneflower_01",
      "inventory":[{
          "refId":"ingred_stoneflower_petals_01",
          "count":1,
          "charge":-1,
          "enchantmentCharge":-1,
          "soul":""
        }]
    },
    "475911-0":{
      "refId":"flora_stoneflower_01",
      "inventory":[{
          "refId":"ingred_stoneflower_petals_01",
          "count":1,
          "charge":-1,
          "enchantmentCharge":-1,
          "soul":""
        }]
    },
    "0-866":{
      "refId":"alit",
      "location":{
        "posX":-8191.22265625,
        "posZ":1349.1356201172,
        "posY":14268.595703125,
        "rotX":0.37214785814285,
        "rotY":0,
        "rotZ":-0.34448075294495
      },
      "stats":{
        "healthCurrent":30,
        "magickaCurrent":75,
        "healthModified":30,
        "fatigueBase":400,
        "fatigueModified":400,
        "healthBase":30,
        "magickaModified":75,
        "magickaBase":75,
        "fatigueCurrent":400
      },
      "inventory":[{
          "refId":"ingred_alit_hide_01",
          "count":1,
          "charge":-1,
          "enchantmentCharge":-1,
          "soul":""
        }]
    },
    "475908-0":{
      "refId":"flora_stoneflower_01",
      "inventory":[{
          "refId":"ingred_stoneflower_petals_01",
          "count":1,
          "charge":-1,
          "enchantmentCharge":-1,
          "soul":""
        }]
    },
    "475901-0":{
      "refId":"flora_stoneflower_02",
      "inventory":[{
          "refId":"ingred_stoneflower_petals_01",
          "count":1,
          "charge":-1,
          "enchantmentCharge":-1,
          "soul":""
        }]
    },
    "475914-0":{
      "refId":"flora_stoneflower_01",
      "inventory":[{
          "refId":"ingred_stoneflower_petals_01",
          "count":1,
          "charge":-1,
          "enchantmentCharge":-1,
          "soul":""
        }]
    },
    "48961-0":{
      "refId":"flora_chokeweed_02",
      "inventory":[{
          "refId":"ingred_chokeweed_01",
          "count":1,
          "charge":-1,
          "enchantmentCharge":-1,
          "soul":""
        }]
    },
    "475916-0":{
      "refId":"flora_stoneflower_01",
      "inventory":[{
          "refId":"ingred_stoneflower_petals_01",
          "count":1,
          "charge":-1,
          "enchantmentCharge":-1,
          "soul":""
        }]
    },
    "48965-0":{
      "refId":"flora_chokeweed_02",
      "inventory":[{
          "refId":"ingred_chokeweed_01",
          "count":1,