{
  "packets":{
    "actorList":["274701-0","274703-0","274702-0","0-2451"],
    "ai":[],
    "cellChangeFrom":[],
    "cellChangeTo":[],
    "container":["274705-0","274706-0","274707-0","472304-0","472305-0","472306-0","472307-0","472308-0","472309-0","472310-0","274701-0","274702-0","274703-0","0-2451"],
    "death":["274701-0","274703-0","274702-0","0-2451"],
    "delete":[],
    "doorState":[],
    "equipment":["274701-0","274703-0","274702-0"],
    "lock":[],
    "place":[],
    "position":["274701-0","274702-0","274703-0","0-2451"],
    "scale":[],
    "spawn":["0-2451"],
    "state":[],
    "statsDynamic":["274701-0","274702-0","274703-0","0-2451"],
    "trap":[],
    "spellsActive":[],
    "miscellaneous":[],
    "clientScriptLocal":[]
  },
  "entry":{
    "creationTime":1696176283,
    "description":"-10, 9"
  },
  "lastVisit":{
    "Violetta":1697361071,
    "Adamast":1697223185,
    "ZIR":1697357218
  },
  "recordLinks":[],
  "objectData":{
    "0-2451":{
      "refId":"kwama forager",
      "location":{
        "posX":-78557.578125,
        "posZ":1448.5303955078,
        "posY":80597.6875,
        "rotX":-0.60959142446518,
        "rotY":0,
        "rotZ":-1.2883188724518
      },
      "stats":{
        "healthCurrent":0,
        "magickaCurrent":15,
        "healthModified":23,
        "fatigueBase":300,
        "fatigueModified":300,
        "healthBase":23,
        "magickaModified":15,
        "magickaBase":15,
        "fatigueCurrent":300
      },
      "inventory":[],
      "spellsActive":[],
      "killer":{
        "playerName":"ZIR"
      },
      "deathState":38
    },
    "274703-0":{
      "refId":"hansi saharnatturapli",
      "location":{
        "posX":-78543.9375,
        "posZ":1458.9665527344,
        "posY":80638.9453125,
        "rotX":0,
        "rotY":0,
        "rotZ":-1.8999989032745
      },
      "stats":{
        "healthCurrent":0,
        "magickaCurrent":2,
        "healthModified":90,
        "fatigueBase":234,
        "fatigueModified":234,
        "healthBase":90,
        "magickaModified":92,
        "magickaBase":92,
        "fatigueCurrent":234
      },
      "equipment":{
        "7":{
          "refId":"expensive_shoes_01",
          "count":1,
          "charge":-1,
          "enchantmentCharge":-1
        },
        "8":{
          "refId":"expensive_shirt_01",
          "count":1,
          "charge":-1,
          "enchantmentCharge":-1
        },
        "9":{
          "refId":"expensive_pants_01",
          "count":1,
          "charge":-1,
          "enchantmentCharge":-1
        },
        "10":{
          "refId":"expensive_skirt_01",
          "count":1,
          "charge":-1,
          "enchantmentCharge":-1
        },
        "16":{
          "refId":"chitin war axe",
          "count":1,
          "charge":-1,
          "enchantmentCharge":-1
        }
      },
      "inventory":[{
          "refId":"chitin_shield",
          "count":1,
          "charge":-1,
          "enchantmentCharge":-1,
          "soul":""
        },{
          "refId":"expensive_skirt_01",
          "count":1,
          "charge":-1,
          "enchantmentCharge":-1,
          "soul":""
        },{
          "refId":"expensive_shirt_01",
          "count":1,
          "charge":-1,
          "enchantmentCharge":-1,
          "soul":""
        },{
          "refId":"expensive_shoes_01",
          "count":1,
          "charge":-1,
          "enchantmentCharge":-1,
          "soul":""
        },{
          "refId":"expensive_pants_01",
          "count":1,
          "charge":-1,
          "enchantmentCharge":-1,
          "soul":""
        },{
          "refId":"chitin war axe",
          "count":1,
          "charge":-1,
          "enchantmentCharge":-1,
          "soul":""
        }],
      "killer":{
        "playerName":"ZIR"
      },
      "spellsActive":[],
      "deathState":39
    },
    "274702-0":{
      "refId":"elitlaya assonirishpal",
      "location":{
        "posX":-78567.96875,
        "posZ":1443.1147460938,
        "posY":80544.625,
        "rotX":0,
        "rotY":0,
        "rotZ":-0.89999985694885
      },
      "stats":{
        "healthCurrent":0,
        "magickaCurrent":0,
        "healthModified":84,
        "fatigueBase":227,
        "fatigueModified":227,
        "healthBase":84,
        "magickaModified":90,
        "magickaBase":90,
        "fatigueCurrent":226.89224243164
      },
      "equipment":{
        "7":{
          "refId":"expensive_shoes_01",
          "count":1,
          "charge":-1,
          "enchantmentCharge":-1
        },
        "8":{
          "refId":"common_shirt_02",
          "count":1,
          "charge":-1,
          "enchantmentCharge":-1
        },
        "9":{
          "refId":"expensive_pants_01",
          "count":1,
          "charge":-1,
          "enchantmentCharge":-1
        },
        "10":{
          "refId":"common_skirt_03",
          "count":1,
          "charge":-1,
          "enchantmentCharge":-1
        },
        "16":{
          "refId":"chitin war axe",
          "count":1,
          "charge":633,
          "enchantmentCharge":-1
        }
      },
      "inventory":[{
          "refId":"chitin_shield",
          "count":1,
          "charge":-1,
          "enchantmentCharge":-1,
          "soul":""
        },{
          "refId":"common_skirt_03",
          "count":1,
          "charge":-1,
          "enchantmentCharge":-1,
          "soul":""
        },{
          "refId":"common_shirt_02",
          "count":1,
          "charge":-1,
          "enchantmentCharge":-1,
          "soul":""
        },{
          "refId":"expensive_shoes_01",
          "count":1,
          "charge":-1,
          "enchantmentCharge":-1,
          "soul":""
        },{
          "refId":"expensive_pants_01",
          "count":1,
          "charge":-1,
          "enchantmentCharge":-1,
          "soul":""
        },{
          "refId":"chitin war axe",
          "count":1,
          "charge":633,
          "enchantmentCharge":-1,
          "soul":""
        }],
      "killer":{
        "playerName":"ZIR"
      },
      "spellsActive":[],
      "deathState":41
    },
    "274701-0":{
      "refId":"hinummu siddurnanit",
      "location":{
        "posX":-78405.9609375,
        "posZ":1467.1357421875,
        "posY":80636.453125,
        "rotX":0,
        "rotY":0,
        "rotZ":-2.3000004291534
      },
      "stats":{
        "healthCurrent":0,
        "magickaCurrent":0,
        "healthModified":84,
        "fatigueBase":227,
        "fatigueModified":227,
        "healthBase":84,
        "magickaModified":90,
        "magickaBase":90,
        "fatigueCurrent":222.41670227051
      },
      "equipment":{
        "7":{
          "refId":"expensive_shoes_01",
          "count":1,
          "charge":-1,
          "enchantmentCharge":-1
        },
        "8":{
          "refId":"common_shirt_01",
          "count":1,
          "charge":-1,
          "enchantmentCharge":-1
        },
        "16":{
          "refId":"chitin war axe",
          "count":1,
          "charge":-1,
          "enchantmentCharge":-1
        },
        "9":{
          "refId":"expensive_pants_01",
          "count":1,
          "charge":-1,
          "enchantmentCharge":-1
        }
      },
      "inventory":[{
          "refId":"chitin_shield",
          "count":1,
          "charge":-1,
          "enchantmentCharge":-1,
          "soul":""
        },{
          "refId":"common_shirt_01",
          "count":1,
          "charge":-1,
          "enchantmentCharge":-1,
          "soul":""
        },{
          "refId":"expensive_shoes_01",
          "count":1,
          "charge":-1,
          "enchantmentCharge":-1,
          "soul":""
        },{
          "refId":"expensive_pants_01",
          "count":1,
          "charge":-1,
          "enchantmentCharge":-1,
          "soul":""
        },{
          "refId":"chitin war axe",
          "count":1,
          "charge":-1,