{
  "packets":{
    "actorList":["0-2437","0-2436","0-2439","0-2435","0-2434","355370-0","0-2449"],
    "ai":[],
    "cellChangeFrom":[],
    "cellChangeTo":[],
    "container":["415725-0","415730-0","415738-0","415739-0","415740-0","419452-0","419469-0","419470-0","419484-0","419485-0","419490-0","472311-0","472312-0","472313-0","472314-0","472315-0","472316-0","472317-0","472318-0","472319-0","472320-0","472321-0","472322-0","472325-0","472329-0","472331-0","472332-0","355370-0","0-2437","0-2436","0-2439","0-2435","0-2434","0-2449"],
    "death":[],
    "delete":[],
    "doorState":[],
    "equipment":[],
    "lock":[],
    "place":[],
    "position":["355370-0","0-2434","0-2435","0-2436","0-2437","0-2439","0-2449"],
    "scale":[],
    "spawn":["0-2437","0-2436","0-2439","0-2435","0-2434","0-2449"],
    "state":[],
    "statsDynamic":["355370-0","0-2434","0-2435","0-2436","0-2437","0-2439"],
    "trap":[],
    "spellsActive":[],
    "miscellaneous":[],
    "clientScriptLocal":[]
  },
  "entry":{
    "creationTime":1697349722,
    "description":"-10, 8"
  },
  "lastVisit":{
    "ZIR":1697349867
  },
  "recordLinks":[],
  "objectData":{
    "0-2437":{
      "refId":"rat_blighted",
      "location":{
        "posX":-74457.2265625,
        "posZ":1670.052734375,
        "posY":69287.1015625,
        "rotX":0.15695658326149,
        "rotY":0,
        "rotZ":-2.4491579532623
      },
      "stats":{
        "healthCurrent":45,
        "magickaCurrent":10,
        "healthModified":45,
        "fatigueBase":78,
        "fatigueModified":78,
        "healthBase":45,
        "magickaModified":10,
        "magickaBase":10,
        "fatigueCurrent":78
      },
      "inventory":[{
          "refId":"ingred_rat_meat_01",
          "count":2,
          "charge":-1,
          "enchantmentCharge":-1,
          "soul":""
        }]
    },
    "415739-0":{
      "refId":"kollop_02_pearl",
      "inventory":[{
          "refId":"ingred_pearl_01",
          "count":1,
          "charge":-1,
          "enchantmentCharge":-1,
          "soul":""
        }]
    },
    "472320-0":{
      "refId":"flora_bittergreen_04",
      "inventory":[{
          "refId":"ingred_bittergreen_petals_01",
          "count":1,
          "charge":-1,
          "enchantmentCharge":-1,
          "soul":""
        }]
    },
    "419452-0":{
      "refId":"kollop_03_pearl",
      "inventory":[]
    },
    "472319-0":{
      "refId":"flora_bittergreen_03",
      "inventory":[{
          "refId":"ingred_bittergreen_petals_01",
          "count":3,
          "charge":-1,
          "enchantmentCharge":-1,
          "soul":""
        }]
    },
    "0-2436":{
      "refId":"scrib",
      "location":{
        "posX":-75435.34375,
        "posZ":1348.4324951172,
        "posY":72280.3125,
        "rotX":-0.12180263549089,
        "rotY":0,
        "rotZ":-3.1301109790802
      },
      "stats":{
        "healthCurrent":8,
        "magickaCurrent":12,
        "healthModified":8,
        "fatigueBase":300,
        "fatigueModified":300,
        "healthBase":8,
        "magickaModified":12,
        "magickaBase":12,
        "fatigueCurrent":300
      },
      "inventory":[]
    },
    "472315-0":{
      "refId":"flora_chokeweed_02",
      "inventory":[{
          "refId":"ingred_chokeweed_01",
          "count":1,
          "charge":-1,
          "enchantmentCharge":-1,
          "soul":""
        }]
    },
    "472322-0":{
      "refId":"flora_kreshweed_03",
      "inventory":[]
    },
    "472329-0":{
      "refId":"flora_kreshweed_03",
      "inventory":[{
          "refId":"ingred_kresh_fiber_01",
          "count":1,
          "charge":-1,
          "enchantmentCharge":-1,
          "soul":""
        }]
    },
    "415725-0":{
      "refId":"kollop_02_pearl",
      "inventory":[{
          "refId":"ingred_pearl_01",
          "count":1,
          "charge":-1,
          "enchantmentCharge":-1,
          "soul":""
        }]
    },
    "472325-0":{
      "refId":"flora_stoneflower_01",
      "inventory":[{
          "refId":"ingred_stoneflower_petals_01",
          "count":1,
          "charge":-1,
          "enchantmentCharge":-1,
          "soul":""
        }]
    },
    "419470-0":{
      "refId":"kollop_01_pearl",
      "inventory":[{
          "refId":"ingred_pearl_01",
          "count":1,
          "charge":-1,
          "enchantmentCharge":-1,
          "soul":""
        }]
    },
    "472332-0":{
      "refId":"flora_roobrush_02",
      "inventory":[{
          "refId":"ingred_roobrush_01",
          "count":1,
          "charge":-1,
          "enchantmentCharge":-1,
          "soul":""
        }]
    },
    "415738-0":{
      "refId":"kollop_03_pearl",
      "inventory":[{
          "refId":"ingred_pearl_01",
          "count":1,
          "charge":-1,
          "enchantmentCharge":-1,
          "soul":""
        }]
    },
    "419484-0":{
      "refId":"kollop_02_pearl",
      "inventory":[]
    },
    "0-2434":{
      "refId":"kwama forager",
      "location":{
        "posX":-76819.1953125,
        "posZ":961.90252685547,
        "posY":68734.5,
        "rotX":0.62695074081421,
        "rotY":0,
        "rotZ":-1.2965385913849
      },
      "stats":{
        "healthCurrent":23,
        "magickaCurrent":15,
        "healthModified":23,
        "fatigueBase":300,
        "fatigueModified":300,
        "healthBase":23,
        "magickaModified":15,
        "magickaBase":15,
        "fatigueCurrent":300
      },
      "inventory":[{
          "refId":"ingred_kwama_cuttle_01",
          "count":1,
          "charge":-1,
          "enchantmentCharge":-1,
          "soul":""
        }]
    },
    "355370-0":{
      "refId":"slaughterfish",
      "location":{
        "posX":-80292.6875,
        "posZ":-224.53038024902,
        "posY":65734.171875,
        "rotX":0,
        "rotY":0,
        "rotZ":-2.8885905742645
      },
      "stats":{
        "healthCurrent":23,
        "magickaCurrent":10,
        "healthModified":23,
        "fatigueBase":400,
        "fatigueModified":400,
        "healthBase":23,
        "magickaModified":10,
        "magickaBase":10,
        "fatigueCurrent":400
      },
      "inventory":[{
          "refId":"ingred_scales_01",
          "count":2,
          "charge":-1,
          "enchantmentCharge":-1,
          "soul":""
        }]
    },
    "419490-0":{
      "refId":"kollop_01_pearl",
      "inventory":[]
    },
    "0-2435":{
      "refId":"nix-hound",
      "location":{
        "posX":-79861.203125,
        "posZ":1185.3575439453,
        "posY":73110.4921875,
        "rotX":-0.080535903573036,
        "rotY":0,
        "rotZ":1.6730797290802
      },
      "stats":{
        "healthCurrent":23,
        "magickaCurrent":10,
        "healthModified":23,
        "fatigueBase":400,
        "fatigueModified":400,
        "healthBase":23,
        "magickaModified":10,
        "magickaBase":10,
        "fatigueCurrent":400
      },
      "inventory":[{
          "refId":"ingred_hound_meat_01",
          "count":1,
          "charge":-1,
          "enchantmentCharge":-1,
          "soul":""
        }]
    },
    "419469-0":{
      "refId":"kollop_03_pearl",
      "inventory":[]
    },
    "472313-0":{
      "refId":"flora_kreshweed_03",
      "inventory":[{
          "refId":"ingred_kresh_fiber_01",
          "count":1,
          "charge":-1,
          "enchantmentCharge":-1,
          "soul":""
        }]
    },
    "472318-0":{
      "refId":"flora_bittergreen_02",
      "inventory":[{
          "refId":"ingred_bittergreen_petals_01",
          "count":1,
          "charge":-1,
          "enchantmentCharge":-1,
          "soul":""
        }]
    },
    "415730-0":{
      "refId":"kollop_03_pearl",
      "inventory":[]
    },
    "472314-0":{
      "refId":"flora_chokeweed_02",
      "inventory":[{
          "refId":"ingred_chokeweed_01",
          "count":1,
          "charge":-1,
          "enchantmentCharge":-1,
          "soul":""
        }]
    },