{
  "packets":{
    "actorList":["0-2447","0-2444","0-2448","0-2445","0-2446","0-2450","355381-0"],
    "ai":[],
    "cellChangeFrom":[],
    "cellChangeTo":[],
    "container":["415907-0","415931-0","415932-0","415944-0","415877-0","415878-0","416063-0","416064-0","415960-0","472419-0","472420-0","472426-0","472427-0","472428-0","472429-0","472430-0","472431-0","472432-0","472433-0","355381-0","0-2447","0-2444","0-2448","0-2445","0-2446","0-2450"],
    "death":[],
    "delete":[],
    "doorState":[],
    "equipment":[],
    "lock":[],
    "place":[],
    "position":["355381-0","0-2444","0-2445","0-2446","0-2447","0-2448","0-2450"],
    "scale":[],
    "spawn":["0-2447","0-2444","0-2448","0-2445","0-2446","0-2450"],
    "state":[],
    "statsDynamic":["355381-0","0-2444","0-2445","0-2446","0-2447","0-2448","0-2450"],
    "trap":[],
    "spellsActive":[],
    "miscellaneous":[],
    "clientScriptLocal":[]
  },
  "entry":{
    "creationTime":1697349722,
    "description":"-11, 8"
  },
  "lastVisit":{
    "ZIR":1697349867
  },
  "recordLinks":[],
  "objectData":{
    "415878-0":{
      "refId":"kollop_01_pearl",
      "inventory":[{
          "refId":"ingred_pearl_01",
          "count":1,
          "charge":-1,
          "enchantmentCharge":-1,
          "soul":""
        }]
    },
    "472420-0":{
      "refId":"flora_muckspunge_05",
      "inventory":[{
          "refId":"ingred_muck_01",
          "count":1,
          "charge":-1,
          "enchantmentCharge":-1,
          "soul":""
        }]
    },
    "472429-0":{
      "refId":"flora_muckspunge_04",
      "inventory":[{
          "refId":"ingred_muck_01",
          "count":1,
          "charge":-1,
          "enchantmentCharge":-1,
          "soul":""
        }]
    },
    "0-2450":{
      "refId":"slaughterfish_small",
      "location":{
        "posX":-89540.625,
        "posZ":-478.96017456055,
        "posY":69050.90625,
        "rotX":0.0029073478654027,
        "rotY":0,
        "rotZ":-0.78021955490112
      },
      "stats":{
        "healthCurrent":15,
        "magickaCurrent":10,
        "healthModified":15,
        "fatigueBase":300,
        "fatigueModified":300,
        "healthBase":15,
        "magickaModified":10,
        "magickaBase":10,
        "fatigueCurrent":300
      },
      "inventory":[{
          "refId":"ingred_scales_01",
          "count":1,
          "charge":-1,
          "enchantmentCharge":-1,
          "soul":""
        }]
    },
    "0-2446":{
      "refId":"dreugh",
      "location":{
        "posX":-84393.296875,
        "posZ":-305.45269775391,
        "posY":69043.5234375,
        "rotX":0,
        "rotY":0,
        "rotZ":0.36278629302979
      },
      "stats":{
        "healthCurrent":60,
        "magickaCurrent":75,
        "healthModified":60,
        "fatigueBase":400,
        "fatigueModified":400,
        "healthBase":60,
        "magickaModified":75,
        "magickaBase":75,
        "fatigueCurrent":400
      },
      "inventory":[{
          "refId":"ingred_dreugh_wax_01",
          "count":1,
          "charge":-1,
          "enchantmentCharge":-1,
          "soul":""
        }]
    },
    "472430-0":{
      "refId":"flora_kreshweed_01",
      "inventory":[{
          "refId":"ingred_kresh_fiber_01",
          "count":1,
          "charge":-1,
          "enchantmentCharge":-1,
          "soul":""
        }]
    },
    "472419-0":{
      "refId":"flora_muckspunge_06",
      "inventory":[{
          "refId":"ingred_muck_01",
          "count":1,
          "charge":-1,
          "enchantmentCharge":-1,
          "soul":""
        }]
    },
    "472432-0":{
      "refId":"flora_kreshweed_01",
      "inventory":[{
          "refId":"ingred_kresh_fiber_01",
          "count":1,
          "charge":-1,
          "enchantmentCharge":-1,
          "soul":""
        }]
    },
    "415932-0":{
      "refId":"kollop_02_pearl",
      "inventory":[]
    },
    "472427-0":{
      "refId":"flora_muckspunge_02",
      "inventory":[]
    },
    "472426-0":{
      "refId":"flora_muckspunge_01",
      "inventory":[{
          "refId":"ingred_muck_01",
          "count":1,
          "charge":-1,
          "enchantmentCharge":-1,
          "soul":""
        }]
    },
    "0-2445":{
      "refId":"slaughterfish",
      "location":{
        "posX":-83777.3203125,
        "posZ":-157.69018554688,
        "posY":70887.1484375,
        "rotX":0,
        "rotY":0,
        "rotZ":2.2822940349579
      },
      "stats":{
        "healthCurrent":23,
        "magickaCurrent":10,
        "healthModified":23,
        "fatigueBase":400,
        "fatigueModified":400,
        "healthBase":23,
        "magickaModified":10,
        "magickaBase":10,
        "fatigueCurrent":400
      },
      "inventory":[{
          "refId":"ingred_scales_01",
          "count":2,
          "charge":-1,
          "enchantmentCharge":-1,
          "soul":""
        }]
    },
    "472428-0":{
      "refId":"flora_muckspunge_03",
      "inventory":[]
    },
    "416063-0":{
      "refId":"kollop_02_pearl",
      "inventory":[{
          "refId":"ingred_pearl_01",
          "count":1,
          "charge":-1,
          "enchantmentCharge":-1,
          "soul":""
        }]
    },
    "415960-0":{
      "refId":"kollop_03_pearl",
      "inventory":[]
    },
    "355381-0":{
      "refId":"slaughterfish",
      "location":{
        "posX":-89620.3515625,
        "posZ":-586.48986816406,
        "posY":68294.34375,
        "rotX":-0.0032918928191066,
        "rotY":0,
        "rotZ":-0.39550018310547
      },
      "stats":{
        "healthCurrent":23,
        "magickaCurrent":10,
        "healthModified":23,
        "fatigueBase":400,
        "fatigueModified":400,
        "healthBase":23,
        "magickaModified":10,
        "magickaBase":10,
        "fatigueCurrent":400
      },
      "inventory":[{
          "refId":"ingred_scales_01",
          "count":2,
          "charge":-1,
          "enchantmentCharge":-1,
          "soul":""
        }]
    },
    "472433-0":{
      "refId":"flora_kreshweed_02",
      "inventory":[{
          "refId":"ingred_kresh_fiber_01",
          "count":1,
          "charge":-1,
          "enchantmentCharge":-1,
          "soul":""
        }]
    },
    "415931-0":{
      "refId":"kollop_02_pearl",
      "inventory":[]
    },
    "0-2447":{
      "refId":"dreugh",
      "location":{
        "posX":-82667.265625,
        "posZ":-147.76159667969,
        "posY":65732.4765625,
        "rotX":0,
        "rotY":0,
        "rotZ":2.0915548801422
      },
      "stats":{
        "healthCurrent":60,
        "magickaCurrent":75,
        "healthModified":60,
        "fatigueBase":400,
        "fatigueModified":400,
        "healthBase":60,
        "magickaModified":75,
        "magickaBase":75,
        "fatigueCurrent":400
      },
      "inventory":[{
          "refId":"ingred_dreugh_wax_01",
          "count":1,
          "charge":-1,
          "enchantmentCharge":-1,
          "soul":""
        }]
    },
    "472431-0":{
      "refId":"flora_kreshweed_03",
      "inventory":[]
    },
    "0-2444":{
      "refId":"netch_bull",
      "location":{
        "posX":-85926.9140625,
        "posZ":248.04191589355,
        "posY":70348.9453125,
        "rotX":0.0043354723602533,
        "rotY":0,
        "rotZ":1.1649572849274
      },
      "stats":{
        "healthCurrent":45,
        "magickaCurrent":100,
        "healthModified":45,
        "fatigueBase":400,
        "fatigueModified":400,
        "healthBase":45,
        "magickaModified":100,
        "magickaBase":100,
        "fatigueCurrent":400
      },
      "inventory":[{
          "refId":"ingred_netch_leather_01",
          "count":1,
          "charge":-1,
          "enchantmentCharge":-1,
          "soul":""
        }]
    },
    "0-2448":{
      "refId":"netch_bull",
      "location":{
        "posX":-82843.0546875,
        "posZ":338.55932617188,
        "posY":68621.265625,
        "rotX":0.00068928301334381,