{
  "packets":{
    "actorList":["261838-0","323335-0","323336-0","0-529"],
    "ai":[],
    "cellChangeFrom":[],
    "cellChangeTo":[],
    "container":["24132-0","24133-0","25527-0","472454-0","472455-0","472456-0","472457-0","472458-0","472459-0","472461-0","472462-0","472463-0","472468-0","472469-0","472470-0","261838-0","323335-0","323336-0","0-529"],
    "death":["0-529","323336-0","323335-0"],
    "delete":["323337-0"],
    "doorState":[],
    "equipment":["261838-0","323335-0","323336-0"],
    "lock":[],
    "place":[],
    "position":["261838-0","323335-0","323336-0","0-529"],
    "scale":[],
    "spawn":["0-529"],
    "state":[],
    "statsDynamic":["261838-0","323335-0","323336-0","0-529"],
    "trap":[],
    "spellsActive":[],
    "miscellaneous":["261838-0","323335-0","323336-0"],
    "clientScriptLocal":[]
  },
  "entry":{
    "creationTime":1696176629,
    "description":"-12, 13"
  },
  "lastVisit":{
    "ZIR":1697355794,
    "Violetta":1696521507
  },
  "recordLinks":[],
  "objectData":{
    "472454-0":{
      "refId":"flora_kreshweed_01",
      "inventory":[{
          "refId":"ingred_kresh_fiber_01",
          "count":1,
          "charge":-1,
          "enchantmentCharge":-1,
          "soul":""
        }]
    },
    "472461-0":{
      "refId":"flora_stoneflower_01",
      "inventory":[]
    },
    "472459-0":{
      "refId":"flora_kreshweed_01",
      "inventory":[{
          "refId":"ingred_kresh_fiber_01",
          "count":1,
          "charge":-1,
          "enchantmentCharge":-1,
          "soul":""
        }]
    },
    "323336-0":{
      "refId":"synette jeline",
      "location":{
        "posX":-96135.3203125,
        "posZ":-114.94960021973,
        "posY":114482.9921875,
        "rotX":0,
        "rotY":0,
        "rotZ":3.5831854343414
      },
      "stats":{
        "healthCurrent":0,
        "magickaCurrent":122,
        "healthModified":61,
        "fatigueBase":202,
        "fatigueModified":202,
        "healthBase":61,
        "magickaModified":122,
        "magickaBase":122,
        "fatigueCurrent":199.95152282715
      },
      "equipment":{
        "7":{
          "refId":"common_shoes_01",
          "count":1,
          "charge":-1,
          "enchantmentCharge":-1
        },
        "8":{
          "refId":"common_shirt_01",
          "count":1,
          "charge":-1,
          "enchantmentCharge":-1
        },
        "10":{
          "refId":"common_skirt_05",
          "count":1,
          "charge":-1,
          "enchantmentCharge":-1
        },
        "15":{
          "refId":"common_belt_01",
          "count":1,
          "charge":-1,
          "enchantmentCharge":-1
        }
      },
      "inventory":[{
          "refId":"common_skirt_05",
          "count":1,
          "charge":-1,
          "enchantmentCharge":-1,
          "soul":""
        },{
          "refId":"common_belt_01",
          "count":1,
          "charge":-1,
          "enchantmentCharge":-1,
          "soul":""
        },{
          "refId":"common_shirt_01",
          "count":1,
          "charge":-1,
          "enchantmentCharge":-1,
          "soul":""
        },{
          "refId":"common_shoes_01",
          "count":1,
          "charge":-1,
          "enchantmentCharge":-1,
          "soul":""
        }],
      "deathState":43,
      "lastGoldRestockHour":1.3742647171021,
      "goldPool":0,
      "killer":{
        "playerName":"Violetta"
      },
      "lastGoldRestockDay":19
    },
    "25527-0":{
      "refId":"flora_chokeweed_02",
      "inventory":[{
          "refId":"ingred_chokeweed_01",
          "count":1,
          "charge":-1,
          "enchantmentCharge":-1,
          "soul":""
        }]
    },
    "24133-0":{
      "refId":"flora_chokeweed_02",
      "inventory":[]
    },
    "472455-0":{
      "refId":"flora_kreshweed_02",
      "inventory":[]
    },
    "472457-0":{
      "refId":"flora_chokeweed_02",
      "inventory":[]
    },
    "323335-0":{
      "refId":"tavynu tedran",
      "location":{
        "posX":-95838.1875,
        "posZ":181.27857971191,
        "posY":114097.03125,
        "rotX":0,
        "rotY":0,
        "rotZ":1.3336266279221
      },
      "stats":{
        "healthCurrent":0,
        "magickaCurrent":40,
        "healthModified":97,
        "fatigueBase":241,
        "fatigueModified":241,
        "healthBase":97,
        "magickaModified":40,
        "magickaBase":40,
        "fatigueCurrent":236.13539123535
      },
      "equipment":{
        "0":{
          "refId":"chitin helm",
          "count":1,
          "charge":99,
          "enchantmentCharge":-1
        },
        "1":{
          "refId":"chitin cuirass",
          "count":1,
          "charge":278,
          "enchantmentCharge":-1
        },
        "2":{
          "refId":"chitin greaves",
          "count":1,
          "charge":93,
          "enchantmentCharge":-1
        },
        "5":{
          "refId":"chitin guantlet - left",
          "count":1,
          "charge":48,
          "enchantmentCharge":-1
        },
        "6":{
          "refId":"chitin guantlet - right",
          "count":1,
          "charge":48,
          "enchantmentCharge":-1
        },
        "7":{
          "refId":"chitin boots",
          "count":1,
          "charge":-1,
          "enchantmentCharge":-1
        },
        "16":{
          "refId":"chitin short bow",
          "count":1,
          "charge":475,
          "enchantmentCharge":-1
        },
        "18":{
          "refId":"iron arrow",
          "count":15,
          "charge":-1,
          "enchantmentCharge":-1
        }
      },
      "inventory":[{
          "refId":"chitin guantlet - right",
          "count":1,
          "charge":48,
          "enchantmentCharge":-1,
          "soul":""
        },{
          "refId":"chitin guantlet - left",
          "count":1,
          "charge":48,
          "enchantmentCharge":-1,
          "soul":""
        },{
          "refId":"chitin boots",
          "count":1,
          "charge":-1,
          "enchantmentCharge":-1,
          "soul":""
        },{
          "refId":"chitin greaves",
          "count":1,
          "charge":93,
          "enchantmentCharge":-1,
          "soul":""
        },{
          "refId":"chitin cuirass",
          "count":1,
          "charge":278,
          "enchantmentCharge":-1,
          "soul":""
        },{
          "refId":"chitin helm",
          "count":1,
          "charge":99,
          "enchantmentCharge":-1,
          "soul":""
        },{
          "refId":"iron arrow",
          "count":15,
          "charge":-1,
          "enchantmentCharge":-1,
          "soul":""
        },{
          "refId":"chitin short bow",
          "count":1,
          "charge":475,
          "enchantmentCharge":-1,
          "soul":""
        },{
          "refId":"iron longsword",
          "count":1,
          "charge":787,
          "enchantmentCharge":-1,
          "soul":""
        }],
      "deathState":42,
      "lastGoldRestockDay":11,
      "lastGoldRestockHour":1.8110115528107,
      "killer":{
        "playerName":"Violetta"
      },
      "spellsActive":[],
      "goldPool":0
    },
    "472456-0":{
      "refId":"flora_roobrush_02",
      "inventory":[{
          "refId":"ingred_roobrush_01",
          "count":1,
          "charge":-1,
          "enchantmentCharge":-1,
          "soul":""
        }]
    },
    "0-529":{
      "refId":"kagouti_diseased",
      "location":{
        "posX":-93261.0703125,
        "posZ":2576.8134765625,
        "posY":106971.59375,
        "rotX":0.25808319449425,
        "rotY":0,
        "rotZ":-0.42772817611694
      },
      "stats":{
        "healthCurrent":0,
        "magickaCurrent":10,
        "healthModified":45,
        "fatigueBase":282,
        "fatigueModified":282,
        "healthBase":45,
        "magickaModified":10,
        "magickaBase":10,
        "fatigueCurrent":282
      },
      "inventory":[],
      "spellsActive":[],