{
  "packets":{
    "actorList":["0-1121","0-1119","0-1123","0-1122","0-1125","389602-0","225448-0","389603-0","0-1124","0-1120"],
    "ai":[],
    "cellChangeFrom":[],
    "cellChangeTo":[],
    "container":["225474-0","377533-0","377534-0","377548-0","377550-0","377556-0","377582-0","225448-0","389602-0","389603-0","0-1121","0-1119","0-1123","0-1122","0-1125","0-1124","0-1120"],
    "death":[],
    "delete":[],
    "doorState":[],
    "equipment":[],
    "lock":[],
    "place":[],
    "position":["225448-0","389602-0","389603-0","0-1119","0-1121","0-1122","0-1123","0-1125","0-1124","0-1120"],
    "scale":[],
    "spawn":["0-1121","0-1119","0-1124","0-1120","0-1123","0-1122","0-1125"],
    "state":[],
    "statsDynamic":["225448-0","389602-0","389603-0","0-1119","0-1121","0-1122","0-1123","0-1125","0-1124","0-1120"],
    "trap":[],
    "spellsActive":[],
    "miscellaneous":[],
    "clientScriptLocal":[]
  },
  "entry":{
    "creationTime":1696521248,
    "description":"-13, 15"
  },
  "lastVisit":{
    "Violetta":1696521507,
    "ZIR":1696521506
  },
  "recordLinks":[],
  "objectData":{
    "0-1125":{
      "refId":"slaughterfish",
      "location":{
        "posX":-105283.890625,
        "posZ":-865.01239013672,
        "posY":126003.2421875,
        "rotX":0.0081092547625303,
        "rotY":0,
        "rotZ":2.222868680954
      },
      "stats":{
        "healthCurrent":23,
        "magickaCurrent":10,
        "healthModified":23,
        "fatigueBase":400,
        "fatigueModified":400,
        "healthBase":23,
        "magickaModified":10,
        "magickaBase":10,
        "fatigueCurrent":400
      },
      "inventory":[{
          "refId":"ingred_scales_01",
          "count":2,
          "charge":-1,
          "enchantmentCharge":-1,
          "soul":""
        }]
    },
    "0-1124":{
      "refId":"dreugh",
      "location":{
        "posX":-103255.453125,
        "posZ":-348.02749633789,
        "posY":123038.21875,
        "rotX":0.00014112703502178,
        "rotY":0,
        "rotZ":0.46233820915222
      },
      "stats":{
        "healthCurrent":60,
        "magickaCurrent":75,
        "healthModified":60,
        "fatigueBase":400,
        "fatigueModified":400,
        "healthBase":60,
        "magickaModified":75,
        "magickaBase":75,
        "fatigueCurrent":399.95803833008
      },
      "inventory":[{
          "refId":"ingred_dreugh_wax_01",
          "count":1,
          "charge":-1,
          "enchantmentCharge":-1,
          "soul":""
        }]
    },
    "0-1123":{
      "refId":"dreugh",
      "location":{
        "posX":-104843.5078125,
        "posZ":-1206.1362304688,
        "posY":128150.5390625,
        "rotX":0.004501860588789,
        "rotY":0,
        "rotZ":-2.6243898868561
      },
      "stats":{
        "healthCurrent":60,
        "magickaCurrent":75,
        "healthModified":60,
        "fatigueBase":400,
        "fatigueModified":400,
        "healthBase":60,
        "magickaModified":75,
        "magickaBase":75,
        "fatigueCurrent":399.95803833008
      },
      "inventory":[{
          "refId":"ingred_dreugh_wax_01",
          "count":1,
          "charge":-1,
          "enchantmentCharge":-1,
          "soul":""
        }]
    },
    "0-1122":{
      "refId":"slaughterfish",
      "location":{
        "posX":-103232.8671875,
        "posZ":-1548.3504638672,
        "posY":125850.6953125,
        "rotX":-0.0079378765076399,
        "rotY":0,
        "rotZ":-2.4187729358673
      },
      "stats":{
        "healthCurrent":23,
        "magickaCurrent":10,
        "healthModified":23,
        "fatigueBase":400,
        "fatigueModified":400,
        "healthBase":23,
        "magickaModified":10,
        "magickaBase":10,
        "fatigueCurrent":400
      },
      "inventory":[{
          "refId":"ingred_scales_01",
          "count":2,
          "charge":-1,
          "enchantmentCharge":-1,
          "soul":""
        }]
    },
    "389603-0":{
      "refId":"mudcrab",
      "location":{
        "posX":-101335.1640625,
        "posZ":-908.998046875,
        "posY":123407.984375,
        "rotX":0,
        "rotY":0,
        "rotZ":0
      },
      "stats":{
        "healthCurrent":15,
        "magickaCurrent":5,
        "healthModified":15,
        "fatigueBase":400,
        "fatigueModified":400,
        "healthBase":15,
        "magickaModified":5,
        "magickaBase":5,
        "fatigueCurrent":400
      },
      "inventory":[{
          "refId":"ingred_crab_meat_01",
          "count":1,
          "charge":-1,
          "enchantmentCharge":-1,
          "soul":""
        }]
    },
    "0-1119":{
      "refId":"dreugh",
      "location":{
        "posX":-101074.4375,
        "posZ":-1352.5537109375,
        "posY":125361,
        "rotX":-0.0093696732074022,
        "rotY":0,
        "rotZ":-0.42064118385315
      },
      "stats":{
        "healthCurrent":60,
        "magickaCurrent":75,
        "healthModified":60,
        "fatigueBase":400,
        "fatigueModified":400,
        "healthBase":60,
        "magickaModified":75,
        "magickaBase":75,
        "fatigueCurrent":400
      },
      "inventory":[{
          "refId":"ingred_dreugh_wax_01",
          "count":1,
          "charge":-1,
          "enchantmentCharge":-1,
          "soul":""
        }]
    },
    "225474-0":{
      "refId":"kollop_02_pearl",
      "inventory":[{
          "refId":"ingred_pearl_01",
          "count":1,
          "charge":-1,
          "enchantmentCharge":-1,
          "soul":""
        }]
    },
    "377582-0":{
      "refId":"kollop_02_pearl",
      "inventory":[]
    },
    "377534-0":{
      "refId":"kollop_03_pearl",
      "inventory":[]
    },
    "0-1121":{
      "refId":"slaughterfish",
      "location":{
        "posX":-98792.421875,
        "posZ":-1380.0283203125,
        "posY":124992.96875,
        "rotX":0,
        "rotY":0,
        "rotZ":1.5668714046478
      },
      "stats":{
        "healthCurrent":23,
        "magickaCurrent":10,
        "healthModified":23,
        "fatigueBase":400,
        "fatigueModified":400,
        "healthBase":23,
        "magickaModified":10,
        "magickaBase":10,
        "fatigueCurrent":400
      },
      "inventory":[{
          "refId":"ingred_scales_01",
          "count":2,
          "charge":-1,
          "enchantmentCharge":-1,
          "soul":""
        }]
    },
    "377548-0":{
      "refId":"kollop_02_pearl",
      "inventory":[]
    },
    "0-1120":{
      "refId":"slaughterfish_small",
      "location":{
        "posX":-99025.7421875,
        "posZ":-1622.2329101563,
        "posY":127957.703125,
        "rotX":0.0046620788052678,
        "rotY":0,
        "rotZ":-2.0313909053802
      },
      "stats":{
        "healthCurrent":15,
        "magickaCurrent":10,
        "healthModified":15,
        "fatigueBase":300,
        "fatigueModified":300,
        "healthBase":15,
        "magickaModified":10,
        "magickaBase":10,
        "fatigueCurrent":299.95803833008
      },
      "inventory":[]
    },
    "377533-0":{
      "refId":"kollop_01_pearl",
      "inventory":[{
          "refId":"ingred_pearl_01",
          "count":1,
          "charge":-1,
          "enchantmentCharge":-1,
          "soul":""
        }]
    },
    "377556-0":{
      "refId":"kollop_01_pearl",
      "inventory":[{
          "refId":"ingred_pearl_01",
          "count":1,
          "charge":-1,
          "enchantmentCharge":-1,
          "soul":""
        }]
    },
    "377550-0":{
      "refId":"kollop_01_pearl",
      "inventory":[]
    },
    "389602-0":{
      "refId":"mudcrab",
      "location":{
        "posX":-102888.28125,
        "posZ":-812.654296875,
        "posY":123125.15625,
        "rotX":0,
        "rotY":0,
        "rotZ":3.9831852912903
      },
      "stats":{
        "healthCurrent":15,
        "magickaCurrent":5,
        "healthModified":15,
        "fatigueBase":400,
        "fatigueModified":400,
        "healthBase":15,