{
  "packets":{
    "actorList":["0-1","297840-0"],
    "ai":[],
    "cellChangeFrom":[],
    "cellChangeTo":[],
    "container":["266400-0","266401-0","266402-0","266404-0","266412-0","266413-0","266414-0","266415-0","266431-0","266432-0","266433-0","266435-0","266436-0","266437-0","266460-0","266461-0","266462-0","266491-0","266492-0","266589-0","266590-0","266591-0","266594-0","266600-0","266620-0","266621-0","266622-0","266634-0","266635-0","266638-0","266639-0","266640-0","266645-0","266647-0","266648-0","266649-0","266692-0","266694-0","266696-0","266697-0","266700-0","266701-0","297840-0","0-1"],
    "death":[],
    "delete":[],
    "doorState":[],
    "equipment":["297840-0"],
    "lock":[],
    "place":[],
    "position":["297840-0","0-1"],
    "scale":[],
    "spawn":["0-1"],
    "state":[],
    "statsDynamic":["297840-0","0-1"],
    "trap":[],
    "spellsActive":[],
    "miscellaneous":[],
    "clientScriptLocal":[]
  },
  "entry":{
    "creationTime":1696087814,
    "description":"-2, -8"
  },
  "lastVisit":{
    "МшVioletta":1696088571,
    "ZIR":1697224926,
    "Adamast":1697226568,
    "Violetta":1697455257
  },
  "recordLinks":[],
  "objectData":{
    "266415-0":{
      "refId":"flora_bc_mushroom_07",
      "inventory":[{
          "refId":"ingred_coprinus_01",
          "count":1,
          "charge":-1,
          "enchantmentCharge":-1,
          "soul":""
        }]
    },
    "266404-0":{
      "refId":"flora_bc_mushroom_06",
      "inventory":[{
          "refId":"ingred_coprinus_01",
          "count":1,
          "charge":-1,
          "enchantmentCharge":-1,
          "soul":""
        }]
    },
    "0-1":{
      "refId":"mudcrab",
      "location":{
        "posX":-11279.08203125,
        "posZ":1199.3455810547,
        "posY":-57543.85546875,
        "rotX":0.17402389645576,
        "rotY":0,
        "rotZ":-0.20236825942993
      },
      "stats":{
        "healthCurrent":15,
        "magickaCurrent":5,
        "healthModified":15,
        "fatigueBase":400,
        "fatigueModified":400,
        "healthBase":15,
        "magickaModified":5,
        "magickaBase":5,
        "fatigueCurrent":400
      },
      "inventory":[{
          "refId":"ingred_crab_meat_01",
          "count":2,
          "charge":-1,
          "enchantmentCharge":-1,
          "soul":""
        }]
    },
    "266436-0":{
      "refId":"flora_bc_podplant_01",
      "inventory":[{
          "refId":"ingred_bc_ampoule_pod",
          "count":1,
          "charge":-1,
          "enchantmentCharge":-1,
          "soul":""
        }]
    },
    "266492-0":{
      "refId":"flora_bc_podplant_01",
      "inventory":[]
    },
    "266435-0":{
      "refId":"flora_bc_mushroom_06",
      "inventory":[{
          "refId":"ingred_coprinus_01",
          "count":1,
          "charge":-1,
          "enchantmentCharge":-1,
          "soul":""
        }]
    },
    "266696-0":{
      "refId":"flora_bc_mushroom_04",
      "inventory":[{
          "refId":"ingred_russula_01",
          "count":2,
          "charge":-1,
          "enchantmentCharge":-1,
          "soul":""
        }]
    },
    "266645-0":{
      "refId":"flora_bc_fern_01",
      "inventory":[{
          "refId":"ingred_bc_spore_pod",
          "count":3,
          "charge":-1,
          "enchantmentCharge":-1,
          "soul":""
        }]
    },
    "266701-0":{
      "refId":"flora_bc_mushroom_08",
      "inventory":[{
          "refId":"ingred_coprinus_01",
          "count":2,
          "charge":-1,
          "enchantmentCharge":-1,
          "soul":""
        }]
    },
    "266460-0":{
      "refId":"flora_bc_podplant_03",
      "inventory":[{
          "refId":"ingred_bc_coda_flower",
          "count":1,
          "charge":-1,
          "enchantmentCharge":-1,
          "soul":""
        }]
    },
    "266635-0":{
      "refId":"flora_bc_shelffungus_04",
      "inventory":[]
    },
    "266700-0":{
      "refId":"flora_bc_mushroom_08",
      "inventory":[{
          "refId":"ingred_coprinus_01",
          "count":2,
          "charge":-1,
          "enchantmentCharge":-1,
          "soul":""
        }]
    },
    "266594-0":{
      "refId":"flora_bc_mushroom_04",
      "inventory":[{
          "refId":"ingred_russula_01",
          "count":2,
          "charge":-1,
          "enchantmentCharge":-1,
          "soul":""
        }]
    },
    "266412-0":{
      "refId":"flora_bc_podplant_01",
      "inventory":[{
          "refId":"ingred_bc_ampoule_pod",
          "count":1,
          "charge":-1,
          "enchantmentCharge":-1,
          "soul":""
        }]
    },
    "266437-0":{
      "refId":"flora_bc_podplant_03",
      "inventory":[{
          "refId":"ingred_bc_coda_flower",
          "count":1,
          "charge":-1,
          "enchantmentCharge":-1,
          "soul":""
        }]
    },
    "266432-0":{
      "refId":"flora_bc_mushroom_06",
      "inventory":[{
          "refId":"ingred_coprinus_01",
          "count":1,
          "charge":-1,
          "enchantmentCharge":-1,
          "soul":""
        }]
    },
    "266694-0":{
      "refId":"flora_bc_mushroom_01",
      "inventory":[{
          "refId":"ingred_russula_01",
          "count":1,
          "charge":-1,
          "enchantmentCharge":-1,
          "soul":""
        }]
    },
    "266638-0":{
      "refId":"flora_bc_mushroom_08",
      "inventory":[{
          "refId":"ingred_coprinus_01",
          "count":2,
          "charge":-1,
          "enchantmentCharge":-1,
          "soul":""
        }]
    },
    "266414-0":{
      "refId":"flora_bc_mushroom_07",
      "inventory":[{
          "refId":"ingred_coprinus_01",
          "count":1,
          "charge":-1,
          "enchantmentCharge":-1,
          "soul":""
        }]
    },
    "266692-0":{
      "refId":"flora_bc_mushroom_02",
      "inventory":[{
          "refId":"ingred_russula_01",
          "count":2,
          "charge":-1,
          "enchantmentCharge":-1,
          "soul":""
        }]
    },
    "266621-0":{
      "refId":"flora_bc_mushroom_05",
      "inventory":[{
          "refId":"ingred_russula_01",
          "count":1,
          "charge":-1,
          "enchantmentCharge":-1,
          "soul":""
        }]
    },
    "266648-0":{
      "refId":"flora_bc_mushroom_04",
      "inventory":[{
          "refId":"ingred_russula_01",
          "count":2,
          "charge":-1,
          "enchantmentCharge":-1,
          "soul":""
        }]
    },
    "266461-0":{
      "refId":"flora_bc_podplant_01",
      "inventory":[{
          "refId":"ingred_bc_ampoule_pod",
          "count":1,
          "charge":-1,
          "enchantmentCharge":-1,
          "soul":""
        }]
    },
    "266431-0":{
      "refId":"flora_bc_podplant_01",
      "inventory":[{
          "refId":"ingred_bc_ampoule_pod",
          "count":1,
          "charge":-1,
          "enchantmentCharge":-1,
          "soul":""
        }]
    },
    "266639-0":{
      "refId":"flora_bc_mushroom_08",
      "inventory":[{
          "refId":"ingred_coprinus_01",
          "count":2,
          "charge":-1,
          "enchantmentCharge":-1,
          "soul":""
        }]
    },
    "266413-0":{
      "refId":"flora_bc_podplant_03",
      "inventory":[]
    },
    "266591-0":{
      "refId":"flora_bc_shelffungus_02",
      "inventory":[{
          "refId":"ingred_bc_bungler's_bane",
          "count":1,
          "charge":-1,
          "enchantmentCharge":-1,
          "soul":""
        }]
    },
    "266462-0":{
      "refId":"flora_bc_podplant_01",
      "inventory":[{
          "refId":"ingred_bc_ampoule_pod",
          "count":1,
          "charge":-1,
          "enchantmentCharge":-1,
          "soul":""
        }]
    },
    "266590-0":{
      "refId":"flora_bc_shelffungus_02",
      "inventory":[{
          "refId":"ingred_bc_bungler's_bane",
          "count":1,
          "charge":-1,
          "enchantmentCharge":-1,
          "soul":""
        }]
    },