{
  "packets":{
    "actorList":["0-836","0-837","0-838","0-840","0-1458"],
    "ai":[],
    "cellChangeFrom":[],
    "cellChangeTo":["276644-0"],
    "container":["276646-0","276647-0","276648-0","0-1458","0-836","0-837","0-838","0-840"],
    "death":["0-840"],
    "delete":["276643-0"],
    "doorState":[],
    "equipment":[],
    "lock":[],
    "place":[],
    "position":["0-836","0-837","0-838","0-840","0-1458"],
    "scale":[],
    "spawn":["0-836","0-837","0-838","0-840","0-1458"],
    "state":[],
    "statsDynamic":["0-836","0-837","0-838","0-840","0-1458"],
    "trap":[],
    "spellsActive":[],
    "miscellaneous":[],
    "clientScriptLocal":[]
  },
  "entry":{
    "creationTime":1696442254,
    "description":"-2, 11"
  },
  "lastVisit":{
    "Violetta":1697455298,
    "Adamast":1697223403,
    "ZIR":1697455291
  },
  "recordLinks":[],
  "objectData":{
    "0-840":{
      "refId":"cliff racer",
      "location":{
        "posX":-15243.255859375,
        "posZ":2097.1755371094,
        "posY":98052.2265625,
        "rotX":0.73784440755844,
        "rotY":0,
        "rotZ":-1.2686574459076
      },
      "stats":{
        "healthCurrent":0,
        "magickaCurrent":20,
        "healthModified":45,
        "fatigueBase":400,
        "fatigueModified":400,
        "healthBase":45,
        "magickaModified":20,
        "magickaBase":20,
        "fatigueCurrent":400
      },
      "inventory":[{
          "refId":"ingred_racer_plumes_01",
          "count":1,
          "charge":-1,
          "enchantmentCharge":-1,
          "soul":""
        }],
      "killer":{
        "playerName":"ZIR"
      },
      "deathState":38
    },
    "276648-0":{
      "refId":"com_sack_01_ingred",
      "inventory":[]
    },
    "0-836":{
      "refId":"corprus_stalker",
      "location":{
        "posX":-10446.166015625,
        "posZ":4192.2055664063,
        "posY":92269.875,
        "rotX":-0.14559537172318,
        "rotY":0,
        "rotZ":-2.1713154315948
      },
      "stats":{
        "healthCurrent":60,
        "magickaCurrent":50,
        "healthModified":60,
        "fatigueBase":300,
        "fatigueModified":300,
        "healthBase":60,
        "magickaModified":50,
        "magickaBase":50,
        "fatigueCurrent":300
      },
      "inventory":[]
    },
    "0-1458":{
      "refId":"cliff racer",
      "location":{
        "posX":-8390.3740234375,
        "posZ":6527.111328125,
        "posY":90988.296875,
        "rotX":0.0006450992077589,
        "rotY":0,
        "rotZ":-0.1255669593811
      },
      "stats":{
        "healthCurrent":45,
        "magickaCurrent":20,
        "healthModified":45,
        "fatigueBase":400,
        "fatigueModified":400,
        "healthBase":45,
        "magickaModified":20,
        "magickaBase":20,
        "fatigueCurrent":400
      },
      "inventory":[]
    },
    "276646-0":{
      "refId":"de_p_chest_02_gold_25",
      "inventory":[]
    },
    "276647-0":{
      "refId":"com_sack_02_chpfood3",
      "inventory":[]
    },
    "276643-0":{
      "refId":"zanat assarnuridan"
    },
    "0-838":{
      "refId":"ash_slave",
      "location":{
        "posX":-10302.83984375,
        "posZ":3385.0004882813,
        "posY":93265.265625,
        "rotX":-0.071746543049812,
        "rotY":0,
        "rotZ":2.317887544632
      },
      "stats":{
        "healthCurrent":60,
        "magickaCurrent":160,
        "healthModified":60,
        "fatigueBase":343,
        "fatigueModified":343,
        "healthBase":60,
        "magickaModified":160,
        "magickaBase":160,
        "fatigueCurrent":343
      },
      "inventory":[]
    },
    "276644-0":{
      "cellChangeTo":"-2, 12"
    },
    "0-837":{
      "refId":"rat_blighted",
      "location":{
        "posX":-9286.3173828125,
        "posZ":4284.9975585938,
        "posY":94616.453125,
        "rotX":0.56670171022415,
        "rotY":0,
        "rotZ":-0.49674344062805
      },
      "stats":{
        "healthCurrent":45,
        "magickaCurrent":10,
        "healthModified":45,
        "fatigueBase":76,
        "fatigueModified":76,
        "healthBase":45,
        "magickaModified":10,
        "magickaBase":10,
        "fatigueCurrent":76
      },
      "inventory":[{
          "refId":"ingred_rat_meat_01",
          "count":2,
          "charge":-1,
          "enchantmentCharge":-1,
          "soul":""
        }]
    }
  },
  "loadState":{
    "hasFullContainerData":true,
    "hasFullActorList":true
  }
}