{
  "packets":{
    "actorList":["0-9","0-5","0-4","0-2","0-7","0-3","288981-0","0-8","0-22","0-6"],
    "ai":[],
    "cellChangeFrom":[],
    "cellChangeTo":[],
    "container":["248920-0","248921-0","248922-0","248924-0","248925-0","248941-0","248943-0","248945-0","248953-0","248954-0","248955-0","248958-0","248959-0","248960-0","248962-0","248968-0","248987-0","248988-0","248989-0","248990-0","248992-0","248993-0","248994-0","249002-0","249013-0","249014-0","249040-0","249041-0","249042-0","249050-0","249061-0","249062-0","249066-0","249067-0","249068-0","249069-0","249072-0","249073-0","249074-0","249075-0","249076-0","249077-0","463198-0","463204-0","249095-0","249094-0","249098-0","249097-0","249106-0","288981-0","0-9","0-5","0-4","0-2","0-7","0-3","0-8","0-22","0-6"],
    "death":[],
    "delete":[],
    "doorState":[],
    "equipment":["288981-0"],
    "lock":[],
    "place":[],
    "position":["288981-0","0-2","0-3","0-4","0-5","0-7","0-9","0-8","0-22","0-6"],
    "scale":[],
    "spawn":["0-9","0-5","0-4","0-2","0-7","0-3","0-8","0-22","0-6"],
    "state":[],
    "statsDynamic":["288981-0","0-2","0-3","0-4","0-5","0-7","0-9","0-8","0-22","0-6"],
    "trap":[],
    "spellsActive":[],
    "miscellaneous":[],
    "clientScriptLocal":[]
  },
  "entry":{
    "creationTime":1696087814,
    "description":"-3, -9"
  },
  "lastVisit":{
    "МшVioletta":1696088571,
    "ZIR":1697224930,
    "Adamast":1697226542,
    "Violetta":1697455257
  },
  "recordLinks":[],
  "objectData":{
    "0-22":{
      "refId":"slaughterfish_small",
      "location":{
        "posX":-18152.14453125,
        "posZ":-147.53092956543,
        "posY":-71598.3984375,
        "rotX":-3.1307339668274e-05,
        "rotY":0,
        "rotZ":1.7626502513885
      },
      "stats":{
        "healthCurrent":15,
        "magickaCurrent":10,
        "healthModified":15,
        "fatigueBase":300,
        "fatigueModified":300,
        "healthBase":15,
        "magickaModified":10,
        "magickaBase":10,
        "fatigueCurrent":300
      },
      "inventory":[{
          "refId":"ingred_scales_01",
          "count":1,
          "charge":-1,
          "enchantmentCharge":-1,
          "soul":""
        }]
    },
    "248941-0":{
      "refId":"flora_bc_mushroom_02",
      "inventory":[{
          "refId":"ingred_russula_01",
          "count":2,
          "charge":-1,
          "enchantmentCharge":-1,
          "soul":""
        }]
    },
    "248924-0":{
      "refId":"flora_bc_mushroom_04",
      "inventory":[{
          "refId":"ingred_russula_01",
          "count":1,
          "charge":-1,
          "enchantmentCharge":-1,
          "soul":""
        }]
    },
    "248955-0":{
      "refId":"flora_bc_mushroom_05",
      "inventory":[{
          "refId":"ingred_russula_01",
          "count":1,
          "charge":-1,
          "enchantmentCharge":-1,
          "soul":""
        }]
    },
    "249075-0":{
      "refId":"flora_bc_mushroom_08",
      "inventory":[{
          "refId":"ingred_coprinus_01",
          "count":2,
          "charge":-1,
          "enchantmentCharge":-1,
          "soul":""
        }]
    },
    "249095-0":{
      "refId":"flora_bc_shelffungus_02",
      "inventory":[{
          "refId":"ingred_bc_bungler's_bane",
          "count":1,
          "charge":-1,
          "enchantmentCharge":-1,
          "soul":""
        }]
    },
    "248994-0":{
      "refId":"flora_bc_mushroom_08",
      "inventory":[{
          "refId":"ingred_coprinus_01",
          "count":2,
          "charge":-1,
          "enchantmentCharge":-1,
          "soul":""
        }]
    },
    "0-6":{
      "refId":"slaughterfish_small",
      "location":{
        "posX":-16537.54296875,
        "posZ":-156.47666931152,
        "posY":-73025.3203125,
        "rotX":0,
        "rotY":0,
        "rotZ":0.92071080207825
      },
      "stats":{
        "healthCurrent":15,
        "magickaCurrent":10,
        "healthModified":15,
        "fatigueBase":300,
        "fatigueModified":300,
        "healthBase":15,
        "magickaModified":10,
        "magickaBase":10,
        "fatigueCurrent":300
      },
      "inventory":[{
          "refId":"ingred_scales_01",
          "count":1,
          "charge":-1,
          "enchantmentCharge":-1,
          "soul":""
        }]
    },
    "248960-0":{
      "refId":"flora_bc_mushroom_08",
      "inventory":[{
          "refId":"ingred_coprinus_01",
          "count":2,
          "charge":-1,
          "enchantmentCharge":-1,
          "soul":""
        }]
    },
    "0-3":{
      "refId":"slaughterfish",
      "location":{
        "posX":-21345.32421875,
        "posZ":-289.42721557617,
        "posY":-72272.9453125,
        "rotX":-0.00304473657161,
        "rotY":0,
        "rotZ":2.9360473155975
      },
      "stats":{
        "healthCurrent":23,
        "magickaCurrent":10,
        "healthModified":23,
        "fatigueBase":400,
        "fatigueModified":400,
        "healthBase":23,
        "magickaModified":10,
        "magickaBase":10,
        "fatigueCurrent":400
      },
      "inventory":[]
    },
    "249067-0":{
      "refId":"flora_bc_mushroom_04",
      "inventory":[{
          "refId":"ingred_russula_01",
          "count":2,
          "charge":-1,
          "enchantmentCharge":-1,
          "soul":""
        }]
    },
    "248992-0":{
      "refId":"flora_bc_mushroom_08",
      "inventory":[{
          "refId":"ingred_coprinus_01",
          "count":1,
          "charge":-1,
          "enchantmentCharge":-1,
          "soul":""
        }]
    },
    "248989-0":{
      "refId":"flora_bc_mushroom_02",
      "inventory":[{
          "refId":"ingred_russula_01",
          "count":1,
          "charge":-1,
          "enchantmentCharge":-1,
          "soul":""
        }]
    },
    "0-9":{
      "refId":"scrib",
      "location":{
        "posX":-19011.66015625,
        "posZ":127.50199127197,
        "posY":-67014.0078125,
        "rotX":0.013613138347864,
        "rotY":0,
        "rotZ":-1.6229822635651
      },
      "stats":{
        "healthCurrent":8,
        "magickaCurrent":12,
        "healthModified":8,
        "fatigueBase":300,
        "fatigueModified":300,
        "healthBase":8,
        "magickaModified":12,
        "magickaBase":12,
        "fatigueCurrent":300
      },
      "inventory":[]
    },
    "248922-0":{
      "refId":"flora_bc_mushroom_01",
      "inventory":[{
          "refId":"ingred_russula_01",
          "count":1,
          "charge":-1,
          "enchantmentCharge":-1,
          "soul":""
        }]
    },
    "248962-0":{
      "refId":"flora_hackle-lo_01",
      "inventory":[]
    },
    "248953-0":{
      "refId":"flora_bc_mushroom_01",
      "inventory":[{
          "refId":"ingred_russula_01",
          "count":1,
          "charge":-1,
          "enchantmentCharge":-1,
          "soul":""
        }]
    },
    "249106-0":{
      "refId":"flora_bc_mushroom_03",
      "inventory":[{
          "refId":"ingred_russula_01",
          "count":1,
          "charge":-1,
          "enchantmentCharge":-1,
          "soul":""
        }]
    },
    "249098-0":{
      "refId":"flora_bc_shelffungus_03",
      "inventory":[{
          "refId":"ingred_bc_hypha_facia",
          "count":1,
          "charge":-1,
          "enchantmentCharge":-1,
          "soul":""
        }]
    },
    "249002-0":{
      "refId":"flora_bc_fern_01",
      "inventory":[{
          "refId":"ingred_bc_spore_pod",
          "count":3,
          "charge":-1,
          "enchantmentCharge":-1,
          "soul":""
        }]
    },
    "248945-0":{
      "refId":"flora_bc_mushroom_04",
      "inventory":[{
          "refId":"ingred_russula_01",
          "count":2,
          "charge":-1,
          "enchantmentCharge":-1,
          "soul":""
        }]
    },
    "248925-0":{
      "refId":"flora_bc_mushroom_08",
      "inventory":[{
          "refId":"ingred_coprinus_01",
          "count":1,
          "charge":-1,