{
  "packets":{
    "actorList":["0-1472","0-1471","0-1474","276650-0","276652-0","276651-0","0-1475","0-1473"],
    "ai":[],
    "cellChangeFrom":[],
    "cellChangeTo":[],
    "container":["195973-0","195980-0","273631-0","276654-0","276655-0","276656-0","196099-0","300444-0","300445-0","300446-0","300447-0","341982-0","276650-0","276651-0","276652-0","0-1475","0-1472","0-1471","0-1473","0-1474"],
    "death":[],
    "delete":[],
    "doorState":[],
    "equipment":["276650-0","276652-0","276651-0"],
    "lock":[],
    "place":[],
    "position":["276650-0","276651-0","276652-0","0-1471","0-1472","0-1474","0-1473","0-1475"],
    "scale":[],
    "spawn":["0-1472","0-1471","0-1475","0-1474","0-1473"],
    "state":[],
    "statsDynamic":["276650-0","276651-0","276652-0","0-1471","0-1472","0-1474","0-1473","0-1475"],
    "trap":[],
    "spellsActive":[],
    "miscellaneous":[],
    "clientScriptLocal":[]
  },
  "entry":{
    "creationTime":1696785431,
    "description":"-4, 10"
  },
  "lastVisit":{
    "Violetta":1696785525,
    "ZIR":1696785523
  },
  "recordLinks":[],
  "objectData":{
    "300447-0":{
      "refId":"flora_rm_scathecraw_01",
      "inventory":[{
          "refId":"ingred_scathecraw_01",
          "count":1,
          "charge":-1,
          "enchantmentCharge":-1,
          "soul":""
        }]
    },
    "276652-0":{
      "refId":"pilu shilansour",
      "location":{
        "posX":-30736.90625,
        "posZ":1020.7307128906,
        "posY":87561.3671875,
        "rotX":-0.15068617463112,
        "rotY":0,
        "rotZ":2.8190319538116
      },
      "stats":{
        "healthCurrent":113,
        "magickaCurrent":96,
        "healthModified":113,
        "fatigueBase":258,
        "fatigueModified":258,
        "healthBase":113,
        "magickaModified":96,
        "magickaBase":96,
        "fatigueCurrent":258
      },
      "equipment":{
        "7":{
          "refId":"expensive_shoes_01",
          "count":1,
          "charge":-1,
          "enchantmentCharge":-1
        },
        "16":{
          "refId":"chitin war axe",
          "count":1,
          "charge":-1,
          "enchantmentCharge":-1
        },
        "11":{
          "refId":"expensive_robe_01",
          "count":1,
          "charge":-1,
          "enchantmentCharge":-1
        }
      },
      "inventory":[{
          "refId":"chitin_shield",
          "count":1,
          "charge":-1,
          "enchantmentCharge":-1,
          "soul":""
        },{
          "refId":"expensive_robe_01",
          "count":1,
          "charge":-1,
          "enchantmentCharge":-1,
          "soul":""
        },{
          "refId":"expensive_shoes_01",
          "count":1,
          "charge":-1,
          "enchantmentCharge":-1,
          "soul":""
        },{
          "refId":"chitin war axe",
          "count":1,
          "charge":-1,
          "enchantmentCharge":-1,
          "soul":""
        }]
    },
    "276654-0":{
      "refId":"de_p_chest_02_gold_50",
      "inventory":[{
          "refId":"gold_001",
          "count":50,
          "charge":-1,
          "enchantmentCharge":-1,
          "soul":""
        }]
    },
    "276651-0":{
      "refId":"assamanu shashipal",
      "location":{
        "posX":-30980.201171875,
        "posZ":979.79724121094,
        "posY":88103.5078125,
        "rotX":0.092139586806297,
        "rotY":0,
        "rotZ":1.0486967563629
      },
      "stats":{
        "healthCurrent":104,
        "magickaCurrent":94,
        "healthModified":104,
        "fatigueBase":250,
        "fatigueModified":250,
        "healthBase":104,
        "magickaModified":94,
        "magickaBase":94,
        "fatigueCurrent":250
      },
      "equipment":{
        "7":{
          "refId":"expensive_shoes_01",
          "count":1,
          "charge":-1,
          "enchantmentCharge":-1
        },
        "8":{
          "refId":"expensive_shirt_01",
          "count":1,
          "charge":-1,
          "enchantmentCharge":-1
        },
        "10":{
          "refId":"expensive_skirt_01",
          "count":1,
          "charge":-1,
          "enchantmentCharge":-1
        },
        "16":{
          "refId":"chitin war axe",
          "count":1,
          "charge":-1,
          "enchantmentCharge":-1
        }
      },
      "inventory":[{
          "refId":"chitin_shield",
          "count":1,
          "charge":-1,
          "enchantmentCharge":-1,
          "soul":""
        },{
          "refId":"expensive_skirt_01",
          "count":1,
          "charge":-1,
          "enchantmentCharge":-1,
          "soul":""
        },{
          "refId":"expensive_shirt_01",
          "count":1,
          "charge":-1,
          "enchantmentCharge":-1,
          "soul":""
        },{
          "refId":"expensive_shoes_01",
          "count":1,
          "charge":-1,
          "enchantmentCharge":-1,
          "soul":""
        },{
          "refId":"chitin war axe",
          "count":1,
          "charge":-1,
          "enchantmentCharge":-1,
          "soul":""
        }]
    },
    "0-1473":{
      "refId":"cliff racer",
      "location":{
        "posX":-26346.884765625,
        "posZ":5221.6723632813,
        "posY":83244.7890625,
        "rotX":0,
        "rotY":0,
        "rotZ":0.75620627403259
      },
      "stats":{
        "healthCurrent":45,
        "magickaCurrent":20,
        "healthModified":45,
        "fatigueBase":400,
        "fatigueModified":400,
        "healthBase":45,
        "magickaModified":20,
        "magickaBase":20,
        "fatigueCurrent":400
      },
      "inventory":[{
          "refId":"ingred_racer_plumes_01",
          "count":1,
          "charge":-1,
          "enchantmentCharge":-1,
          "soul":""
        }]
    },
    "276656-0":{
      "refId":"com_sack_02_chpfood3",
      "inventory":[{
          "refId":"ingred_scuttle_01",
          "count":3,
          "charge":-1,
          "enchantmentCharge":-1,
          "soul":""
        }]
    },
    "300445-0":{
      "refId":"flora_rm_scathecraw_01",
      "inventory":[{
          "refId":"ingred_scathecraw_01",
          "count":1,
          "charge":-1,
          "enchantmentCharge":-1,
          "soul":""
        }]
    },
    "0-1474":{
      "refId":"cliff racer",
      "location":{
        "posX":-27806.830078125,
        "posZ":2322.5236816406,
        "posY":88242.9609375,
        "rotX":0.0029470166191459,
        "rotY":0,
        "rotZ":2.2566778659821
      },
      "stats":{
        "healthCurrent":45,
        "magickaCurrent":20,
        "healthModified":45,
        "fatigueBase":400,
        "fatigueModified":400,
        "healthBase":45,
        "magickaModified":20,
        "magickaBase":20,
        "fatigueCurrent":400
      },
      "inventory":[]
    },
    "273631-0":{
      "refId":"flora_rm_scathecraw_01",
      "inventory":[{
          "refId":"ingred_scathecraw_01",
          "count":1,
          "charge":-1,
          "enchantmentCharge":-1,
          "soul":""
        }]
    },
    "276655-0":{
      "refId":"com_sack_02_ingred",
      "inventory":[{
          "refId":"ingred_ash_yam_01",
          "count":1,
          "charge":-1,
          "enchantmentCharge":-1,
          "soul":""
        },{
          "refId":"ingred_kresh_fiber_01",
          "count":1,
          "charge":-1,
          "enchantmentCharge":-1,
          "soul":""
        },{
          "refId":"ingred_red_lichen_01",
          "count":1,
          "charge":-1,
          "enchantmentCharge":-1,
          "soul":""
        }]
    },
    "0-1472":{
      "refId":"cliff racer",
      "location":{
        "posX":-27886.384765625,
        "posZ":5115.0600585938,
        "posY":83919.671875,
        "rotX":0,
        "rotY":0,
        "rotZ":2.2765991687775
      },
      "stats":{
        "healthCurrent":45,
        "magickaCurrent":20,
        "healthModified":45,
        "fatigueBase":400,
        "fatigueModified":400,
        "healthBase":45,