{
  "packets":{
    "actorList":["129909-0","129908-0","129907-0","129906-0","0-1957"],
    "ai":[],
    "cellChangeFrom":[],
    "cellChangeTo":[],
    "container":["124386-0","124387-0","124392-0","124393-0","124394-0","124395-0","124396-0","124399-0","124400-0","124401-0","124402-0","124403-0","124404-0","124412-0","124413-0","124414-0","124415-0","124416-0","129926-0","129927-0","129928-0","129929-0","129934-0","129973-0","129974-0","129975-0","129976-0","129977-0","129978-0","129986-0","129987-0","129988-0","129907-0","129909-0","129908-0","129906-0","0-1957"],
    "death":[],
    "delete":["129905-0"],
    "doorState":[],
    "equipment":["129906-0","129907-0","129908-0","129909-0"],
    "lock":[],
    "place":[],
    "position":["129906-0","129907-0","129908-0","129909-0","129905-0","0-1957"],
    "scale":[],
    "spawn":["0-1957"],
    "state":[],
    "statsDynamic":["129906-0","129907-0","129908-0","129909-0","129905-0","0-1957"],
    "trap":[],
    "spellsActive":[],
    "miscellaneous":["129909-0"],
    "clientScriptLocal":[]
  },
  "entry":{
    "creationTime":1697219215,
    "description":"-4, 18"
  },
  "lastVisit":{
    "Violetta":1697455600,
    "Adamast":1697223153,
    "ZIR":1697455597
  },
  "recordLinks":[],
  "objectData":{
    "129906-0":{
      "refId":"shallath-piremus",
      "location":{
        "posX":-27731.87890625,
        "posZ":687.99133300781,
        "posY":150572.59375,
        "rotX":-0.0034607006236911,
        "rotY":0,
        "rotZ":2.6897728443146
      },
      "stats":{
        "healthCurrent":77,
        "magickaCurrent":92,
        "healthModified":77,
        "fatigueBase":207,
        "fatigueModified":207,
        "healthBase":77,
        "magickaModified":92,
        "magickaBase":92,
        "fatigueCurrent":207
      },
      "equipment":{
        "16":{
          "refId":"chitin shortsword",
          "count":1,
          "charge":-1,
          "enchantmentCharge":-1
        },
        "8":{
          "refId":"common_shirt_02_t",
          "count":1,
          "charge":-1,
          "enchantmentCharge":-1
        },
        "9":{
          "refId":"common_pants_01_u",
          "count":1,
          "charge":-1,
          "enchantmentCharge":-1
        }
      },
      "inventory":[{
          "refId":"common_shirt_02_t",
          "count":1,
          "charge":-1,
          "enchantmentCharge":-1,
          "soul":""
        },{
          "refId":"common_pants_01_u",
          "count":1,
          "charge":-1,
          "enchantmentCharge":-1,
          "soul":""
        },{
          "refId":"chitin shortsword",
          "count":1,
          "charge":-1,
          "enchantmentCharge":-1,
          "soul":""
        }]
    },
    "124393-0":{
      "refId":"com_sack_03_ingredients",
      "inventory":[{
          "refId":"ingred_kwama_cuttle_01",
          "count":1,
          "charge":-1,
          "enchantmentCharge":-1,
          "soul":""
        },{
          "refId":"ingred_wickwheat_01",
          "count":1,
          "charge":-1,
          "enchantmentCharge":-1,
          "soul":""
        },{
          "refId":"ingred_red_lichen_01",
          "count":1,
          "charge":-1,
          "enchantmentCharge":-1,
          "soul":""
        }]
    },
    "124394-0":{
      "refId":"com_basket_01_empty",
      "inventory":[]
    },
    "124396-0":{
      "refId":"com_basket_01_chpfood5",
      "inventory":[{
          "refId":"ingred_hackle-lo_leaf_01",
          "count":5,
          "charge":-1,
          "enchantmentCharge":-1,
          "soul":""
        }]
    },
    "129929-0":{
      "refId":"tramaroot_06",
      "inventory":[]
    },
    "124414-0":{
      "refId":"com_sack_03_chpfood5",
      "inventory":[{
          "refId":"ingred_saltrice_01",
          "count":5,
          "charge":-1,
          "enchantmentCharge":-1,
          "soul":""
        }]
    },
    "129934-0":{
      "refId":"tramaroot_02",
      "inventory":[]
    },
    "124399-0":{
      "refId":"urn_02_ingred",
      "inventory":[{
          "refId":"food_kwama_egg_02",
          "count":1,
          "charge":-1,
          "enchantmentCharge":-1,
          "soul":""
        }]
    },
    "124416-0":{
      "refId":"barrel_01_random_pos",
      "inventory":[{
          "refId":"misc_com_wood_cup_01",
          "count":1,
          "charge":-1,
          "enchantmentCharge":-1,
          "soul":""
        },{
          "refId":"misc_com_redware_vase",
          "count":2,
          "charge":-1,
          "enchantmentCharge":-1,
          "soul":""
        },{
          "refId":"misc_com_metal_goblet_01",
          "count":1,
          "charge":-1,
          "enchantmentCharge":-1,
          "soul":""
        },{
          "refId":"misc_com_wood_spoon_02",
          "count":1,
          "charge":-1,
          "enchantmentCharge":-1,
          "soul":""
        },{
          "refId":"gold_001",
          "count":2,
          "charge":-1,
          "enchantmentCharge":-1,
          "soul":""
        }]
    },
    "124392-0":{
      "refId":"com_sack_03_ingredients",
      "inventory":[{
          "refId":"ingred_crab_meat_01",
          "count":1,
          "charge":-1,
          "enchantmentCharge":-1,
          "soul":""
        },{
          "refId":"ingred_bloat_01",
          "count":1,
          "charge":-1,
          "enchantmentCharge":-1,
          "soul":""
        },{
          "refId":"ingred_gravedust_01",
          "count":1,
          "charge":-1,
          "enchantmentCharge":-1,
          "soul":""
        },{
          "refId":"ingred_muck_01",
          "count":1,
          "charge":-1,
          "enchantmentCharge":-1,
          "soul":""
        }]
    },
    "129907-0":{
      "refId":"tussurradad",
      "location":{
        "posX":-27558.6953125,
        "posZ":703.27075195313,
        "posY":150328.109375,
        "rotX":0,
        "rotY":0,
        "rotZ":-1.5831863880157
      },
      "stats":{
        "healthCurrent":98,
        "magickaCurrent":98,
        "healthModified":98,
        "fatigueBase":238,
        "fatigueModified":238,
        "healthBase":98,
        "magickaModified":98,
        "magickaBase":98,
        "fatigueCurrent":238
      },
      "equipment":{
        "16":{
          "refId":"chitin dagger",
          "count":1,
          "charge":-1,
          "enchantmentCharge":-1
        },
        "8":{
          "refId":"expensive_shirt_01_u",
          "count":1,
          "charge":-1,
          "enchantmentCharge":-1
        },
        "9":{
          "refId":"common_pants_01_u",
          "count":1,
          "charge":-1,
          "enchantmentCharge":-1
        }
      },
      "inventory":[{
          "refId":"expensive_shirt_01_u",
          "count":1,
          "charge":-1,
          "enchantmentCharge":-1,
          "soul":""
        },{
          "refId":"common_pants_01_u",
          "count":1,
          "charge":-1,
          "enchantmentCharge":-1,
          "soul":""
        },{
          "refId":"chitin dagger",
          "count":1,
          "charge":-1,
          "enchantmentCharge":-1,
          "soul":""
        }]
    },
    "124403-0":{
      "refId":"com_sack_01_chpfood5",
      "inventory":[{
          "refId":"ingred_scuttle_01",
          "count":5,
          "charge":-1,
          "enchantmentCharge":-1,
          "soul":""
        }]
    },
    "124402-0":{
      "refId":"com_sack_01_chpfood5",
      "inventory":[{
          "refId":"ingred_hackle-lo_leaf_01",
          "count":5,
          "charge":-1,
          "enchantmentCharge":-1,
          "soul":""
        }]
    },
    "129926-0":{
      "refId":"tramaroot_02",
      "inventory":[{
          "refId":"ingred_trama_root_01",
          "count":1,
          "charge":-1,
          "enchantmentCharge":-1,
          "soul":""
        }]
    },
    "124401-0":{
      "refId":"com_basket_01_empty",
      "inventory":[]
    },
    "124395-0":{
      "refId":"com_basket_01_empty",