{
  "packets":{
    "actorList":["0-2204","0-2205","0-2206","0-2207","0-2203","0-2197","0-2208"],
    "ai":[],
    "cellChangeFrom":[],
    "cellChangeTo":[],
    "container":["249185-0","249186-0","249187-0","249197-0","249198-0","249199-0","249200-0","249201-0","249202-0","249203-0","249204-0","249207-0","249208-0","249220-0","249221-0","249222-0","249223-0","249224-0","249247-0","249249-0","249250-0","249254-0","249255-0","249256-0","249277-0","249287-0","249288-0","249293-0","249294-0","249295-0","249296-0","249299-0","249304-0","249305-0","249306-0","249307-0","249308-0","249309-0","249314-0","249317-0","249318-0","309576-0","309577-0","309578-0","309579-0","309580-0","309581-0","463358-0","463362-0","463369-0","0-2204","0-2205","0-2206","0-2207","0-2203","0-2197","0-2208"],
    "death":[],
    "delete":[],
    "doorState":[],
    "equipment":[],
    "lock":[],
    "place":[],
    "position":["0-2203","0-2204","0-2205","0-2206","0-2207","0-2197","0-2208"],
    "scale":[],
    "spawn":["0-2204","0-2205","0-2206","0-2207","0-2203","0-2197","0-2208"],
    "state":[],
    "statsDynamic":["0-2203","0-2204","0-2205","0-2206","0-2207","0-2197","0-2208"],
    "trap":[],
    "spellsActive":[],
    "miscellaneous":[],
    "clientScriptLocal":[]
  },
  "entry":{
    "creationTime":1697224854,
    "description":"-4, -9"
  },
  "lastVisit":{
    "Adamast":1697224925,
    "ZIR":1697224930
  },
  "recordLinks":[],
  "objectData":{
    "309579-0":{
      "refId":"flora_bc_shelffungus_03",
      "inventory":[{
          "refId":"ingred_bc_hypha_facia",
          "count":1,
          "charge":-1,
          "enchantmentCharge":-1,
          "soul":""
        }]
    },
    "249307-0":{
      "refId":"flora_bc_mushroom_04",
      "inventory":[{
          "refId":"ingred_russula_01",
          "count":2,
          "charge":-1,
          "enchantmentCharge":-1,
          "soul":""
        }]
    },
    "0-2206":{
      "refId":"slaughterfish_small",
      "location":{
        "posX":-30716.69140625,
        "posZ":-536.12963867188,
        "posY":-73530.6875,
        "rotX":0,
        "rotY":0,
        "rotZ":2.3911507129669
      },
      "stats":{
        "healthCurrent":15,
        "magickaCurrent":10,
        "healthModified":15,
        "fatigueBase":300,
        "fatigueModified":300,
        "healthBase":15,
        "magickaModified":10,
        "magickaBase":10,
        "fatigueCurrent":299.97033691406
      },
      "inventory":[]
    },
    "249222-0":{
      "refId":"flora_bc_shelffungus_04",
      "inventory":[]
    },
    "249200-0":{
      "refId":"flora_bc_shelffungus_03",
      "inventory":[{
          "refId":"ingred_bc_hypha_facia",
          "count":1,
          "charge":-1,
          "enchantmentCharge":-1,
          "soul":""
        }]
    },
    "249288-0":{
      "refId":"flora_bc_shelffungus_04",
      "inventory":[{
          "refId":"ingred_bc_hypha_facia",
          "count":1,
          "charge":-1,
          "enchantmentCharge":-1,
          "soul":""
        }]
    },
    "463362-0":{
      "refId":"kollop_02_pearl",
      "inventory":[]
    },
    "0-2203":{
      "refId":"cliff racer_diseased",
      "location":{
        "posX":-27267.79296875,
        "posZ":142.9952545166,
        "posY":-70099.1171875,
        "rotX":2.6393681764603e-06,
        "rotY":0,
        "rotZ":0.86979222297668
      },
      "stats":{
        "healthCurrent":45,
        "magickaCurrent":20,
        "healthModified":45,
        "fatigueBase":170,
        "fatigueModified":170,
        "healthBase":45,
        "magickaModified":20,
        "magickaBase":20,
        "fatigueCurrent":170
      },
      "inventory":[]
    },
    "0-2208":{
      "refId":"slaughterfish_small",
      "location":{
        "posX":-24582.19140625,
        "posZ":-136.50787353516,
        "posY":-72115.8984375,
        "rotX":0,
        "rotY":0,
        "rotZ":1.0101115703583
      },
      "stats":{
        "healthCurrent":15,
        "magickaCurrent":10,
        "healthModified":15,
        "fatigueBase":300,
        "fatigueModified":300,
        "healthBase":15,
        "magickaModified":10,
        "magickaBase":10,
        "fatigueCurrent":300
      },
      "inventory":[]
    },
    "0-2207":{
      "refId":"netch_bull",
      "location":{
        "posX":-25707.265625,
        "posZ":535.06079101563,
        "posY":-72428.3046875,
        "rotX":-0.00011926144361496,
        "rotY":0,
        "rotZ":-0.38025879859924
      },
      "stats":{
        "healthCurrent":45,
        "magickaCurrent":100,
        "healthModified":45,
        "fatigueBase":400,
        "fatigueModified":400,
        "healthBase":45,
        "magickaModified":100,
        "magickaBase":100,
        "fatigueCurrent":400
      },
      "inventory":[{
          "refId":"ingred_netch_leather_01",
          "count":2,
          "charge":-1,
          "enchantmentCharge":-1,
          "soul":""
        }]
    },
    "309576-0":{
      "refId":"flora_bc_shelffungus_01",
      "inventory":[{
          "refId":"ingred_bc_bungler's_bane",
          "count":1,
          "charge":-1,
          "enchantmentCharge":-1,
          "soul":""
        }]
    },
    "249254-0":{
      "refId":"flora_bc_mushroom_08",
      "inventory":[{
          "refId":"ingred_coprinus_01",
          "count":2,
          "charge":-1,
          "enchantmentCharge":-1,
          "soul":""
        }]
    },
    "249186-0":{
      "refId":"flora_bc_mushroom_05",
      "inventory":[{
          "refId":"ingred_russula_01",
          "count":1,
          "charge":-1,
          "enchantmentCharge":-1,
          "soul":""
        }]
    },
    "249207-0":{
      "refId":"flora_bc_mushroom_04",
      "inventory":[{
          "refId":"ingred_russula_01",
          "count":2,
          "charge":-1,
          "enchantmentCharge":-1,
          "soul":""
        }]
    },
    "249187-0":{
      "refId":"flora_bc_mushroom_01",
      "inventory":[{
          "refId":"ingred_russula_01",
          "count":1,
          "charge":-1,
          "enchantmentCharge":-1,
          "soul":""
        }]
    },
    "249277-0":{
      "refId":"flora_bc_fern_01",
      "inventory":[{
          "refId":"ingred_bc_spore_pod",
          "count":3,
          "charge":-1,
          "enchantmentCharge":-1,
          "soul":""
        }]
    },
    "249247-0":{
      "refId":"flora_bc_mushroom_02",
      "inventory":[{
          "refId":"ingred_russula_01",
          "count":2,
          "charge":-1,
          "enchantmentCharge":-1,
          "soul":""
        }]
    },
    "249198-0":{
      "refId":"flora_bc_shelffungus_02",
      "inventory":[{
          "refId":"ingred_bc_bungler's_bane",
          "count":1,
          "charge":-1,
          "enchantmentCharge":-1,
          "soul":""
        }]
    },
    "463369-0":{
      "refId":"kollop_03_pearl",
      "inventory":[]
    },
    "249294-0":{
      "refId":"flora_bc_shelffungus_01",
      "inventory":[{
          "refId":"ingred_bc_bungler's_bane",
          "count":1,
          "charge":-1,
          "enchantmentCharge":-1,
          "soul":""
        }]
    },
    "249201-0":{
      "refId":"flora_bc_shelffungus_03",
      "inventory":[{
          "refId":"ingred_bc_hypha_facia",
          "count":1,
          "charge":-1,
          "enchantmentCharge":-1,
          "soul":""
        }]
    },
    "249296-0":{
      "refId":"flora_bc_shelffungus_01",
      "inventory":[{
          "refId":"ingred_bc_bungler's_bane",
          "count":1,
          "charge":-1,
          "enchantmentCharge":-1,
          "soul":""
        }]
    },
    "249202-0":{
      "refId":"flora_bc_mushroom_02",
      "inventory":[{
          "refId":"ingred_russula_01",
          "count":1,
          "charge":-1,
          "enchantmentCharge":-1,
          "soul":""
        }]
    },
    "249223-0":{
      "refId":"flora_bc_shelffungus_04",
      "inventory":[{
          "refId":"ingred_bc_hypha_facia",
          "count":1,