{
  "packets":{
    "actorList":["0-1971","0-1969","0-1970","0-1968","0-1967"],
    "ai":[],
    "cellChangeFrom":[],
    "cellChangeTo":[],
    "container":["418297-0","418298-0","418299-0","418300-0","418301-0","418313-0","418314-0","418315-0","418316-0","418328-0","418329-0","418330-0","418331-0","418332-0","418333-0","418350-0","418351-0","418352-0","418396-0","418397-0","418398-0","418399-0","418400-0","418401-0","418421-0","418422-0","418423-0","0-1971","0-1969","0-1970","0-1968","0-1967"],
    "death":[],
    "delete":[],
    "doorState":[],
    "equipment":[],
    "lock":[],
    "place":[],
    "position":["0-1967","0-1968","0-1969","0-1970","0-1971"],
    "scale":[],
    "spawn":["0-1971","0-1969","0-1970","0-1968","0-1967"],
    "state":[],
    "statsDynamic":["0-1967","0-1968","0-1969","0-1970","0-1971"],
    "trap":[],
    "spellsActive":[],
    "miscellaneous":[],
    "clientScriptLocal":[]
  },
  "entry":{
    "creationTime":1697219242,
    "description":"-5, 19"
  },
  "lastVisit":{
    "ZIR":1697455548,
    "Adamast":1697223153,
    "Violetta":1697455552
  },
  "recordLinks":[],
  "objectData":{
    "418301-0":{
      "refId":"kollop_02_pearl",
      "inventory":[]
    },
    "418423-0":{
      "refId":"kollop_03_pearl",
      "inventory":[{
          "refId":"ingred_pearl_01",
          "count":1,
          "charge":-1,
          "enchantmentCharge":-1,
          "soul":""
        }]
    },
    "418421-0":{
      "refId":"kollop_01_pearl",
      "inventory":[]
    },
    "418297-0":{
      "refId":"kollop_01_pearl",
      "inventory":[{
          "refId":"ingred_pearl_01",
          "count":1,
          "charge":-1,
          "enchantmentCharge":-1,
          "soul":""
        }]
    },
    "418398-0":{
      "refId":"kollop_01_pearl",
      "inventory":[{
          "refId":"ingred_pearl_01",
          "count":1,
          "charge":-1,
          "enchantmentCharge":-1,
          "soul":""
        }]
    },
    "0-1970":{
      "refId":"dreugh",
      "location":{
        "posX":-35996.49609375,
        "posZ":-595.49645996094,
        "posY":163648.53125,
        "rotX":0,
        "rotY":0,
        "rotZ":-0.61692929267883
      },
      "stats":{
        "healthCurrent":60,
        "magickaCurrent":75,
        "healthModified":60,
        "fatigueBase":400,
        "fatigueModified":400,
        "healthBase":60,
        "magickaModified":75,
        "magickaBase":75,
        "fatigueCurrent":400
      },
      "inventory":[]
    },
    "418397-0":{
      "refId":"kollop_03_pearl",
      "inventory":[{
          "refId":"ingred_pearl_01",
          "count":1,
          "charge":-1,
          "enchantmentCharge":-1,
          "soul":""
        }]
    },
    "0-1971":{
      "refId":"slaughterfish",
      "location":{
        "posX":-37353.5703125,
        "posZ":-399.1767578125,
        "posY":159735.65625,
        "rotX":-0.0012705475091934,
        "rotY":0,
        "rotZ":1.3560345172882
      },
      "stats":{
        "healthCurrent":23,
        "magickaCurrent":10,
        "healthModified":23,
        "fatigueBase":400,
        "fatigueModified":400,
        "healthBase":23,
        "magickaModified":10,
        "magickaBase":10,
        "fatigueCurrent":400
      },
      "inventory":[{
          "refId":"ingred_scales_01",
          "count":2,
          "charge":-1,
          "enchantmentCharge":-1,
          "soul":""
        }]
    },
    "418331-0":{
      "refId":"kollop_01_pearl",
      "inventory":[{
          "refId":"ingred_pearl_01",
          "count":1,
          "charge":-1,
          "enchantmentCharge":-1,
          "soul":""
        }]
    },
    "418351-0":{
      "refId":"kollop_02_pearl",
      "inventory":[{
          "refId":"ingred_pearl_01",
          "count":1,
          "charge":-1,
          "enchantmentCharge":-1,
          "soul":""
        }]
    },
    "418332-0":{
      "refId":"kollop_02_pearl",
      "inventory":[]
    },
    "418329-0":{
      "refId":"kollop_02_pearl",
      "inventory":[]
    },
    "418396-0":{
      "refId":"kollop_01_pearl",
      "inventory":[{
          "refId":"ingred_pearl_01",
          "count":1,
          "charge":-1,
          "enchantmentCharge":-1,
          "soul":""
        }]
    },
    "418315-0":{
      "refId":"kollop_03_pearl",
      "inventory":[{
          "refId":"ingred_pearl_01",
          "count":1,
          "charge":-1,
          "enchantmentCharge":-1,
          "soul":""
        }]
    },
    "418401-0":{
      "refId":"kollop_02_pearl",
      "inventory":[{
          "refId":"ingred_pearl_01",
          "count":1,
          "charge":-1,
          "enchantmentCharge":-1,
          "soul":""
        }]
    },
    "418330-0":{
      "refId":"kollop_03_pearl",
      "inventory":[{
          "refId":"ingred_pearl_01",
          "count":1,
          "charge":-1,
          "enchantmentCharge":-1,
          "soul":""
        }]
    },
    "418316-0":{
      "refId":"kollop_03_pearl",
      "inventory":[]
    },
    "418300-0":{
      "refId":"kollop_01_pearl",
      "inventory":[]
    },
    "418400-0":{
      "refId":"kollop_02_pearl",
      "inventory":[]
    },
    "418333-0":{
      "refId":"kollop_03_pearl",
      "inventory":[{
          "refId":"ingred_pearl_01",
          "count":1,
          "charge":-1,
          "enchantmentCharge":-1,
          "soul":""
        }]
    },
    "418314-0":{
      "refId":"kollop_02_pearl",
      "inventory":[]
    },
    "418328-0":{
      "refId":"kollop_01_pearl",
      "inventory":[{
          "refId":"ingred_pearl_01",
          "count":1,
          "charge":-1,
          "enchantmentCharge":-1,
          "soul":""
        }]
    },
    "418422-0":{
      "refId":"kollop_02_pearl",
      "inventory":[{
          "refId":"ingred_pearl_01",
          "count":1,
          "charge":-1,
          "enchantmentCharge":-1,
          "soul":""
        }]
    },
    "0-1967":{
      "refId":"dreugh",
      "location":{
        "posX":-36171.1796875,
        "posZ":-314.39599609375,
        "posY":158019.84375,
        "rotX":0,
        "rotY":0,
        "rotZ":1.1334888935089
      },
      "stats":{
        "healthCurrent":60,
        "magickaCurrent":75,
        "healthModified":60,
        "fatigueBase":400,
        "fatigueModified":400,
        "healthBase":60,
        "magickaModified":75,
        "magickaBase":75,
        "fatigueCurrent":400
      },
      "inventory":[]
    },
    "418298-0":{
      "refId":"kollop_02_pearl",
      "inventory":[{
          "refId":"ingred_pearl_01",
          "count":1,
          "charge":-1,
          "enchantmentCharge":-1,
          "soul":""
        }]
    },
    "0-1969":{
      "refId":"slaughterfish_small",
      "location":{
        "posX":-37240.5078125,
        "posZ":-648.98510742188,
        "posY":158999.25,
        "rotX":0,
        "rotY":0,
        "rotZ":2.9945223331451
      },
      "stats":{
        "healthCurrent":15,
        "magickaCurrent":10,
        "healthModified":15,
        "fatigueBase":300,
        "fatigueModified":300,
        "healthBase":15,
        "magickaModified":10,
        "magickaBase":10,
        "fatigueCurrent":300
      },
      "inventory":[{
          "refId":"ingred_scales_01",
          "count":1,
          "charge":-1,
          "enchantmentCharge":-1,
          "soul":""
        }]
    },
    "418299-0":{
      "refId":"kollop_03_pearl",
      "inventory":[{
          "refId":"ingred_pearl_01",
          "count":1,
          "charge":-1,
          "enchantmentCharge":-1,
          "soul":""
        }]
    },
    "418313-0":{
      "refId":"kollop_01_pearl",
      "inventory":[{
          "refId":"ingred_pearl_01",
          "count":1,
          "charge":-1,
          "enchantmentCharge":-1,
          "soul":""
        }]
    },
    "418399-0":{
      "refId":"kollop_03_pearl",
      "inventory":[]
    },
    "418352-0":{
      "refId":"kollop_03_pearl",
      "inventory":[{
          "refId":"ingred_pearl_01",