{
  "packets":{
    "actorList":["0-625","0-627","0-628","0-626"],
    "ai":[],
    "cellChangeFrom":[],
    "cellChangeTo":[],
    "container":["43569-0","43570-0","475477-0","475478-0","475508-0","475509-0","475510-0","475511-0","475512-0","475517-0","475518-0","475519-0","475520-0","475521-0","475522-0","475523-0","475524-0","475525-0","475526-0","475527-0","475528-0","475529-0","475530-0","475531-0","475532-0","475533-0","475534-0","475535-0","475536-0","475537-0","475538-0","475539-0","475540-0","0-625","0-627","0-628","0-626"],
    "death":[],
    "delete":[],
    "doorState":[],
    "equipment":[],
    "lock":[],
    "place":[],
    "position":["0-625","0-627","0-628","0-626"],
    "scale":[],
    "spawn":["0-625","0-627","0-628","0-626"],
    "state":[],
    "statsDynamic":["0-625","0-627","0-628","0-626"],
    "trap":[],
    "spellsActive":[],
    "miscellaneous":[],
    "clientScriptLocal":[]
  },
  "entry":{
    "creationTime":1696437812,
    "description":"-5, 5"
  },
  "lastVisit":{
    "Violetta":1696438012,
    "ZIR":1696444155
  },
  "recordLinks":[],
  "objectData":{
    "0-625":{
      "refId":"scrib",
      "location":{
        "posX":-34985.8671875,
        "posZ":2345.4548339844,
        "posY":45543.43359375,
        "rotX":-0.0046969568356872,
        "rotY":0,
        "rotZ":1.7588250637054
      },
      "stats":{
        "healthCurrent":8,
        "magickaCurrent":12,
        "healthModified":8,
        "fatigueBase":300,
        "fatigueModified":300,
        "healthBase":8,
        "magickaModified":12,
        "magickaBase":12,
        "fatigueCurrent":300
      },
      "inventory":[]
    },
    "475535-0":{
      "refId":"flora_bittergreen_01",
      "inventory":[{
          "refId":"ingred_bittergreen_petals_01",
          "count":1,
          "charge":-1,
          "enchantmentCharge":-1,
          "soul":""
        }]
    },
    "475525-0":{
      "refId":"flora_chokeweed_02",
      "inventory":[{
          "refId":"ingred_chokeweed_01",
          "count":1,
          "charge":-1,
          "enchantmentCharge":-1,
          "soul":""
        }]
    },
    "475477-0":{
      "refId":"flora_kreshweed_02",
      "inventory":[{
          "refId":"ingred_kresh_fiber_01",
          "count":1,
          "charge":-1,
          "enchantmentCharge":-1,
          "soul":""
        }]
    },
    "475532-0":{
      "refId":"flora_bittergreen_04",
      "inventory":[{
          "refId":"ingred_bittergreen_petals_01",
          "count":2,
          "charge":-1,
          "enchantmentCharge":-1,
          "soul":""
        }]
    },
    "475537-0":{
      "refId":"flora_bittergreen_03",
      "inventory":[{
          "refId":"ingred_bittergreen_petals_01",
          "count":3,
          "charge":-1,
          "enchantmentCharge":-1,
          "soul":""
        }]
    },
    "475531-0":{
      "refId":"flora_bittergreen_03",
      "inventory":[{
          "refId":"ingred_bittergreen_petals_01",
          "count":2,
          "charge":-1,
          "enchantmentCharge":-1,
          "soul":""
        }]
    },
    "475511-0":{
      "refId":"flora_kreshweed_01",
      "inventory":[{
          "refId":"ingred_kresh_fiber_01",
          "count":1,
          "charge":-1,
          "enchantmentCharge":-1,
          "soul":""
        }]
    },
    "475527-0":{
      "refId":"flora_kreshweed_03",
      "inventory":[]
    },
    "475478-0":{
      "refId":"flora_kreshweed_01",
      "inventory":[{
          "refId":"ingred_kresh_fiber_01",
          "count":1,
          "charge":-1,
          "enchantmentCharge":-1,
          "soul":""
        }]
    },
    "0-627":{
      "refId":"scrib",
      "location":{
        "posX":-39334.16796875,
        "posZ":1897.2403564453,
        "posY":41706.953125,
        "rotX":0.040820445865393,
        "rotY":0,
        "rotZ":0.30459022521973
      },
      "stats":{
        "healthCurrent":8,
        "magickaCurrent":12,
        "healthModified":8,
        "fatigueBase":300,
        "fatigueModified":300,
        "healthBase":8,
        "magickaModified":12,
        "magickaBase":12,
        "fatigueCurrent":300
      },
      "inventory":[{
          "refId":"ingred_scrib_jelly_01",
          "count":1,
          "charge":-1,
          "enchantmentCharge":-1,
          "soul":""
        }]
    },
    "475521-0":{
      "refId":"flora_chokeweed_02",
      "inventory":[{
          "refId":"ingred_chokeweed_01",
          "count":1,
          "charge":-1,
          "enchantmentCharge":-1,
          "soul":""
        }]
    },
    "475534-0":{
      "refId":"flora_bittergreen_pod_01",
      "inventory":[]
    },
    "43569-0":{
      "refId":"flora_chokeweed_02",
      "inventory":[{
          "refId":"ingred_chokeweed_01",
          "count":1,
          "charge":-1,
          "enchantmentCharge":-1,
          "soul":""
        }]
    },
    "475530-0":{
      "refId":"flora_bittergreen_02",
      "inventory":[]
    },
    "475520-0":{
      "refId":"flora_chokeweed_02",
      "inventory":[{
          "refId":"ingred_chokeweed_01",
          "count":1,
          "charge":-1,
          "enchantmentCharge":-1,
          "soul":""
        }]
    },
    "475540-0":{
      "refId":"flora_roobrush_02",
      "inventory":[{
          "refId":"ingred_roobrush_01",
          "count":1,
          "charge":-1,
          "enchantmentCharge":-1,
          "soul":""
        }]
    },
    "475512-0":{
      "refId":"flora_chokeweed_02",
      "inventory":[]
    },
    "0-626":{
      "refId":"nix-hound",
      "location":{
        "posX":-36061.890625,
        "posZ":1890.5773925781,
        "posY":41155.69921875,
        "rotX":-0.0022571906447411,
        "rotY":0,
        "rotZ":-0.29003691673279
      },
      "stats":{
        "healthCurrent":23,
        "magickaCurrent":10,
        "fatigueModified":400,
        "fatigueBase":400,
        "healthBase":23,
        "healthModified":23,
        "magickaModified":10,
        "magickaBase":10,
        "fatigueCurrent":400
      },
      "inventory":[{
          "refId":"ingred_hound_meat_01",
          "count":1,
          "charge":-1,
          "enchantmentCharge":-1,
          "soul":""
        }]
    },
    "475523-0":{
      "refId":"flora_kreshweed_03",
      "inventory":[]
    },
    "475528-0":{
      "refId":"flora_bittergreen_pod_01",
      "inventory":[]
    },
    "475510-0":{
      "refId":"flora_kreshweed_03",
      "inventory":[{
          "refId":"ingred_kresh_fiber_01",
          "count":1,
          "charge":-1,
          "enchantmentCharge":-1,
          "soul":""
        }]
    },
    "475538-0":{
      "refId":"flora_bittergreen_04",
      "inventory":[{
          "refId":"ingred_bittergreen_petals_01",
          "count":2,
          "charge":-1,
          "enchantmentCharge":-1,
          "soul":""
        }]
    },
    "475517-0":{
      "refId":"flora_kreshweed_03",
      "inventory":[]
    },
    "475539-0":{
      "refId":"flora_roobrush_02",
      "inventory":[{
          "refId":"ingred_roobrush_01",
          "count":1,
          "charge":-1,
          "enchantmentCharge":-1,
          "soul":""
        }]
    },
    "43570-0":{
      "refId":"flora_chokeweed_02",
      "inventory":[{
          "refId":"ingred_chokeweed_01",
          "count":1,
          "charge":-1,
          "enchantmentCharge":-1,
          "soul":""
        }]
    },
    "475526-0":{
      "refId":"flora_kreshweed_01",
      "inventory":[]
    },
    "475522-0":{
      "refId":"flora_chokeweed_02",
      "inventory":[{
          "refId":"ingred_chokeweed_01",
          "count":1,
          "charge":-1,
          "enchantmentCharge":-1,
          "soul":""
        }]
    },
    "475519-0":{
      "refId":"flora_kreshweed_02",
      "inventory":[]
    },
    "475524-0":{
      "refId":"flora_kreshweed_02",
      "inventory":[{
          "refId":"ingred_kresh_fiber_01",
          "count":1,
          "charge":-1,
          "enchantmentCharge":-1,