{
  "packets":{
    "actorList":["0-112","0-113","0-117","0-114","0-116","0-115","428720-0"],
    "ai":[],
    "cellChangeFrom":["428720-0"],
    "cellChangeTo":[],
    "container":["252644-0","252645-0","252646-0","252664-0","252665-0","252666-0","252667-0","252668-0","252849-0","252850-0","252851-0","252852-0","252853-0","252854-0","252855-0","252856-0","252866-0","252867-0","252868-0","252888-0","252927-0","252938-0","252939-0","252945-0","252969-0","252973-0","253004-0","253005-0","253006-0","253009-0","253010-0","253012-0","0-112","0-113","0-117","0-114","0-116","0-115","428720-0"],
    "death":[],
    "delete":[],
    "doorState":[],
    "equipment":["428720-0"],
    "lock":[],
    "place":[],
    "position":["0-112","0-113","0-114","0-115","0-116","0-117","428720-0"],
    "scale":[],
    "spawn":["0-112","0-113","0-117","0-114","0-116","0-115"],
    "state":[],
    "statsDynamic":["0-112","0-113","0-114","0-115","0-116","0-117","428720-0"],
    "trap":[],
    "spellsActive":[],
    "miscellaneous":["428720-0"],
    "clientScriptLocal":[]
  },
  "entry":{
    "creationTime":1696092724,
    "description":"-5, -2"
  },
  "lastVisit":{
    "ZIR":1697465160,
    "Adamast":1697226241,
    "Violetta":1697364497
  },
  "recordLinks":[],
  "objectData":{
    "0-114":{
      "refId":"kagouti_diseased",
      "location":{
        "posX":-33790.41015625,
        "posZ":469.04431152344,
        "posY":-14293.965820313,
        "rotX":-0.19329936802387,
        "rotY":0,
        "rotZ":-2.8583309650421
      },
      "stats":{
        "healthCurrent":45,
        "magickaCurrent":10,
        "fatigueModified":272,
        "fatigueBase":272,
        "healthBase":45,
        "healthModified":45,
        "magickaModified":10,
        "magickaBase":10,
        "fatigueCurrent":272
      },
      "inventory":[{
          "refId":"ingred_kagouti_hide_01",
          "count":1,
          "charge":-1,
          "enchantmentCharge":-1,
          "soul":""
        }]
    },
    "252849-0":{
      "refId":"flora_bc_podplant_01",
      "inventory":[{
          "refId":"ingred_bc_ampoule_pod",
          "count":1,
          "charge":-1,
          "enchantmentCharge":-1,
          "soul":""
        }]
    },
    "428720-0":{
      "refId":"hlaalu guard_outside",
      "location":{
        "posX":-34464.90234375,
        "posZ":161,
        "posY":-13025.874023438,
        "rotX":-0.053479004651308,
        "rotY":0,
        "rotZ":1.5410492420197
      },
      "stats":{
        "healthCurrent":210,
        "magickaCurrent":122,
        "fatigueModified":307,
        "fatigueBase":307,
        "healthBase":210,
        "healthModified":210,
        "magickaModified":122,
        "magickaBase":122,
        "fatigueCurrent":307
      },
      "cellChangeFrom":"-3, -2",
      "equipment":{
        "0":{
          "refId":"bonemold_armun-an_helm",
          "count":1,
          "charge":-1,
          "enchantmentCharge":-1
        },
        "2":{
          "refId":"bonemold_greaves",
          "count":1,
          "charge":-1,
          "enchantmentCharge":-1
        },
        "5":{
          "refId":"bonemold_bracer_left",
          "count":1,
          "charge":-1,
          "enchantmentCharge":-1
        },
        "4":{
          "refId":"bonemold_armun-an_pauldron_r",
          "count":1,
          "charge":-1,
          "enchantmentCharge":-1
        },
        "9":{
          "refId":"expensive_pants_01_e",
          "count":1,
          "charge":-1,
          "enchantmentCharge":-1
        },
        "17":{
          "refId":"bonemold_tshield_hlaaluguard",
          "count":1,
          "charge":-1,
          "enchantmentCharge":-1
        },
        "16":{
          "refId":"steel longsword",
          "count":1,
          "charge":-1,
          "enchantmentCharge":-1
        },
        "3":{
          "refId":"bonemold_armun-an_pauldron_l",
          "count":1,
          "charge":-1,
          "enchantmentCharge":-1
        },
        "7":{
          "refId":"bonemold_boots",
          "count":1,
          "charge":-1,
          "enchantmentCharge":-1
        },
        "1":{
          "refId":"bonemold_armun-an_cuirass",
          "count":1,
          "charge":-1,
          "enchantmentCharge":-1
        },
        "6":{
          "refId":"bonemold_bracer_right",
          "count":1,
          "charge":-1,
          "enchantmentCharge":-1
        }
      },
      "inventory":[{
          "refId":"bonemold_bracer_right",
          "count":1,
          "charge":-1,
          "enchantmentCharge":-1,
          "soul":""
        },{
          "refId":"bonemold_bracer_left",
          "count":1,
          "charge":-1,
          "enchantmentCharge":-1,
          "soul":""
        },{
          "refId":"bonemold_tshield_hlaaluguard",
          "count":1,
          "charge":-1,
          "enchantmentCharge":-1,
          "soul":""
        },{
          "refId":"bonemold_boots",
          "count":1,
          "charge":-1,
          "enchantmentCharge":-1,
          "soul":""
        },{
          "refId":"bonemold_greaves",
          "count":1,
          "charge":-1,
          "enchantmentCharge":-1,
          "soul":""
        },{
          "refId":"bonemold_armun-an_pauldron_r",
          "count":1,
          "charge":-1,
          "enchantmentCharge":-1,
          "soul":""
        },{
          "refId":"bonemold_armun-an_pauldron_l",
          "count":1,
          "charge":-1,
          "enchantmentCharge":-1,
          "soul":""
        },{
          "refId":"bonemold_armun-an_cuirass",
          "count":1,
          "charge":-1,
          "enchantmentCharge":-1,
          "soul":""
        },{
          "refId":"bonemold_armun-an_helm",
          "count":1,
          "charge":-1,
          "enchantmentCharge":-1,
          "soul":""
        },{
          "refId":"expensive_pants_01_e",
          "count":1,
          "charge":-1,
          "enchantmentCharge":-1,
          "soul":""
        },{
          "refId":"torch_infinite_time",
          "count":1,
          "charge":-1,
          "enchantmentCharge":-1,
          "soul":""
        },{
          "refId":"steel longsword",
          "count":1,
          "charge":-1,
          "enchantmentCharge":-1,
          "soul":""
        }],
      "lastGoldRestockHour":11.20153427124,
      "goldPool":0,
      "lastGoldRestockDay":4
    },
    "252856-0":{
      "refId":"flora_bc_mushroom_06",
      "inventory":[{
          "refId":"ingred_coprinus_01",
          "count":1,
          "charge":-1,
          "enchantmentCharge":-1,
          "soul":""
        }]
    },
    "0-113":{
      "refId":"nix-hound",
      "location":{
        "posX":-39521.44921875,
        "posZ":250.02465820313,
        "posY":-9939.8369140625,
        "rotX":0,
        "rotY":0,
        "rotZ":0
      },
      "stats":{
        "healthCurrent":23,
        "magickaCurrent":10,
        "fatigueModified":400,
        "fatigueBase":400,
        "healthBase":23,
        "healthModified":23,
        "magickaModified":10,
        "magickaBase":10,
        "fatigueCurrent":400
      },
      "inventory":[{
          "refId":"ingred_hound_meat_01",
          "count":1,
          "charge":-1,
          "enchantmentCharge":-1,
          "soul":""
        }]
    },
    "252939-0":{
      "refId":"flora_bc_shelffungus_04",
      "inventory":[{
          "refId":"ingred_bc_hypha_facia",
          "count":1,
          "charge":-1,
          "enchantmentCharge":-1,
          "soul":""
        }]
    },
    "252888-0":{
      "refId":"flora_bc_mushroom_05",
      "inventory":[{
          "refId":"ingred_russula_01",
          "count":1,
          "charge":-1,
          "enchantmentCharge":-1,
          "soul":""
        }]
    },
    "0-112":{
      "refId":"scrib",
      "location":{
        "posX":-40282.1015625,
        "posZ":226.74417114258,
        "posY":-15772.196289063,
        "rotX":0,
        "rotY":0,
        "rotZ":1.9999998807907
      },