{
  "packets":{
    "actorList":["0-1950","0-1951","0-1952","0-1953","0-1954","0-1955","0-1949","0-1956","0-1948"],
    "ai":[],
    "cellChangeFrom":[],
    "cellChangeTo":[],
    "container":["297266-0","297267-0","297268-0","297269-0","297270-0","297273-0","297276-0","297277-0","297278-0","297279-0","0-1950","0-1951","0-1952","0-1953","0-1954","0-1955","0-1949","0-1956","0-1948"],
    "death":[],
    "delete":[],
    "doorState":[],
    "equipment":[],
    "lock":[],
    "place":[],
    "position":["0-1948","0-1949","0-1950","0-1951","0-1952","0-1953","0-1954","0-1955","0-1956"],
    "scale":[],
    "spawn":["0-1950","0-1951","0-1952","0-1953","0-1954","0-1955","0-1949","0-1956","0-1948"],
    "state":[],
    "statsDynamic":["0-1948","0-1949","0-1950","0-1951","0-1952","0-1953","0-1954","0-1955","0-1956"],
    "trap":[],
    "spellsActive":[],
    "miscellaneous":[],
    "clientScriptLocal":[]
  },
  "entry":{
    "creationTime":1697219215,
    "description":"-5, 18"
  },
  "lastVisit":{
    "Violetta":1697455552,
    "Adamast":1697223153,
    "ZIR":1697455548
  },
  "recordLinks":[],
  "objectData":{
    "297267-0":{
      "refId":"tramaroot_02",
      "inventory":[{
          "refId":"ingred_trama_root_01",
          "count":1,
          "charge":-1,
          "enchantmentCharge":-1,
          "soul":""
        }]
    },
    "297279-0":{
      "refId":"tramaroot_02",
      "inventory":[]
    },
    "0-1952":{
      "refId":"clannfear",
      "location":{
        "posX":-40087.4765625,
        "posZ":736.00537109375,
        "posY":150820.96875,
        "rotX":-0.07053092867136,
        "rotY":0,
        "rotZ":0.76401424407959
      },
      "stats":{
        "healthCurrent":113,
        "magickaCurrent":100,
        "healthModified":113,
        "fatigueBase":500,
        "fatigueModified":500,
        "healthBase":113,
        "magickaModified":100,
        "magickaBase":100,
        "fatigueCurrent":500
      },
      "inventory":[{
          "refId":"ingred_daedras_heart_01",
          "count":1,
          "charge":-1,
          "enchantmentCharge":-1,
          "soul":""
        }]
    },
    "297268-0":{
      "refId":"tramaroot_05",
      "inventory":[{
          "refId":"ingred_trama_root_01",
          "count":1,
          "charge":-1,
          "enchantmentCharge":-1,
          "soul":""
        }]
    },
    "0-1953":{
      "refId":"clannfear",
      "location":{
        "posX":-39520.3984375,
        "posZ":716.83972167969,
        "posY":151041.6875,
        "rotX":-0.015398448333144,
        "rotY":0,
        "rotZ":2.0983378887177
      },
      "stats":{
        "healthCurrent":113,
        "magickaCurrent":100,
        "healthModified":113,
        "fatigueBase":500,
        "fatigueModified":500,
        "healthBase":113,
        "magickaModified":100,
        "magickaBase":100,
        "fatigueCurrent":500
      },
      "inventory":[{
          "refId":"ingred_daedras_heart_01",
          "count":1,
          "charge":-1,
          "enchantmentCharge":-1,
          "soul":""
        }]
    },
    "297270-0":{
      "refId":"flora_fire_fern_01",
      "inventory":[{
          "refId":"ingred_fire_petal_01",
          "count":1,
          "charge":-1,
          "enchantmentCharge":-1,
          "soul":""
        }]
    },
    "0-1955":{
      "refId":"nix-hound",
      "location":{
        "posX":-34648.3828125,
        "posZ":883.33312988281,
        "posY":152354.921875,
        "rotX":1.2321679592133,
        "rotY":0,
        "rotZ":0.076468706130981
      },
      "stats":{
        "healthCurrent":23,
        "magickaCurrent":10,
        "healthModified":23,
        "fatigueBase":400,
        "fatigueModified":400,
        "healthBase":23,
        "magickaModified":10,
        "magickaBase":10,
        "fatigueCurrent":400
      },
      "inventory":[{
          "refId":"ingred_hound_meat_01",
          "count":1,
          "charge":-1,
          "enchantmentCharge":-1,
          "soul":""
        }]
    },
    "0-1949":{
      "refId":"clannfear",
      "location":{
        "posX":-33472.6953125,
        "posZ":689.64233398438,
        "posY":148969.5,
        "rotX":-0.019948776811361,
        "rotY":0,
        "rotZ":-0.40591287612915
      },
      "stats":{
        "healthCurrent":113,
        "magickaCurrent":100,
        "healthModified":113,
        "fatigueBase":500,
        "fatigueModified":500,
        "healthBase":113,
        "magickaModified":100,
        "magickaBase":100,
        "fatigueCurrent":500
      },
      "inventory":[{
          "refId":"ingred_daedras_heart_01",
          "count":1,
          "charge":-1,
          "enchantmentCharge":-1,
          "soul":""
        }]
    },
    "0-1948":{
      "refId":"clannfear",
      "location":{
        "posX":-34932.1171875,
        "posZ":705,
        "posY":149626.21875,
        "rotX":0.0089717321097851,
        "rotY":0,
        "rotZ":1.5573389530182
      },
      "stats":{
        "healthCurrent":113,
        "magickaCurrent":100,
        "healthModified":113,
        "fatigueBase":500,
        "fatigueModified":500,
        "healthBase":113,
        "magickaModified":100,
        "magickaBase":100,
        "fatigueCurrent":500
      },
      "inventory":[{
          "refId":"ingred_daedras_heart_01",
          "count":1,
          "charge":-1,
          "enchantmentCharge":-1,
          "soul":""
        }]
    },
    "0-1950":{
      "refId":"atronach_flame",
      "location":{
        "posX":-33929.6171875,
        "posZ":705,
        "posY":150363.96875,
        "rotX":0.0016313809901476,
        "rotY":0,
        "rotZ":-3.1300976276398
      },
      "stats":{
        "healthCurrent":75,
        "magickaCurrent":105,
        "healthModified":75,
        "fatigueBase":600,
        "fatigueModified":600,
        "healthBase":75,
        "magickaModified":105,
        "magickaBase":105,
        "fatigueCurrent":600
      },
      "inventory":[{
          "refId":"ingred_fire_salts_01",
          "count":1,
          "charge":-1,
          "enchantmentCharge":-1,
          "soul":""
        }]
    },
    "0-1951":{
      "refId":"atronach_flame",
      "location":{
        "posX":-36728.3671875,
        "posZ":1399.392578125,
        "posY":151171.0625,
        "rotX":0.12948735058308,
        "rotY":0,
        "rotZ":1.7448585033417
      },
      "stats":{
        "healthCurrent":75,
        "magickaCurrent":105,
        "healthModified":75,
        "fatigueBase":600,
        "fatigueModified":600,
        "healthBase":75,
        "magickaModified":105,
        "magickaBase":105,
        "fatigueCurrent":600
      },
      "inventory":[{
          "refId":"ingred_fire_salts_01",
          "count":1,
          "charge":-1,
          "enchantmentCharge":-1,
          "soul":""
        }]
    },
    "297278-0":{
      "refId":"tramaroot_03",
      "inventory":[{
          "refId":"ingred_trama_root_01",
          "count":1,
          "charge":-1,
          "enchantmentCharge":-1,
          "soul":""
        }]
    },
    "297269-0":{
      "refId":"tramaroot_06",
      "inventory":[]
    },
    "297273-0":{
      "refId":"flora_rm_scathecraw_01",
      "inventory":[{
          "refId":"ingred_scathecraw_01",
          "count":1,
          "charge":-1,
          "enchantmentCharge":-1,
          "soul":""
        }]
    },
    "0-1954":{
      "refId":"nix-hound",
      "location":{
        "posX":-33952.265625,
        "posZ":747.90905761719,
        "posY":152146.46875,
        "rotX":0.048138238489628,
        "rotY":0,
        "rotZ":-0.88338494300842
      },
      "stats":{
        "healthCurrent":23,
        "magickaCurrent":10,
        "healthModified":23,
        "fatigueBase":400,
        "fatigueModified":400,
        "healthBase":23,
        "magickaModified":10,
        "magickaBase":10,
        "fatigueCurrent":400
      },
      "inventory":[{
          "refId":"ingred_hound_meat_01",
          "count":1,
          "charge":-1,