{
  "packets":{
    "actorList":["0-1925","0-1920","0-1924","0-1923","0-1922","0-1926","0-1921","149306-0"],
    "ai":[],
    "cellChangeFrom":[],
    "cellChangeTo":[],
    "container":["49430-0","49431-0","49432-0","49433-0","49434-0","49438-0","49439-0","49440-0","49441-0","49442-0","209696-0","209710-0","474484-0","149306-0","0-1925","0-1920","0-1924","0-1923","0-1922","0-1926","0-1921"],
    "death":[],
    "delete":[],
    "doorState":[],
    "equipment":["149306-0"],
    "lock":[],
    "place":[],
    "position":["149306-0","0-1920","0-1921","0-1922","0-1923","0-1924","0-1925","0-1926"],
    "scale":[],
    "spawn":["0-1925","0-1920","0-1924","0-1923","0-1922","0-1926","0-1921"],
    "state":[],
    "statsDynamic":["149306-0","0-1920","0-1921","0-1922","0-1923","0-1924","0-1925","0-1926"],
    "trap":[],
    "spellsActive":[],
    "miscellaneous":[],
    "clientScriptLocal":[]
  },
  "entry":{
    "creationTime":1697217687,
    "description":"-6, 13"
  },
  "lastVisit":{
    "ZIR":1697455368,
    "Adamast":1697217737,
    "Violetta":1697455371
  },
  "recordLinks":[],
  "objectData":{
    "49438-0":{
      "refId":"flora_chokeweed_02",
      "inventory":[{
          "refId":"ingred_chokeweed_01",
          "count":1,
          "charge":-1,
          "enchantmentCharge":-1,
          "soul":""
        }]
    },
    "0-1920":{
      "refId":"cliff racer",
      "location":{
        "posX":-44027.04296875,
        "posZ":2831.9350585938,
        "posY":109157.03125,
        "rotX":-0.00053409021347761,
        "rotY":0,
        "rotZ":-1.9746124744415
      },
      "stats":{
        "healthCurrent":45,
        "magickaCurrent":20,
        "healthModified":45,
        "fatigueBase":400,
        "fatigueModified":400,
        "healthBase":45,
        "magickaModified":20,
        "magickaBase":20,
        "fatigueCurrent":400
      },
      "inventory":[{
          "refId":"ingred_racer_plumes_01",
          "count":1,
          "charge":-1,
          "enchantmentCharge":-1,
          "soul":""
        }]
    },
    "209710-0":{
      "refId":"flora_bittergreen_04",
      "inventory":[{
          "refId":"ingred_bittergreen_petals_01",
          "count":1,
          "charge":-1,
          "enchantmentCharge":-1,
          "soul":""
        }]
    },
    "0-1925":{
      "refId":"scamp",
      "location":{
        "posX":-46112.3828125,
        "posZ":815.53826904297,
        "posY":109404.90625,
        "rotX":0.24893280863762,
        "rotY":0,
        "rotZ":-3.072900056839
      },
      "stats":{
        "healthCurrent":45,
        "magickaCurrent":100,
        "healthModified":45,
        "fatigueBase":400,
        "fatigueModified":400,
        "healthBase":45,
        "magickaModified":100,
        "magickaBase":100,
        "fatigueCurrent":400
      },
      "inventory":[{
          "refId":"ingred_scamp_skin_01",
          "count":1,
          "charge":-1,
          "enchantmentCharge":-1,
          "soul":""
        }]
    },
    "49430-0":{
      "refId":"flora_chokeweed_02",
      "inventory":[{
          "refId":"ingred_chokeweed_01",
          "count":1,
          "charge":-1,
          "enchantmentCharge":-1,
          "soul":""
        }]
    },
    "49431-0":{
      "refId":"flora_chokeweed_02",
      "inventory":[{
          "refId":"ingred_chokeweed_01",
          "count":1,
          "charge":-1,
          "enchantmentCharge":-1,
          "soul":""
        }]
    },
    "0-1923":{
      "refId":"atronach_frost",
      "location":{
        "posX":-45001.0703125,
        "posZ":705,
        "posY":108221.609375,
        "rotX":-0.044432047754526,
        "rotY":0,
        "rotZ":2.4605033397675
      },
      "stats":{
        "healthCurrent":105,
        "magickaCurrent":135,
        "healthModified":105,
        "fatigueBase":600,
        "fatigueModified":600,
        "healthBase":105,
        "magickaModified":135,
        "magickaBase":135,
        "fatigueCurrent":600
      },
      "inventory":[{
          "refId":"ingred_frost_salts_01",
          "count":1,
          "charge":-1,
          "enchantmentCharge":-1,
          "soul":""
        }]
    },
    "0-1922":{
      "refId":"scrib diseased",
      "location":{
        "posX":-48128.20703125,
        "posZ":843.63110351563,
        "posY":109364.8125,
        "rotX":0,
        "rotY":0,
        "rotZ":2.1000001430511
      },
      "stats":{
        "healthCurrent":8,
        "magickaCurrent":12,
        "healthModified":8,
        "fatigueBase":78,
        "fatigueModified":78,
        "healthBase":8,
        "magickaModified":12,
        "magickaBase":12,
        "fatigueCurrent":78
      },
      "inventory":[{
          "refId":"ingred_scrib_jelly_01",
          "count":2,
          "charge":-1,
          "enchantmentCharge":-1,
          "soul":""
        }]
    },
    "49440-0":{
      "refId":"flora_chokeweed_02",
      "inventory":[]
    },
    "49442-0":{
      "refId":"flora_chokeweed_02",
      "inventory":[{
          "refId":"ingred_chokeweed_01",
          "count":1,
          "charge":-1,
          "enchantmentCharge":-1,
          "soul":""
        }]
    },
    "149306-0":{
      "refId":"nevusa veleth",
      "location":{
        "posX":-45714.421875,
        "posZ":750.37762451172,
        "posY":109214.4296875,
        "rotX":-0.0482287555933,
        "rotY":0,
        "rotZ":-1.2397568225861
      },
      "stats":{
        "healthCurrent":99,
        "magickaCurrent":158,
        "healthModified":99,
        "fatigueBase":251,
        "fatigueModified":251,
        "healthBase":99,
        "magickaModified":158,
        "magickaBase":158,
        "fatigueCurrent":251
      },
      "equipment":{
        "7":{
          "refId":"expensive_shoes_03",
          "count":1,
          "charge":-1,
          "enchantmentCharge":-1
        },
        "16":{
          "refId":"firebite dagger",
          "count":1,
          "charge":-1,
          "enchantmentCharge":-1
        },
        "11":{
          "refId":"extravagant_robe_01_b",
          "count":1,
          "charge":-1,
          "enchantmentCharge":-1
        },
        "14":{
          "refId":"expensive_amulet_01",
          "count":1,
          "charge":-1,
          "enchantmentCharge":-1
        }
      },
      "inventory":[{
          "refId":"expensive_amulet_01",
          "count":1,
          "charge":-1,
          "enchantmentCharge":-1,
          "soul":""
        },{
          "refId":"extravagant_robe_01_b",
          "count":1,
          "charge":-1,
          "enchantmentCharge":-1,
          "soul":""
        },{
          "refId":"expensive_shoes_03",
          "count":1,
          "charge":-1,
          "enchantmentCharge":-1,
          "soul":""
        },{
          "refId":"firebite dagger",
          "count":1,
          "charge":-1,
          "enchantmentCharge":-1,
          "soul":""
        }]
    },
    "0-1926":{
      "refId":"scamp",
      "location":{
        "posX":-46278.8359375,
        "posZ":910.20874023438,
        "posY":110226.515625,
        "rotX":-0.0018945252522826,
        "rotY":0,
        "rotZ":3.0311267375946
      },
      "stats":{
        "healthCurrent":45,
        "magickaCurrent":100,
        "healthModified":45,
        "fatigueBase":400,
        "fatigueModified":400,
        "healthBase":45,
        "magickaModified":100,
        "magickaBase":100,
        "fatigueCurrent":400
      },
      "inventory":[]
    },
    "474484-0":{
      "refId":"flora_kreshweed_01",
      "inventory":[{
          "refId":"ingred_kresh_fiber_01",
          "count":1,
          "charge":-1,
          "enchantmentCharge":-1,
          "soul":""
        }]
    },
    "0-1924":{
      "refId":"clannfear",
      "location":{
        "posX":-44909.109375,
        "posZ":956.11987304688,
        "posY":109598.8125,
        "rotX":-0.32179898023605,
        "rotY":0,
        "rotZ":-0.20730471611023
      },
      "stats":{
        "healthCurrent":113,