{
  "packets":{
    "actorList":["0-2250","0-2251","0-2252","127524-0","127523-0"],
    "ai":[],
    "cellChangeFrom":[],
    "cellChangeTo":[],
    "container":["256410-0","256412-0","256413-0","256428-0","256429-0","256430-0","256431-0","256432-0","256490-0","256498-0","256499-0","256500-0","257611-0","257612-0","257613-0","257625-0","257626-0","257670-0","127523-0","127524-0","0-2250","0-2251","0-2252"],
    "death":[],
    "delete":[],
    "doorState":[],
    "equipment":["127524-0","127523-0"],
    "lock":[],
    "place":[],
    "position":["127523-0","127524-0","0-2250","0-2251","0-2252"],
    "scale":[],
    "spawn":["0-2250","0-2251","0-2252"],
    "state":[],
    "statsDynamic":["127523-0","127524-0","0-2250","0-2251","0-2252"],
    "trap":[],
    "spellsActive":[],
    "miscellaneous":[],
    "clientScriptLocal":[]
  },
  "entry":{
    "creationTime":1697225279,
    "description":"-7, -4"
  },
  "lastVisit":{
    "ZIR":1697360251,
    "Adamast":1697225649,
    "Violetta":1697360261
  },
  "recordLinks":[],
  "objectData":{
    "0-2252":{
      "refId":"scamp",
      "location":{
        "posX":-56679.3203125,
        "posZ":67.967468261719,
        "posY":-32279.283203125,
        "rotX":-0.30259302258492,
        "rotY":0,
        "rotZ":-0.55364203453064
      },
      "stats":{
        "healthCurrent":45,
        "magickaCurrent":100,
        "healthModified":45,
        "fatigueBase":400,
        "fatigueModified":400,
        "healthBase":45,
        "magickaModified":100,
        "magickaBase":100,
        "fatigueCurrent":400
      },
      "inventory":[{
          "refId":"ingred_scamp_skin_01",
          "count":1,
          "charge":-1,
          "enchantmentCharge":-1,
          "soul":""
        }]
    },
    "257625-0":{
      "refId":"flora_bittergreen_06",
      "inventory":[]
    },
    "256431-0":{
      "refId":"flora_bc_mushroom_06",
      "inventory":[{
          "refId":"ingred_coprinus_01",
          "count":1,
          "charge":-1,
          "enchantmentCharge":-1,
          "soul":""
        }]
    },
    "256498-0":{
      "refId":"flora_bc_mushroom_07",
      "inventory":[{
          "refId":"ingred_coprinus_01",
          "count":1,
          "charge":-1,
          "enchantmentCharge":-1,
          "soul":""
        }]
    },
    "257670-0":{
      "refId":"flora_bittergreen_10",
      "inventory":[]
    },
    "257611-0":{
      "refId":"flora_bittergreen_09",
      "inventory":[]
    },
    "257612-0":{
      "refId":"flora_bittergreen_08",
      "inventory":[]
    },
    "256499-0":{
      "refId":"flora_bc_mushroom_07",
      "inventory":[{
          "refId":"ingred_coprinus_01",
          "count":1,
          "charge":-1,
          "enchantmentCharge":-1,
          "soul":""
        }]
    },
    "256500-0":{
      "refId":"flora_bc_mushroom_04",
      "inventory":[{
          "refId":"ingred_russula_01",
          "count":2,
          "charge":-1,
          "enchantmentCharge":-1,
          "soul":""
        }]
    },
    "127524-0":{
      "refId":"muzgonk gro-borbog",
      "location":{
        "posX":-55939.25390625,
        "posZ":484.2301940918,
        "posY":-30432.494140625,
        "rotX":0,
        "rotY":0,
        "rotZ":3.6000001430511
      },
      "stats":{
        "healthCurrent":202,
        "magickaCurrent":88,
        "healthModified":202,
        "fatigueBase":331,
        "fatigueModified":331,
        "healthBase":202,
        "magickaModified":88,
        "magickaBase":88,
        "fatigueCurrent":331
      },
      "equipment":{
        "0":{
          "refId":"orcish_helm",
          "count":1,
          "charge":-1,
          "enchantmentCharge":-1
        },
        "1":{
          "refId":"orcish_cuirass",
          "count":1,
          "charge":-1,
          "enchantmentCharge":-1
        },
        "2":{
          "refId":"orcish_greaves",
          "count":1,
          "charge":-1,
          "enchantmentCharge":-1
        },
        "3":{
          "refId":"orcish_pauldron_left",
          "count":1,
          "charge":-1,
          "enchantmentCharge":-1
        },
        "4":{
          "refId":"orcish_pauldron_right",
          "count":1,
          "charge":-1,
          "enchantmentCharge":-1
        },
        "5":{
          "refId":"orcish_bracer_left",
          "count":1,
          "charge":-1,
          "enchantmentCharge":-1
        },
        "6":{
          "refId":"orcish_bracer_right",
          "count":1,
          "charge":-1,
          "enchantmentCharge":-1
        },
        "7":{
          "refId":"orcish_boots",
          "count":1,
          "charge":-1,
          "enchantmentCharge":-1
        },
        "16":{
          "refId":"steel broadsword",
          "count":1,
          "charge":-1,
          "enchantmentCharge":-1
        },
        "17":{
          "refId":"orcish_towershield",
          "count":1,
          "charge":-1,
          "enchantmentCharge":-1
        }
      },
      "inventory":[{
          "refId":"orcish_bracer_right",
          "count":1,
          "charge":-1,
          "enchantmentCharge":-1,
          "soul":""
        },{
          "refId":"orcish_bracer_left",
          "count":1,
          "charge":-1,
          "enchantmentCharge":-1,
          "soul":""
        },{
          "refId":"orcish_towershield",
          "count":1,
          "charge":-1,
          "enchantmentCharge":-1,
          "soul":""
        },{
          "refId":"orcish_boots",
          "count":1,
          "charge":-1,
          "enchantmentCharge":-1,
          "soul":""
        },{
          "refId":"orcish_greaves",
          "count":1,
          "charge":-1,
          "enchantmentCharge":-1,
          "soul":""
        },{
          "refId":"orcish_pauldron_right",
          "count":1,
          "charge":-1,
          "enchantmentCharge":-1,
          "soul":""
        },{
          "refId":"orcish_pauldron_left",
          "count":1,
          "charge":-1,
          "enchantmentCharge":-1,
          "soul":""
        },{
          "refId":"orcish_cuirass",
          "count":1,
          "charge":-1,
          "enchantmentCharge":-1,
          "soul":""
        },{
          "refId":"orcish_helm",
          "count":1,
          "charge":-1,
          "enchantmentCharge":-1,
          "soul":""
        },{
          "refId":"steel broadsword",
          "count":1,
          "charge":-1,
          "enchantmentCharge":-1,
          "soul":""
        }]
    },
    "0-2251":{
      "refId":"atronach_flame",
      "location":{
        "posX":-55104.78125,
        "posZ":3.926146030426,
        "posY":-31747.451171875,
        "rotX":-0.042275667190552,
        "rotY":0,
        "rotZ":0.23222756385803
      },
      "stats":{
        "healthCurrent":75,
        "magickaCurrent":105,
        "healthModified":75,
        "fatigueBase":600,
        "fatigueModified":600,
        "healthBase":75,
        "magickaModified":105,
        "magickaBase":105,
        "fatigueCurrent":600
      },
      "inventory":[{
          "refId":"ingred_fire_salts_01",
          "count":1,
          "charge":-1,
          "enchantmentCharge":-1,
          "soul":""
        }]
    },
    "0-2250":{
      "refId":"scamp",
      "location":{
        "posX":-55782.91015625,
        "posZ":24.900913238525,
        "posY":-29619.521484375,
        "rotX":0.32616472244263,
        "rotY":0,
        "rotZ":2.0620410442352
      },
      "stats":{
        "healthCurrent":45,
        "magickaCurrent":100,
        "healthModified":45,
        "fatigueBase":400,
        "fatigueModified":400,
        "healthBase":45,
        "magickaModified":100,
        "magickaBase":100,
        "fatigueCurrent":400
      },
      "inventory":[{
          "refId":"ingred_scamp_skin_01",
          "count":1,
          "charge":-1,
          "enchantmentCharge":-1,
          "soul":""
        }]
    },
    "256490-0":{
      "refId":"flora_bc_fern_01",