{
  "packets":{
    "actorList":["0-1741","274675-0","274674-0","0-1742"],
    "ai":[],
    "cellChangeFrom":[],
    "cellChangeTo":["274676-0"],
    "container":["274678-0","474635-0","474636-0","474637-0","474638-0","474639-0","474640-0","474641-0","474642-0","474643-0","474644-0","274674-0","274675-0","0-1741","0-1742"],
    "death":[],
    "delete":[],
    "doorState":[],
    "equipment":["274675-0","274674-0"],
    "lock":[],
    "place":[],
    "position":["274675-0","0-1741","274674-0","0-1742"],
    "scale":[],
    "spawn":["0-1741","0-1742"],
    "state":[],
    "statsDynamic":["274675-0","0-1741","274674-0","0-1742"],
    "trap":[],
    "spellsActive":[],
    "miscellaneous":[],
    "clientScriptLocal":[]
  },
  "entry":{
    "creationTime":1697211372,
    "description":"-7, 17"
  },
  "lastVisit":{
    "ZIR":1697211402,
    "Adamast":1697218243,
    "Violetta":1697211456
  },
  "recordLinks":[],
  "objectData":{
    "0-1742":{
      "refId":"nix-hound blighted",
      "location":{
        "posX":-57063.609375,
        "posZ":1197.6755371094,
        "posY":143829.78125,
        "rotX":0.25230202078819,
        "rotY":0,
        "rotZ":1.1158249378204
      },
      "stats":{
        "healthCurrent":68,
        "magickaCurrent":10,
        "fatigueModified":138,
        "fatigueBase":138,
        "healthBase":68,
        "healthModified":68,
        "magickaModified":10,
        "magickaBase":10,
        "fatigueCurrent":138
      },
      "inventory":[{
          "refId":"ingred_hound_meat_01",
          "count":2,
          "charge":-1,
          "enchantmentCharge":-1,
          "soul":""
        }]
    },
    "474642-0":{
      "refId":"flora_kreshweed_03",
      "inventory":[]
    },
    "474635-0":{
      "refId":"flora_kreshweed_01",
      "inventory":[{
          "refId":"ingred_kresh_fiber_01",
          "count":1,
          "charge":-1,
          "enchantmentCharge":-1,
          "soul":""
        }]
    },
    "274675-0":{
      "refId":"ainat maessabibi",
      "location":{
        "posX":-56676.28125,
        "posZ":1079.5189208984,
        "posY":139837.734375,
        "rotX":-0.27422451972961,
        "rotY":0,
        "rotZ":2.3821218013763
      },
      "stats":{
        "healthCurrent":98,
        "magickaCurrent":96,
        "healthModified":98,
        "fatigueBase":212,
        "magickaModified":96,
        "fatigueModified":212,
        "healthBase":98,
        "magickaBase":96,
        "fatigueCurrent":212
      },
      "equipment":{
        "16":{
          "refId":"chitin club",
          "count":1,
          "charge":-1,
          "enchantmentCharge":-1
        },
        "8":{
          "refId":"common_shirt_02",
          "count":1,
          "charge":-1,
          "enchantmentCharge":-1
        },
        "7":{
          "refId":"netch_leather_boots",
          "count":1,
          "charge":-1,
          "enchantmentCharge":-1
        },
        "1":{
          "refId":"netch_leather_boiled_cuirass",
          "count":1,
          "charge":-1,
          "enchantmentCharge":-1
        },
        "9":{
          "refId":"common_pants_05",
          "count":1,
          "charge":-1,
          "enchantmentCharge":-1
        }
      },
      "inventory":[{
          "refId":"netch_leather_boots",
          "count":1,
          "charge":-1,
          "enchantmentCharge":-1,
          "soul":""
        },{
          "refId":"netch_leather_boiled_cuirass",
          "count":1,
          "charge":-1,
          "enchantmentCharge":-1,
          "soul":""
        },{
          "refId":"common_shirt_02",
          "count":1,
          "charge":-1,
          "enchantmentCharge":-1,
          "soul":""
        },{
          "refId":"common_shoes_01",
          "count":1,
          "charge":-1,
          "enchantmentCharge":-1,
          "soul":""
        },{
          "refId":"common_pants_05",
          "count":1,
          "charge":-1,
          "enchantmentCharge":-1,
          "soul":""
        },{
          "refId":"chitin club",
          "count":1,
          "charge":-1,
          "enchantmentCharge":-1,
          "soul":""
        }]
    },
    "274676-0":{
      "cellChangeTo":"-9, 17"
    },
    "474637-0":{
      "refId":"flora_kreshweed_02",
      "inventory":[{
          "refId":"ingred_kresh_fiber_01",
          "count":1,
          "charge":-1,
          "enchantmentCharge":-1,
          "soul":""
        }]
    },
    "274674-0":{
      "refId":"malay ranarbatus",
      "location":{
        "posX":-57309.83203125,
        "posZ":1043.8985595703,
        "posY":139489.921875,
        "rotX":0.050853122025728,
        "rotY":0,
        "rotZ":-2.4144880771637
      },
      "stats":{
        "healthCurrent":77,
        "magickaCurrent":88,
        "fatigueModified":209,
        "fatigueBase":209,
        "healthBase":77,
        "healthModified":77,
        "magickaModified":88,
        "magickaBase":88,
        "fatigueCurrent":209
      },
      "equipment":{
        "9":{
          "refId":"common_pants_03_c",
          "count":1,
          "charge":-1,
          "enchantmentCharge":-1
        },
        "8":{
          "refId":"common_shirt_02_t",
          "count":1,
          "charge":-1,
          "enchantmentCharge":-1
        },
        "5":{
          "refId":"chitin guantlet - left",
          "count":1,
          "charge":-1,
          "enchantmentCharge":-1
        },
        "18":{
          "refId":"chitin arrow",
          "count":45,
          "charge":-1,
          "enchantmentCharge":-1
        },
        "7":{
          "refId":"chitin boots",
          "count":1,
          "charge":-1,
          "enchantmentCharge":-1
        },
        "16":{
          "refId":"chitin short bow",
          "count":1,
          "charge":-1,
          "enchantmentCharge":-1
        },
        "6":{
          "refId":"chitin guantlet - right",
          "count":1,
          "charge":-1,
          "enchantmentCharge":-1
        }
      },
      "inventory":[{
          "refId":"chitin guantlet - right",
          "count":1,
          "charge":-1,
          "enchantmentCharge":-1,
          "soul":""
        },{
          "refId":"chitin guantlet - left",
          "count":1,
          "charge":-1,
          "enchantmentCharge":-1,
          "soul":""
        },{
          "refId":"chitin boots",
          "count":1,
          "charge":-1,
          "enchantmentCharge":-1,
          "soul":""
        },{
          "refId":"common_shirt_02_t",
          "count":1,
          "charge":-1,
          "enchantmentCharge":-1,
          "soul":""
        },{
          "refId":"common_shoes_01",
          "count":1,
          "charge":-1,
          "enchantmentCharge":-1,
          "soul":""
        },{
          "refId":"common_pants_03_c",
          "count":1,
          "charge":-1,
          "enchantmentCharge":-1,
          "soul":""
        },{
          "refId":"chitin arrow",
          "count":45,
          "charge":-1,
          "enchantmentCharge":-1,
          "soul":""
        },{
          "refId":"chitin short bow",
          "count":1,
          "charge":-1,
          "enchantmentCharge":-1,
          "soul":""
        },{
          "refId":"chitin war axe",
          "count":1,
          "charge":-1,
          "enchantmentCharge":-1,
          "soul":""
        }]
    },
    "474636-0":{
      "refId":"flora_kreshweed_02",
      "inventory":[{
          "refId":"ingred_kresh_fiber_01",
          "count":1,
          "charge":-1,
          "enchantmentCharge":-1,
          "soul":""
        }]
    },
    "474644-0":{
      "refId":"flora_roobrush_02",
      "inventory":[{
          "refId":"ingred_roobrush_01",
          "count":1,
          "charge":-1,
          "enchantmentCharge":-1,
          "soul":""
        }]
    },
    "0-1741":{
      "refId":"kwama forager blighted",
      "location":{
        "posX":-50462.75,
        "posZ":1754.8167724609,
        "posY":145621.71875,
        "rotX":0,