{
  "packets":{
    "actorList":["0-2239","0-2240","0-2237","0-2242","0-2241","0-2238"],
    "ai":[],
    "cellChangeFrom":[],
    "cellChangeTo":[],
    "container":["256750-0","256751-0","256752-0","256753-0","256754-0","256862-0","256863-0","256929-0","256943-0","256944-0","256945-0","256946-0","256947-0","295135-0","295136-0","295137-0","295138-0","295139-0","295140-0","295141-0","464224-0","0-2239","0-2240","0-2237","0-2242","0-2241","0-2238"],
    "death":[],
    "delete":[],
    "doorState":[],
    "equipment":[],
    "lock":[],
    "place":[],
    "position":["0-2237","0-2239","0-2240","0-2241","0-2242","0-2238"],
    "scale":[],
    "spawn":["0-2239","0-2240","0-2237","0-2242","0-2241","0-2238"],
    "state":[],
    "statsDynamic":["0-2237","0-2239","0-2240","0-2241","0-2242","0-2238"],
    "trap":[],
    "spellsActive":[],
    "miscellaneous":[],
    "clientScriptLocal":[]
  },
  "entry":{
    "creationTime":1697225279,
    "description":"-7, -5"
  },
  "lastVisit":{
    "ZIR":1697360251,
    "Adamast":1697225649,
    "Violetta":1697360261
  },
  "recordLinks":[],
  "objectData":{
    "295138-0":{
      "refId":"crate_de_moonsugar",
      "inventory":[{
          "refId":"ingred_moon_sugar_01",
          "count":4,
          "charge":-1,
          "enchantmentCharge":-1,
          "soul":""
        }]
    },
    "256754-0":{
      "refId":"flora_bc_mushroom_06",
      "inventory":[{
          "refId":"ingred_coprinus_01",
          "count":1,
          "charge":-1,
          "enchantmentCharge":-1,
          "soul":""
        }]
    },
    "295139-0":{
      "refId":"barrel_01",
      "inventory":[]
    },
    "0-2241":{
      "refId":"dreugh",
      "location":{
        "posX":-57149.453125,
        "posZ":-166.74293518066,
        "posY":-37224.7890625,
        "rotX":0,
        "rotY":0,
        "rotZ":-1.3773477077484
      },
      "stats":{
        "healthCurrent":60,
        "magickaCurrent":75,
        "healthModified":60,
        "fatigueBase":400,
        "fatigueModified":400,
        "healthBase":60,
        "magickaModified":75,
        "magickaBase":75,
        "fatigueCurrent":400
      },
      "inventory":[{
          "refId":"ingred_dreugh_wax_01",
          "count":1,
          "charge":-1,
          "enchantmentCharge":-1,
          "soul":""
        }]
    },
    "256945-0":{
      "refId":"flora_bc_shelffungus_04",
      "inventory":[{
          "refId":"ingred_bc_hypha_facia",
          "count":1,
          "charge":-1,
          "enchantmentCharge":-1,
          "soul":""
        }]
    },
    "295140-0":{
      "refId":"barrel_02_floater",
      "inventory":[]
    },
    "295135-0":{
      "refId":"com_chest_01_misc01",
      "inventory":[{
          "refId":"expensive_amulet_02",
          "count":1,
          "charge":-1,
          "enchantmentCharge":-1,
          "soul":""
        },{
          "refId":"common_ring_04",
          "count":1,
          "charge":-1,
          "enchantmentCharge":-1,
          "soul":""
        },{
          "refId":"common_robe_05_c",
          "count":1,
          "charge":-1,
          "enchantmentCharge":-1,
          "soul":""
        },{
          "refId":"common_belt_03",
          "count":1,
          "charge":-1,
          "enchantmentCharge":-1,
          "soul":""
        },{
          "refId":"common_shoes_05",
          "count":1,
          "charge":-1,
          "enchantmentCharge":-1,
          "soul":""
        }]
    },
    "464224-0":{
      "refId":"kollop_03_pearl",
      "inventory":[]
    },
    "256750-0":{
      "refId":"flora_bc_podplant_01",
      "inventory":[{
          "refId":"ingred_bc_ampoule_pod",
          "count":1,
          "charge":-1,
          "enchantmentCharge":-1,
          "soul":""
        }]
    },
    "0-2240":{
      "refId":"mudcrab",
      "location":{
        "posX":-50732.5234375,
        "posZ":92.974197387695,
        "posY":-37455.33203125,
        "rotX":0.36020117998123,
        "rotY":0,
        "rotZ":2.0710566043854
      },
      "stats":{
        "healthCurrent":15,
        "magickaCurrent":5,
        "healthModified":15,
        "fatigueBase":400,
        "fatigueModified":400,
        "healthBase":15,
        "magickaModified":5,
        "magickaBase":5,
        "fatigueCurrent":400
      },
      "inventory":[{
          "refId":"ingred_crab_meat_01",
          "count":2,
          "charge":-1,
          "enchantmentCharge":-1,
          "soul":""
        }]
    },
    "0-2242":{
      "refId":"slaughterfish_small",
      "location":{
        "posX":-55261.734375,
        "posZ":-173.04406738281,
        "posY":-36022.4140625,
        "rotX":0,
        "rotY":0,
        "rotZ":2.1978981494904
      },
      "stats":{
        "healthCurrent":15,
        "magickaCurrent":10,
        "healthModified":15,
        "fatigueBase":300,
        "fatigueModified":300,
        "healthBase":15,
        "magickaModified":10,
        "magickaBase":10,
        "fatigueCurrent":300
      },
      "inventory":[{
          "refId":"ingred_scales_01",
          "count":1,
          "charge":-1,
          "enchantmentCharge":-1,
          "soul":""
        }]
    },
    "0-2237":{
      "refId":"slaughterfish_small",
      "location":{
        "posX":-50276.65625,
        "posZ":-153.42230224609,
        "posY":-40165.75390625,
        "rotX":0,
        "rotY":0,
        "rotZ":2.7136852741241
      },
      "stats":{
        "healthCurrent":15,
        "magickaCurrent":10,
        "healthModified":15,
        "fatigueBase":300,
        "fatigueModified":300,
        "healthBase":15,
        "magickaModified":10,
        "magickaBase":10,
        "fatigueCurrent":300
      },
      "inventory":[{
          "refId":"ingred_scales_01",
          "count":1,
          "charge":-1,
          "enchantmentCharge":-1,
          "soul":""
        }]
    },
    "256947-0":{
      "refId":"flora_bc_shelffungus_02",
      "inventory":[{
          "refId":"ingred_bc_bungler's_bane",
          "count":1,
          "charge":-1,
          "enchantmentCharge":-1,
          "soul":""
        }]
    },
    "256751-0":{
      "refId":"flora_bc_podplant_01",
      "inventory":[]
    },
    "256863-0":{
      "refId":"flora_bc_mushroom_01",
      "inventory":[{
          "refId":"ingred_russula_01",
          "count":1,
          "charge":-1,
          "enchantmentCharge":-1,
          "soul":""
        }]
    },
    "256929-0":{
      "refId":"flora_bc_fern_01",
      "inventory":[{
          "refId":"ingred_bc_spore_pod",
          "count":3,
          "charge":-1,
          "enchantmentCharge":-1,
          "soul":""
        }]
    },
    "256943-0":{
      "refId":"flora_bc_shelffungus_03",
      "inventory":[{
          "refId":"ingred_bc_hypha_facia",
          "count":1,
          "charge":-1,
          "enchantmentCharge":-1,
          "soul":""
        }]
    },
    "256946-0":{
      "refId":"flora_bc_shelffungus_04",
      "inventory":[{
          "refId":"ingred_bc_hypha_facia",
          "count":1,
          "charge":-1,
          "enchantmentCharge":-1,
          "soul":""
        }]
    },
    "295136-0":{
      "refId":"crate_de_floater",
      "inventory":[]
    },
    "256752-0":{
      "refId":"flora_bc_podplant_01",
      "inventory":[{
          "refId":"ingred_bc_ampoule_pod",
          "count":1,
          "charge":-1,
          "enchantmentCharge":-1,
          "soul":""
        }]
    },
    "0-2239":{
      "refId":"cliff racer",
      "location":{
        "posX":-50411.625,
        "posZ":208.8609161377,
        "posY":-37638.88671875,
        "rotX":0.00066230352967978,
        "rotY":0,
        "rotZ":-2.163859128952
      },
      "stats":{
        "healthCurrent":45,
        "magickaCurrent":20,
        "healthModified":45,
        "fatigueBase":400,
        "fatigueModified":400,
        "healthBase":45,
        "magickaModified":20,
        "magickaBase":20,
        "fatigueCurrent":400
      },