{
  "packets":{
    "actorList":["0-2469","0-2462","0-2467","0-2468","0-2465","0-2466","0-2463","0-2464","0-2471","0-2470"],
    "ai":[],
    "cellChangeFrom":[],
    "cellChangeTo":[],
    "container":["44148-0","44149-0","44151-0","44155-0","50173-0","50174-0","50175-0","50176-0","50177-0","50178-0","50179-0","50180-0","475106-0","475107-0","475108-0","475109-0","475110-0","475111-0","475116-0","475117-0","475118-0","475119-0","475120-0","475121-0","475125-0","475126-0","475127-0","475128-0","475129-0","475130-0","475131-0","475132-0","475133-0","475134-0","475135-0","475136-0","475137-0","475138-0","475139-0","475140-0","475141-0","475148-0","475149-0","475150-0","475151-0","475152-0","475153-0","475154-0","475155-0","475160-0","475161-0","475162-0","475163-0","0-2469","0-2462","0-2467","0-2468","0-2465","0-2466","0-2463","0-2464","0-2471","0-2470"],
    "death":[],
    "delete":[],
    "doorState":[],
    "equipment":[],
    "lock":[],
    "place":[],
    "position":["0-2462","0-2463","0-2464","0-2465","0-2466","0-2467","0-2468","0-2469","0-2470","0-2471"],
    "scale":[],
    "spawn":["0-2469","0-2462","0-2467","0-2468","0-2465","0-2466","0-2463","0-2464","0-2471","0-2470"],
    "state":[],
    "statsDynamic":["0-2462","0-2463","0-2464","0-2465","0-2466","0-2467","0-2468","0-2469","0-2470","0-2471"],
    "trap":[],
    "spellsActive":[],
    "miscellaneous":[],
    "clientScriptLocal":[]
  },
  "entry":{
    "creationTime":1697349873,
    "description":"-8, 9"
  },
  "lastVisit":{
    "ZIR":1697349895
  },
  "recordLinks":[],
  "objectData":{
    "0-2462":{
      "refId":"nix-hound blighted",
      "location":{
        "posX":-63180.140625,
        "posZ":2738.0864257813,
        "posY":75847.4453125,
        "rotX":0,
        "rotY":0,
        "rotZ":0
      },
      "stats":{
        "healthCurrent":68,
        "magickaCurrent":10,
        "healthModified":68,
        "fatigueBase":140,
        "fatigueModified":140,
        "healthBase":68,
        "magickaModified":10,
        "magickaBase":10,
        "fatigueCurrent":140
      },
      "inventory":[]
    },
    "0-2470":{
      "refId":"nix-hound",
      "location":{
        "posX":-57923.5390625,
        "posZ":1634.6650390625,
        "posY":80051.7421875,
        "rotX":0,
        "rotY":0,
        "rotZ":0
      },
      "stats":{
        "healthCurrent":23,
        "magickaCurrent":10,
        "healthModified":23,
        "fatigueBase":400,
        "fatigueModified":400,
        "healthBase":23,
        "magickaModified":10,
        "magickaBase":10,
        "fatigueCurrent":400
      },
      "inventory":[{
          "refId":"ingred_hound_meat_01",
          "count":1,
          "charge":-1,
          "enchantmentCharge":-1,
          "soul":""
        }]
    },
    "0-2471":{
      "refId":"scrib",
      "location":{
        "posX":-60109.9140625,
        "posZ":2303.0720214844,
        "posY":80865.46875,
        "rotX":0,
        "rotY":0,
        "rotZ":0
      },
      "stats":{
        "healthCurrent":8,
        "magickaCurrent":12,
        "healthModified":8,
        "fatigueBase":300,
        "fatigueModified":300,
        "healthBase":8,
        "magickaModified":12,
        "magickaBase":12,
        "fatigueCurrent":300
      },
      "inventory":[]
    },
    "0-2464":{
      "refId":"rat_blighted",
      "location":{
        "posX":-59114.62109375,
        "posZ":2290.4213867188,
        "posY":74457.1171875,
        "rotX":0,
        "rotY":0,
        "rotZ":0
      },
      "stats":{
        "healthCurrent":45,
        "magickaCurrent":10,
        "healthModified":45,
        "fatigueBase":70,
        "fatigueModified":70,
        "healthBase":45,
        "magickaModified":10,
        "magickaBase":10,
        "fatigueCurrent":70
      },
      "inventory":[{
          "refId":"ingred_rat_meat_01",
          "count":2,
          "charge":-1,
          "enchantmentCharge":-1,
          "soul":""
        }]
    },
    "0-2463":{
      "refId":"kwama forager",
      "location":{
        "posX":-61327.78515625,
        "posZ":2645.6569824219,
        "posY":75522.0390625,
        "rotX":0,
        "rotY":0,
        "rotZ":0
      },
      "stats":{
        "healthCurrent":23,
        "magickaCurrent":15,
        "healthModified":23,
        "fatigueBase":300,
        "fatigueModified":300,
        "healthBase":23,
        "magickaModified":15,
        "magickaBase":15,
        "fatigueCurrent":300
      },
      "inventory":[{
          "refId":"ingred_kwama_cuttle_01",
          "count":1,
          "charge":-1,
          "enchantmentCharge":-1,
          "soul":""
        }]
    },
    "475111-0":{
      "refId":"flora_stoneflower_02",
      "inventory":[{
          "refId":"ingred_stoneflower_petals_01",
          "count":1,
          "charge":-1,
          "enchantmentCharge":-1,
          "soul":""
        }]
    },
    "50179-0":{
      "refId":"flora_chokeweed_02",
      "inventory":[{
          "refId":"ingred_chokeweed_01",
          "count":1,
          "charge":-1,
          "enchantmentCharge":-1,
          "soul":""
        }]
    },
    "44155-0":{
      "refId":"flora_chokeweed_02",
      "inventory":[{
          "refId":"ingred_chokeweed_01",
          "count":1,
          "charge":-1,
          "enchantmentCharge":-1,
          "soul":""
        }]
    },
    "475140-0":{
      "refId":"flora_stoneflower_01",
      "inventory":[{
          "refId":"ingred_stoneflower_petals_01",
          "count":1,
          "charge":-1,
          "enchantmentCharge":-1,
          "soul":""
        }]
    },
    "475141-0":{
      "refId":"flora_stoneflower_02",
      "inventory":[{
          "refId":"ingred_stoneflower_petals_01",
          "count":1,
          "charge":-1,
          "enchantmentCharge":-1,
          "soul":""
        }]
    },
    "475149-0":{
      "refId":"flora_kreshweed_03",
      "inventory":[{
          "refId":"ingred_kresh_fiber_01",
          "count":1,
          "charge":-1,
          "enchantmentCharge":-1,
          "soul":""
        }]
    },
    "50178-0":{
      "refId":"flora_chokeweed_02",
      "inventory":[{
          "refId":"ingred_chokeweed_01",
          "count":1,
          "charge":-1,
          "enchantmentCharge":-1,
          "soul":""
        }]
    },
    "475150-0":{
      "refId":"flora_roobrush_02",
      "inventory":[{
          "refId":"ingred_roobrush_01",
          "count":1,
          "charge":-1,
          "enchantmentCharge":-1,
          "soul":""
        }]
    },
    "0-2467":{
      "refId":"nix-hound blighted",
      "location":{
        "posX":-62107.203125,
        "posZ":1779.1044921875,
        "posY":77552.3046875,
        "rotX":0,
        "rotY":0,
        "rotZ":0
      },
      "stats":{
        "healthCurrent":68,
        "magickaCurrent":10,
        "healthModified":68,
        "fatigueBase":131,
        "fatigueModified":131,
        "healthBase":68,
        "magickaModified":10,
        "magickaBase":10,
        "fatigueCurrent":131
      },
      "inventory":[{
          "refId":"ingred_hound_meat_01",
          "count":3,
          "charge":-1,
          "enchantmentCharge":-1,
          "soul":""
        }]
    },
    "0-2469":{
      "refId":"netch_betty",
      "location":{
        "posX":-65012.3671875,
        "posZ":2054.2868652344,
        "posY":78824.1171875,
        "rotX":0,
        "rotY":0,
        "rotZ":3.1227705478668
      },
      "stats":{
        "healthCurrent":113,
        "magickaCurrent":75,
        "healthModified":113,
        "fatigueBase":500,
        "fatigueModified":500,
        "healthBase":113,
        "magickaModified":75,
        "magickaBase":75,
        "fatigueCurrent":500
      },
      "inventory":[{
          "refId":"ingred_netch_leather_01",
          "count":2,
          "charge":-1,
          "enchantmentCharge":-1,
          "soul":""
        }]
    },
    "475106-0":{
      "refId":"flora_stoneflower_01",