{
  "packets":{
    "actorList":["0-663","0-662","0-661","76986-0","76987-0","76988-0","355357-0","0-664","287783-0"],
    "ai":[],
    "cellChangeFrom":["355357-0","287783-0"],
    "cellChangeTo":[],
    "container":["208910-0","208913-0","208914-0","208929-0","208930-0","208931-0","208932-0","208933-0","208935-0","208936-0","208937-0","208938-0","208992-0","208993-0","208994-0","208995-0","208996-0","209050-0","209051-0","209052-0","209054-0","209086-0","209087-0","209089-0","209090-0","209091-0","209092-0","209120-0","209121-0","209122-0","210422-0","210423-0","210424-0","210425-0","210426-0","210430-0","210431-0","230624-0","464234-0","76986-0","76987-0","76988-0","0-663","0-662","0-661","0-664","355357-0","287783-0"],
    "death":[],
    "delete":["287784-0"],
    "doorState":[],
    "equipment":[],
    "lock":[],
    "place":[],
    "position":["76986-0","76987-0","76988-0","0-661","0-662","0-663","0-664","355357-0","287783-0"],
    "scale":[],
    "spawn":["0-663","0-662","0-661","0-664"],
    "state":[],
    "statsDynamic":["76986-0","76987-0","76988-0","0-661","0-662","0-663","0-664","355357-0","287783-0"],
    "trap":[],
    "spellsActive":[],
    "miscellaneous":[],
    "clientScriptLocal":[]
  },
  "entry":{
    "creationTime":1696438403,
    "description":"-8, 4"
  },
  "lastVisit":{
    "Violetta":1697360269,
    "Adamast":1697225656,
    "ZIR":1697360257
  },
  "recordLinks":[],
  "objectData":{
    "76987-0":{
      "refId":"mudcrab_hrmudcrabnest",
      "location":{
        "posX":-58880,
        "posZ":247.89163208008,
        "posY":40494.99609375,
        "rotX":0,
        "rotY":0,
        "rotZ":2.8631861209869
      },
      "stats":{
        "healthCurrent":15,
        "magickaCurrent":10,
        "healthModified":15,
        "fatigueBase":300,
        "fatigueModified":300,
        "healthBase":15,
        "magickaModified":10,
        "magickaBase":10,
        "fatigueCurrent":300
      },
      "inventory":[{
          "refId":"ingred_crab_meat_01",
          "count":3,
          "charge":-1,
          "enchantmentCharge":-1,
          "soul":""
        }]
    },
    "210422-0":{
      "refId":"flora_bc_fern_01",
      "inventory":[{
          "refId":"ingred_bc_spore_pod",
          "count":3,
          "charge":-1,
          "enchantmentCharge":-1,
          "soul":""
        }]
    },
    "209054-0":{
      "refId":"flora_bc_fern_01",
      "inventory":[{
          "refId":"ingred_bc_spore_pod",
          "count":3,
          "charge":-1,
          "enchantmentCharge":-1,
          "soul":""
        }]
    },
    "209122-0":{
      "refId":"flora_bc_mushroom_01",
      "inventory":[{
          "refId":"ingred_russula_01",
          "count":1,
          "charge":-1,
          "enchantmentCharge":-1,
          "soul":""
        }]
    },
    "209087-0":{
      "refId":"flora_bc_shelffungus_01",
      "inventory":[{
          "refId":"ingred_bc_bungler's_bane",
          "count":1,
          "charge":-1,
          "enchantmentCharge":-1,
          "soul":""
        }]
    },
    "210426-0":{
      "refId":"flora_bc_shelffungus_04",
      "inventory":[{
          "refId":"ingred_bc_hypha_facia",
          "count":1,
          "charge":-1,
          "enchantmentCharge":-1,
          "soul":""
        }]
    },
    "209051-0":{
      "refId":"flora_bc_mushroom_06",
      "inventory":[{
          "refId":"ingred_coprinus_01",
          "count":1,
          "charge":-1,
          "enchantmentCharge":-1,
          "soul":""
        }]
    },
    "209086-0":{
      "refId":"flora_bc_shelffungus_02",
      "inventory":[{
          "refId":"ingred_bc_bungler's_bane",
          "count":1,
          "charge":-1,
          "enchantmentCharge":-1,
          "soul":""
        }]
    },
    "208913-0":{
      "refId":"flora_bc_shelffungus_02",
      "inventory":[{
          "refId":"ingred_bc_bungler's_bane",
          "count":1,
          "charge":-1,
          "enchantmentCharge":-1,
          "soul":""
        }]
    },
    "208937-0":{
      "refId":"flora_bc_mushroom_08",
      "inventory":[{
          "refId":"ingred_coprinus_01",
          "count":2,
          "charge":-1,
          "enchantmentCharge":-1,
          "soul":""
        }]
    },
    "209090-0":{
      "refId":"flora_bc_mushroom_08",
      "inventory":[{
          "refId":"ingred_coprinus_01",
          "count":2,
          "charge":-1,
          "enchantmentCharge":-1,
          "soul":""
        }]
    },
    "287784-0":{
      "refId":"netch_bull_ilgn"
    },
    "208933-0":{
      "refId":"flora_bc_shelffungus_03",
      "inventory":[{
          "refId":"ingred_bc_hypha_facia",
          "count":1,
          "charge":-1,
          "enchantmentCharge":-1,
          "soul":""
        }]
    },
    "209091-0":{
      "refId":"flora_bc_mushroom_06",
      "inventory":[{
          "refId":"ingred_coprinus_01",
          "count":1,
          "charge":-1,
          "enchantmentCharge":-1,
          "soul":""
        }]
    },
    "210423-0":{
      "refId":"flora_bc_shelffungus_03",
      "inventory":[{
          "refId":"ingred_bc_hypha_facia",
          "count":1,
          "charge":-1,
          "enchantmentCharge":-1,
          "soul":""
        }]
    },
    "0-664":{
      "refId":"slaughterfish_small",
      "location":{
        "posX":-64215.76171875,
        "posZ":-164.37925720215,
        "posY":39355.00390625,
        "rotX":0,
        "rotY":0,
        "rotZ":0.6302752494812
      },
      "stats":{
        "healthCurrent":15,
        "magickaCurrent":10,
        "healthModified":15,
        "fatigueBase":300,
        "fatigueModified":300,
        "healthBase":15,
        "magickaModified":10,
        "magickaBase":10,
        "fatigueCurrent":299.95547485352
      },
      "inventory":[]
    },
    "0-661":{
      "refId":"slaughterfish_small",
      "location":{
        "posX":-60963.234375,
        "posZ":-151.90705871582,
        "posY":36206.81640625,
        "rotX":0,
        "rotY":0,
        "rotZ":-2.1736662387848
      },
      "stats":{
        "healthCurrent":15,
        "magickaCurrent":10,
        "healthModified":15,
        "fatigueBase":300,
        "fatigueModified":300,
        "healthBase":15,
        "magickaModified":10,
        "magickaBase":10,
        "fatigueCurrent":300
      },
      "inventory":[{
          "refId":"ingred_scales_01",
          "count":1,
          "charge":-1,
          "enchantmentCharge":-1,
          "soul":""
        }]
    },
    "209092-0":{
      "refId":"flora_bc_mushroom_02",
      "inventory":[{
          "refId":"ingred_russula_01",
          "count":2,
          "charge":-1,
          "enchantmentCharge":-1,
          "soul":""
        }]
    },
    "208910-0":{
      "refId":"flora_bc_fern_01",
      "inventory":[{
          "refId":"ingred_bc_spore_pod",
          "count":3,
          "charge":-1,
          "enchantmentCharge":-1,
          "soul":""
        }]
    },
    "287783-0":{
      "refId":"netch_betty_ilgn",
      "location":{
        "posX":-57606.9296875,
        "posZ":280.29345703125,
        "posY":33381.1328125,
        "rotX":0.035805311053991,
        "rotY":0,
        "rotZ":-3.0396635532379
      },
      "stats":{
        "healthCurrent":45,
        "magickaCurrent":20,
        "healthModified":45,
        "fatigueBase":500,
        "fatigueModified":500,
        "healthBase":45,
        "magickaModified":20,
        "magickaBase":20,
        "fatigueCurrent":500
      },
      "cellChangeFrom":"-8, 3",
      "inventory":[{
          "refId":"ingred_netch_leather_01",
          "count":3,
          "charge":-1,
          "enchantmentCharge":-1,
          "soul":""
        }]
    },
    "209120-0":{
      "refId":"flora_bc_mushroom_02",
      "inventory":[{
          "refId":"ingred_russula_01",
          "count":2,
          "charge":-1,
          "enchantmentCharge":-1,
          "soul":""
        }]
    },
    "208930-0":{
      "refId":"flora_bc_shelffungus_02",