{
  "packets":{
    "actorList":["0-2474","0-2473","0-2472","0-2476","0-2475"],
    "ai":[],
    "cellChangeFrom":[],
    "cellChangeTo":[],
    "container":["50104-0","50105-0","50106-0","50107-0","50108-0","50109-0","50110-0","50111-0","50112-0","50113-0","50114-0","50115-0","50116-0","50117-0","50118-0","50119-0","50120-0","50121-0","50122-0","50123-0","50124-0","50125-0","50126-0","367583-0","367591-0","475011-0","475012-0","475013-0","475014-0","475015-0","475016-0","475017-0","475018-0","475019-0","475020-0","475021-0","475022-0","475023-0","475024-0","475025-0","475026-0","475027-0","475028-0","475029-0","475032-0","475053-0","475054-0","475055-0","475056-0","475057-0","475058-0","475059-0","475060-0","0-2474","0-2473","0-2472","0-2476","0-2475"],
    "death":[],
    "delete":[],
    "doorState":[],
    "equipment":[],
    "lock":[],
    "place":[],
    "position":["0-2472","0-2473","0-2474","0-2475","0-2476"],
    "scale":[],
    "spawn":["0-2474","0-2473","0-2472","0-2476","0-2475"],
    "state":[],
    "statsDynamic":["0-2472","0-2473","0-2474","0-2475","0-2476"],
    "trap":[],
    "spellsActive":[],
    "miscellaneous":[],
    "clientScriptLocal":[]
  },
  "entry":{
    "creationTime":1697349873,
    "description":"-8, 11"
  },
  "lastVisit":{
    "ZIR":1697349895
  },
  "recordLinks":[],
  "objectData":{
    "0-2476":{
      "refId":"rat_diseased",
      "location":{
        "posX":-65319.359375,
        "posZ":1521.3153076172,
        "posY":97010.84375,
        "rotX":0,
        "rotY":0,
        "rotZ":0
      },
      "stats":{
        "healthCurrent":23,
        "magickaCurrent":10,
        "healthModified":23,
        "fatigueBase":100,
        "fatigueModified":100,
        "healthBase":23,
        "magickaModified":10,
        "magickaBase":10,
        "fatigueCurrent":100
      },
      "inventory":[{
          "refId":"ingred_rat_meat_01",
          "count":2,
          "charge":-1,
          "enchantmentCharge":-1,
          "soul":""
        }]
    },
    "0-2475":{
      "refId":"kwama forager blighted",
      "location":{
        "posX":-63205.87109375,
        "posZ":1708.2609863281,
        "posY":92895.75,
        "rotX":0,
        "rotY":0,
        "rotZ":0
      },
      "stats":{
        "healthCurrent":45,
        "magickaCurrent":100,
        "healthModified":45,
        "fatigueBase":400,
        "fatigueModified":400,
        "healthBase":45,
        "magickaModified":100,
        "magickaBase":100,
        "fatigueCurrent":400
      },
      "inventory":[{
          "refId":"ingred_kwama_cuttle_01",
          "count":2,
          "charge":-1,
          "enchantmentCharge":-1,
          "soul":""
        }]
    },
    "475016-0":{
      "refId":"flora_stoneflower_02",
      "inventory":[{
          "refId":"ingred_stoneflower_petals_01",
          "count":1,
          "charge":-1,
          "enchantmentCharge":-1,
          "soul":""
        }]
    },
    "50116-0":{
      "refId":"flora_chokeweed_02",
      "inventory":[{
          "refId":"ingred_chokeweed_01",
          "count":1,
          "charge":-1,
          "enchantmentCharge":-1,
          "soul":""
        }]
    },
    "50105-0":{
      "refId":"flora_chokeweed_02",
      "inventory":[]
    },
    "50117-0":{
      "refId":"flora_chokeweed_02",
      "inventory":[{
          "refId":"ingred_chokeweed_01",
          "count":1,
          "charge":-1,
          "enchantmentCharge":-1,
          "soul":""
        }]
    },
    "50126-0":{
      "refId":"flora_chokeweed_02",
      "inventory":[{
          "refId":"ingred_chokeweed_01",
          "count":1,
          "charge":-1,
          "enchantmentCharge":-1,
          "soul":""
        }]
    },
    "367583-0":{
      "refId":"flora_kreshweed_03",
      "inventory":[{
          "refId":"ingred_kresh_fiber_01",
          "count":1,
          "charge":-1,
          "enchantmentCharge":-1,
          "soul":""
        }]
    },
    "0-2474":{
      "refId":"kwama forager",
      "location":{
        "posX":-59247.44921875,
        "posZ":1880.7176513672,
        "posY":91034.8046875,
        "rotX":0,
        "rotY":0,
        "rotZ":0
      },
      "stats":{
        "healthCurrent":23,
        "magickaCurrent":15,
        "healthModified":23,
        "fatigueBase":300,
        "fatigueModified":300,
        "healthBase":23,
        "magickaModified":15,
        "magickaBase":15,
        "fatigueCurrent":300
      },
      "inventory":[{
          "refId":"ingred_kwama_cuttle_01",
          "count":1,
          "charge":-1,
          "enchantmentCharge":-1,
          "soul":""
        }]
    },
    "475029-0":{
      "refId":"flora_kreshweed_03",
      "inventory":[{
          "refId":"ingred_kresh_fiber_01",
          "count":1,
          "charge":-1,
          "enchantmentCharge":-1,
          "soul":""
        }]
    },
    "475011-0":{
      "refId":"flora_stoneflower_01",
      "inventory":[{
          "refId":"ingred_stoneflower_petals_01",
          "count":1,
          "charge":-1,
          "enchantmentCharge":-1,
          "soul":""
        }]
    },
    "475060-0":{
      "refId":"flora_kreshweed_02",
      "inventory":[{
          "refId":"ingred_kresh_fiber_01",
          "count":1,
          "charge":-1,
          "enchantmentCharge":-1,
          "soul":""
        }]
    },
    "475059-0":{
      "refId":"flora_kreshweed_01",
      "inventory":[{
          "refId":"ingred_kresh_fiber_01",
          "count":1,
          "charge":-1,
          "enchantmentCharge":-1,
          "soul":""
        }]
    },
    "50122-0":{
      "refId":"flora_chokeweed_02",
      "inventory":[{
          "refId":"ingred_chokeweed_01",
          "count":1,
          "charge":-1,
          "enchantmentCharge":-1,
          "soul":""
        }]
    },
    "475013-0":{
      "refId":"flora_stoneflower_01",
      "inventory":[{
          "refId":"ingred_stoneflower_petals_01",
          "count":1,
          "charge":-1,
          "enchantmentCharge":-1,
          "soul":""
        }]
    },
    "475015-0":{
      "refId":"flora_stoneflower_02",
      "inventory":[{
          "refId":"ingred_stoneflower_petals_01",
          "count":1,
          "charge":-1,
          "enchantmentCharge":-1,
          "soul":""
        }]
    },
    "50111-0":{
      "refId":"flora_chokeweed_02",
      "inventory":[{
          "refId":"ingred_chokeweed_01",
          "count":1,
          "charge":-1,
          "enchantmentCharge":-1,
          "soul":""
        }]
    },
    "475058-0":{
      "refId":"flora_kreshweed_01",
      "inventory":[{
          "refId":"ingred_kresh_fiber_01",
          "count":1,
          "charge":-1,
          "enchantmentCharge":-1,
          "soul":""
        }]
    },
    "475057-0":{
      "refId":"flora_kreshweed_02",
      "inventory":[]
    },
    "50109-0":{
      "refId":"flora_chokeweed_02",
      "inventory":[{
          "refId":"ingred_chokeweed_01",
          "count":1,
          "charge":-1,
          "enchantmentCharge":-1,
          "soul":""
        }]
    },
    "475056-0":{
      "refId":"flora_kreshweed_03",
      "inventory":[{
          "refId":"ingred_kresh_fiber_01",
          "count":1,
          "charge":-1,
          "enchantmentCharge":-1,
          "soul":""
        }]
    },
    "50108-0":{
      "refId":"flora_chokeweed_02",
      "inventory":[]
    },
    "50115-0":{
      "refId":"flora_chokeweed_02",
      "inventory":[{
          "refId":"ingred_chokeweed_01",
          "count":1,
          "charge":-1,
          "enchantmentCharge":-1,
          "soul":""
        }]
    },
    "475054-0":{
      "refId":"flora_roobrush_02",
      "inventory":[{
          "refId":"ingred_roobrush_01",
          "count":1,
          "charge":-1,
          "enchantmentCharge":-1,
          "soul":""
        }]
    },
    "50104-0":{
      "refId":"flora_chokeweed_02",
      "inventory":[{
          "refId":"ingred_chokeweed_01",
          "count":1,
          "charge":-1,