{
  "packets":{
    "actorList":["0-675","0-674","0-676","363119-0","390573-0","390572-0","410976-0","390571-0","390570-0","355359-0"],
    "ai":[],
    "cellChangeFrom":["355359-0"],
    "cellChangeTo":["355357-0"],
    "container":["209344-0","209345-0","209347-0","209348-0","209349-0","209350-0","209351-0","209352-0","209353-0","210664-0","210665-0","210666-0","210667-0","210668-0","210669-0","210670-0","210671-0","210687-0","210688-0","210689-0","210690-0","210706-0","210716-0","210791-0","210793-0","210794-0","210795-0","210803-0","210805-0","210806-0","389560-0","389561-0","464664-0","482785-0","363119-0","390570-0","390571-0","390572-0","390573-0","410976-0","0-675","0-674","0-676","355359-0"],
    "death":[],
    "delete":[],
    "doorState":[],
    "equipment":["363119-0","390573-0","390572-0","390571-0","390570-0"],
    "lock":[],
    "place":[],
    "position":["363119-0","390570-0","390571-0","390572-0","390573-0","410976-0","0-674","0-675","0-676","355359-0"],
    "scale":[],
    "spawn":["0-675","0-674","0-676"],
    "state":[],
    "statsDynamic":["363119-0","390570-0","390571-0","390572-0","390573-0","410976-0","0-674","0-675","0-676","355359-0"],
    "trap":[],
    "spellsActive":[],
    "miscellaneous":[],
    "clientScriptLocal":[]
  },
  "entry":{
    "creationTime":1696438443,
    "description":"-9, 4"
  },
  "lastVisit":{
    "ZIR":1697360257,
    "Adamast":1697225656,
    "Violetta":1697360269
  },
  "recordLinks":[],
  "objectData":{
    "210667-0":{
      "refId":"flora_bc_mushroom_03",
      "inventory":[]
    },
    "363119-0":{
      "refId":"duma gro-lag2",
      "location":{
        "posX":-70301.5390625,
        "posZ":524.38629150391,
        "posY":40923.046875,
        "rotX":0,
        "rotY":0,
        "rotZ":4.7123889923096
      },
      "stats":{
        "healthCurrent":76,
        "magickaCurrent":102,
        "healthModified":76,
        "fatigueBase":209,
        "fatigueModified":209,
        "healthBase":76,
        "magickaModified":102,
        "magickaBase":102,
        "fatigueCurrent":209
      },
      "equipment":{
        "7":{
          "refId":"common_shoes_04",
          "count":1,
          "charge":-1,
          "enchantmentCharge":-1
        },
        "8":{
          "refId":"common_shirt_04",
          "count":1,
          "charge":-1,
          "enchantmentCharge":-1
        },
        "9":{
          "refId":"expensive_pants_03",
          "count":1,
          "charge":-1,
          "enchantmentCharge":-1
        },
        "12":{
          "refId":"common_ring_04",
          "count":1,
          "charge":-1,
          "enchantmentCharge":-1
        }
      },
      "inventory":[{
          "refId":"common_ring_04",
          "count":1,
          "charge":-1,
          "enchantmentCharge":-1,
          "soul":""
        },{
          "refId":"common_shirt_04",
          "count":1,
          "charge":-1,
          "enchantmentCharge":-1,
          "soul":""
        },{
          "refId":"common_shoes_04",
          "count":1,
          "charge":-1,
          "enchantmentCharge":-1,
          "soul":""
        },{
          "refId":"expensive_pants_03",
          "count":1,
          "charge":-1,
          "enchantmentCharge":-1,
          "soul":""
        },{
          "refId":"misc_de_lute_01",
          "count":1,
          "charge":-1,
          "enchantmentCharge":-1,
          "soul":""
        }]
    },
    "210669-0":{
      "refId":"flora_bc_podplant_01",
      "inventory":[{
          "refId":"ingred_bc_ampoule_pod",
          "count":1,
          "charge":-1,
          "enchantmentCharge":-1,
          "soul":""
        }]
    },
    "209349-0":{
      "refId":"flora_bc_mushroom_05",
      "inventory":[{
          "refId":"ingred_russula_01",
          "count":1,
          "charge":-1,
          "enchantmentCharge":-1,
          "soul":""
        }]
    },
    "210795-0":{
      "refId":"flora_bc_mushroom_01",
      "inventory":[{
          "refId":"ingred_russula_01",
          "count":1,
          "charge":-1,
          "enchantmentCharge":-1,
          "soul":""
        }]
    },
    "210688-0":{
      "refId":"flora_bc_mushroom_04",
      "inventory":[{
          "refId":"ingred_russula_01",
          "count":2,
          "charge":-1,
          "enchantmentCharge":-1,
          "soul":""
        }]
    },
    "210666-0":{
      "refId":"flora_bc_mushroom_05",
      "inventory":[{
          "refId":"ingred_russula_01",
          "count":1,
          "charge":-1,
          "enchantmentCharge":-1,
          "soul":""
        }]
    },
    "210664-0":{
      "refId":"flora_bc_mushroom_08",
      "inventory":[{
          "refId":"ingred_coprinus_01",
          "count":2,
          "charge":-1,
          "enchantmentCharge":-1,
          "soul":""
        }]
    },
    "210690-0":{
      "refId":"flora_bc_mushroom_01",
      "inventory":[{
          "refId":"ingred_russula_01",
          "count":1,
          "charge":-1,
          "enchantmentCharge":-1,
          "soul":""
        }]
    },
    "210803-0":{
      "refId":"flora_bc_fern_01",
      "inventory":[{
          "refId":"ingred_bc_spore_pod",
          "count":3,
          "charge":-1,
          "enchantmentCharge":-1,
          "soul":""
        }]
    },
    "210668-0":{
      "refId":"flora_bc_podplant_01",
      "inventory":[{
          "refId":"ingred_bc_ampoule_pod",
          "count":1,
          "charge":-1,
          "enchantmentCharge":-1,
          "soul":""
        }]
    },
    "210793-0":{
      "refId":"flora_bc_mushroom_01",
      "inventory":[{
          "refId":"ingred_russula_01",
          "count":1,
          "charge":-1,
          "enchantmentCharge":-1,
          "soul":""
        }]
    },
    "210689-0":{
      "refId":"flora_bc_mushroom_08",
      "inventory":[{
          "refId":"ingred_coprinus_01",
          "count":2,
          "charge":-1,
          "enchantmentCharge":-1,
          "soul":""
        }]
    },
    "389560-0":{
      "refId":"barrel_02_floater",
      "inventory":[]
    },
    "464664-0":{
      "refId":"kollop_03_pearl",
      "inventory":[]
    },
    "210687-0":{
      "refId":"flora_bc_mushroom_03",
      "inventory":[{
          "refId":"ingred_russula_01",
          "count":1,
          "charge":-1,
          "enchantmentCharge":-1,
          "soul":""
        }]
    },
    "210716-0":{
      "refId":"flora_bc_fern_01",
      "inventory":[{
          "refId":"ingred_bc_spore_pod",
          "count":3,
          "charge":-1,
          "enchantmentCharge":-1,
          "soul":""
        }]
    },
    "0-675":{
      "refId":"slaughterfish_small",
      "location":{
        "posX":-73533.5234375,
        "posZ":-299.03698730469,
        "posY":38985.43359375,
        "rotX":0,
        "rotY":0,
        "rotZ":-2.3727028369904
      },
      "stats":{
        "healthCurrent":15,
        "magickaCurrent":10,
        "healthModified":15,
        "fatigueBase":300,
        "fatigueModified":300,
        "healthBase":15,
        "magickaModified":10,
        "magickaBase":10,
        "fatigueCurrent":300
      },
      "inventory":[{
          "refId":"ingred_scales_01",
          "count":1,
          "charge":-1,
          "enchantmentCharge":-1,
          "soul":""
        }]
    },
    "209351-0":{
      "refId":"flora_bc_mushroom_07",
      "inventory":[{
          "refId":"ingred_coprinus_01",
          "count":1,
          "charge":-1,
          "enchantmentCharge":-1,
          "soul":""
        }]
    },
    "210805-0":{
      "refId":"flora_bc_mushroom_07",
      "inventory":[{
          "refId":"ingred_coprinus_01",
          "count":1,
          "charge":-1,
          "enchantmentCharge":-1,
          "soul":""
        }]
    },
    "390572-0":{
      "refId":"ugdumph gro-lumbuk",
      "location":{
        "posX":-71386.8359375,
        "posZ":903.30798339844,
        "posY":39486.9921875,
        "rotX":0,
        "rotY":0,