{
  "packets":{
    "actorList":["0-2443","0-2441","0-2440","0-2442","0-2438"],
    "ai":[],
    "cellChangeFrom":[],
    "cellChangeTo":[],
    "container":["472053-0","472054-0","472055-0","472056-0","472057-0","472058-0","472059-0","472060-0","472061-0","472062-0","472067-0","472068-0","472069-0","472070-0","472071-0","472072-0","472073-0","472074-0","472075-0","472076-0","472077-0","472078-0","472079-0","472080-0","472081-0","472082-0","472084-0","472085-0","472086-0","0-2443","0-2441","0-2440","0-2442","0-2438"],
    "death":[],
    "delete":[],
    "doorState":[],
    "equipment":[],
    "lock":[],
    "place":[],
    "position":["0-2440","0-2441","0-2442","0-2443","0-2438"],
    "scale":[],
    "spawn":["0-2443","0-2441","0-2440","0-2442","0-2438"],
    "state":[],
    "statsDynamic":["0-2440","0-2441","0-2442","0-2443"],
    "trap":[],
    "spellsActive":[],
    "miscellaneous":[],
    "clientScriptLocal":[]
  },
  "entry":{
    "creationTime":1697349722,
    "description":"-9, 8"
  },
  "lastVisit":{
    "ZIR":1697349867
  },
  "recordLinks":[],
  "objectData":{
    "472079-0":{
      "refId":"flora_stoneflower_01",
      "inventory":[{
          "refId":"ingred_stoneflower_petals_01",
          "count":1,
          "charge":-1,
          "enchantmentCharge":-1,
          "soul":""
        }]
    },
    "0-2443":{
      "refId":"rat_diseased",
      "location":{
        "posX":-66156.1328125,
        "posZ":2763.9653320313,
        "posY":71616.2265625,
        "rotX":0,
        "rotY":0,
        "rotZ":0
      },
      "stats":{
        "healthCurrent":23,
        "magickaCurrent":10,
        "healthModified":23,
        "fatigueBase":121,
        "fatigueModified":121,
        "healthBase":23,
        "magickaModified":10,
        "magickaBase":10,
        "fatigueCurrent":121
      },
      "inventory":[]
    },
    "472080-0":{
      "refId":"flora_stoneflower_02",
      "inventory":[]
    },
    "472069-0":{
      "refId":"flora_stoneflower_01",
      "inventory":[{
          "refId":"ingred_stoneflower_petals_01",
          "count":1,
          "charge":-1,
          "enchantmentCharge":-1,
          "soul":""
        }]
    },
    "472082-0":{
      "refId":"flora_stoneflower_02",
      "inventory":[{
          "refId":"ingred_stoneflower_petals_01",
          "count":1,
          "charge":-1,
          "enchantmentCharge":-1,
          "soul":""
        }]
    },
    "472059-0":{
      "refId":"flora_chokeweed_02",
      "inventory":[]
    },
    "472076-0":{
      "refId":"flora_stoneflower_02",
      "inventory":[{
          "refId":"ingred_stoneflower_petals_01",
          "count":1,
          "charge":-1,
          "enchantmentCharge":-1,
          "soul":""
        }]
    },
    "472081-0":{
      "refId":"flora_stoneflower_01",
      "inventory":[{
          "refId":"ingred_stoneflower_petals_01",
          "count":1,
          "charge":-1,
          "enchantmentCharge":-1,
          "soul":""
        }]
    },
    "472071-0":{
      "refId":"flora_stoneflower_01",
      "inventory":[{
          "refId":"ingred_stoneflower_petals_01",
          "count":1,
          "charge":-1,
          "enchantmentCharge":-1,
          "soul":""
        }]
    },
    "472057-0":{
      "refId":"flora_chokeweed_02",
      "inventory":[{
          "refId":"ingred_chokeweed_01",
          "count":1,
          "charge":-1,
          "enchantmentCharge":-1,
          "soul":""
        }]
    },
    "472075-0":{
      "refId":"flora_stoneflower_01",
      "inventory":[{
          "refId":"ingred_stoneflower_petals_01",
          "count":1,
          "charge":-1,
          "enchantmentCharge":-1,
          "soul":""
        }]
    },
    "472078-0":{
      "refId":"flora_stoneflower_02",
      "inventory":[{
          "refId":"ingred_stoneflower_petals_01",
          "count":1,
          "charge":-1,
          "enchantmentCharge":-1,
          "soul":""
        }]
    },
    "472073-0":{
      "refId":"flora_stoneflower_01",
      "inventory":[{
          "refId":"ingred_stoneflower_petals_01",
          "count":1,
          "charge":-1,
          "enchantmentCharge":-1,
          "soul":""
        }]
    },
    "472067-0":{
      "refId":"flora_stoneflower_01",
      "inventory":[{
          "refId":"ingred_stoneflower_petals_01",
          "count":1,
          "charge":-1,
          "enchantmentCharge":-1,
          "soul":""
        }]
    },
    "472058-0":{
      "refId":"flora_kreshweed_01",
      "inventory":[{
          "refId":"ingred_kresh_fiber_01",
          "count":1,
          "charge":-1,
          "enchantmentCharge":-1,
          "soul":""
        }]
    },
    "472056-0":{
      "refId":"flora_chokeweed_02",
      "inventory":[{
          "refId":"ingred_chokeweed_01",
          "count":1,
          "charge":-1,
          "enchantmentCharge":-1,
          "soul":""
        }]
    },
    "472072-0":{
      "refId":"flora_stoneflower_02",
      "inventory":[{
          "refId":"ingred_stoneflower_petals_01",
          "count":1,
          "charge":-1,
          "enchantmentCharge":-1,
          "soul":""
        }]
    },
    "472086-0":{
      "refId":"flora_kreshweed_02",
      "inventory":[{
          "refId":"ingred_kresh_fiber_01",
          "count":1,
          "charge":-1,
          "enchantmentCharge":-1,
          "soul":""
        }]
    },
    "472055-0":{
      "refId":"flora_kreshweed_01",
      "inventory":[{
          "refId":"ingred_kresh_fiber_01",
          "count":1,
          "charge":-1,
          "enchantmentCharge":-1,
          "soul":""
        }]
    },
    "0-2438":{
      "refId":"scrib blighted",
      "location":{
        "posX":-73717.40625,
        "posZ":1542.4536132813,
        "posY":67058.8359375,
        "rotX":-0.16164900362492,
        "rotY":0,
        "rotZ":1.6484706401825
      },
      "inventory":[{
          "refId":"ingred_scrib_jelly_01",
          "count":3,
          "charge":-1,
          "enchantmentCharge":-1,
          "soul":""
        }]
    },
    "0-2440":{
      "refId":"rat_blighted",
      "location":{
        "posX":-71926.109375,
        "posZ":1797.9768066406,
        "posY":66592.0390625,
        "rotX":0,
        "rotY":0,
        "rotZ":0
      },
      "stats":{
        "healthCurrent":45,
        "magickaCurrent":10,
        "healthModified":45,
        "fatigueBase":60,
        "fatigueModified":60,
        "healthBase":45,
        "magickaModified":10,
        "magickaBase":10,
        "fatigueCurrent":60
      },
      "inventory":[{
          "refId":"ingred_rat_meat_01",
          "count":2,
          "charge":-1,
          "enchantmentCharge":-1,
          "soul":""
        }]
    },
    "0-2442":{
      "refId":"scrib diseased",
      "location":{
        "posX":-68853.8515625,
        "posZ":2290.1254882813,
        "posY":71205.625,
        "rotX":-0.055523157119751,
        "rotY":0,
        "rotZ":1.091126203537
      },
      "stats":{
        "healthCurrent":8,
        "magickaCurrent":12,
        "healthModified":8,
        "fatigueBase":65,
        "fatigueModified":65,
        "healthBase":8,
        "magickaModified":12,
        "magickaBase":12,
        "fatigueCurrent":65
      },
      "inventory":[{
          "refId":"ingred_scrib_jelly_01",
          "count":2,
          "charge":-1,
          "enchantmentCharge":-1,
          "soul":""
        }]
    },
    "472070-0":{
      "refId":"flora_stoneflower_02",
      "inventory":[{
          "refId":"ingred_stoneflower_petals_01",
          "count":1,
          "charge":-1,
          "enchantmentCharge":-1,
          "soul":""
        }]
    },
    "0-2441":{
      "refId":"scrib",
      "location":{
        "posX":-68806.40625,
        "posZ":2226.1101074219,
        "posY":73133.203125,
        "rotX":0.010485582984984,
        "rotY":0,
        "rotZ":0.32728123664856
      },
      "stats":{
        "healthCurrent":8,
        "magickaCurrent":12,
        "healthModified":8,