{
  "packets":{
    "actorList":["0-3467","0-3465","0-3466","0-3464","136404-0","136403-0"],
    "ai":[],
    "cellChangeFrom":[],
    "cellChangeTo":[],
    "container":["189968-0","189969-0","189970-0","136403-0","136404-0","0-3467","0-3465","0-3466","0-3464"],
    "death":[],
    "delete":[],
    "doorState":[],
    "equipment":["136404-0","136403-0","0-3467"],
    "lock":[],
    "place":[],
    "position":["136403-0","136404-0","0-3464","0-3465","0-3466","0-3467"],
    "scale":[],
    "spawn":["0-3467","0-3465","0-3466","0-3464"],
    "state":[],
    "statsDynamic":["136403-0","136404-0","0-3464","0-3465","0-3466","0-3467"],
    "trap":[],
    "spellsActive":[],
    "miscellaneous":[],
    "clientScriptLocal":[]
  },
  "entry":{
    "creationTime":1697455798,
    "description":"0, 17"
  },
  "lastVisit":{
    "ZIR":1697456801,
    "Violetta":1697457772
  },
  "recordLinks":[],
  "objectData":{
    "0-3465":{
      "refId":"atronach_flame",
      "location":{
        "posX":5598.8344726563,
        "posZ":1157.6405029297,
        "posY":142573.84375,
        "rotX":0.46267011761665,
        "rotY":0,
        "rotZ":0.37421488761902
      },
      "stats":{
        "healthCurrent":75,
        "magickaCurrent":105,
        "healthModified":75,
        "fatigueBase":600,
        "fatigueModified":600,
        "healthBase":75,
        "magickaModified":105,
        "magickaBase":105,
        "fatigueCurrent":600
      },
      "inventory":[]
    },
    "0-3466":{
      "refId":"atronach_flame",
      "location":{
        "posX":3363.4279785156,
        "posZ":830.20947265625,
        "posY":144831.828125,
        "rotX":0.42184773087502,
        "rotY":0,
        "rotZ":2.9057762622833
      },
      "stats":{
        "healthCurrent":75,
        "magickaCurrent":105,
        "healthModified":75,
        "fatigueBase":600,
        "fatigueModified":600,
        "healthBase":75,
        "magickaModified":105,
        "magickaBase":105,
        "fatigueCurrent":600
      },
      "inventory":[]
    },
    "0-3464":{
      "refId":"atronach_flame",
      "location":{
        "posX":3944.4677734375,
        "posZ":697,
        "posY":141722.28125,
        "rotX":0.0098567791283131,
        "rotY":0,
        "rotZ":-2.8207376003265
      },
      "stats":{
        "healthCurrent":75,
        "magickaCurrent":105,
        "healthModified":75,
        "fatigueBase":600,
        "fatigueModified":600,
        "healthBase":75,
        "magickaModified":105,
        "magickaBase":105,
        "fatigueCurrent":600
      },
      "inventory":[{
          "refId":"ingred_fire_salts_01",
          "count":1,
          "charge":-1,
          "enchantmentCharge":-1,
          "soul":""
        }]
    },
    "189969-0":{
      "refId":"tramaroot_03",
      "inventory":[{
          "refId":"ingred_trama_root_01",
          "count":1,
          "charge":-1,
          "enchantmentCharge":-1,
          "soul":""
        }]
    },
    "189968-0":{
      "refId":"tramaroot_02",
      "inventory":[{
          "refId":"ingred_trama_root_01",
          "count":1,
          "charge":-1,
          "enchantmentCharge":-1,
          "soul":""
        }]
    },
    "136404-0":{
      "refId":"iner raledran",
      "location":{
        "posX":3665.7966308594,
        "posZ":697,
        "posY":142594.6875,
        "rotX":0.011175386607647,
        "rotY":0,
        "rotZ":-1.5034554004669
      },
      "stats":{
        "healthCurrent":125,
        "magickaCurrent":104,
        "healthModified":125,
        "fatigueBase":260,
        "fatigueModified":260,
        "healthBase":125,
        "magickaModified":104,
        "magickaBase":104,
        "fatigueCurrent":260
      },
      "equipment":[{
          "refId":"steel_cuirass",
          "count":1,
          "charge":-1,
          "enchantmentCharge":-1
        },{
          "refId":"steel_greaves",
          "count":1,
          "charge":-1,
          "enchantmentCharge":-1
        },{
          "refId":"steel_pauldron_left",
          "count":1,
          "charge":-1,
          "enchantmentCharge":-1
        },{
          "refId":"steel_pauldron_right",
          "count":1,
          "charge":-1,
          "enchantmentCharge":-1
        },{
          "refId":"steel_gauntlet_left",
          "count":1,
          "charge":-1,
          "enchantmentCharge":-1
        },{
          "refId":"steel_gauntlet_right",
          "count":1,
          "charge":-1,
          "enchantmentCharge":-1
        },{
          "refId":"steel_boots",
          "count":1,
          "charge":-1,
          "enchantmentCharge":-1
        },null,null,null,null,null,null,null,null,{
          "refId":"iron shardsword",
          "count":1,
          "charge":-1,
          "enchantmentCharge":-1
        },{
          "refId":"steel_shield",
          "count":1,
          "charge":-1,
          "enchantmentCharge":-1
        }],
      "inventory":[{
          "refId":"steel_shield",
          "count":1,
          "charge":-1,
          "enchantmentCharge":-1,
          "soul":""
        },{
          "refId":"steel_gauntlet_right",
          "count":1,
          "charge":-1,
          "enchantmentCharge":-1,
          "soul":""
        },{
          "refId":"steel_gauntlet_left",
          "count":1,
          "charge":-1,
          "enchantmentCharge":-1,
          "soul":""
        },{
          "refId":"steel_boots",
          "count":1,
          "charge":-1,
          "enchantmentCharge":-1,
          "soul":""
        },{
          "refId":"steel_greaves",
          "count":1,
          "charge":-1,
          "enchantmentCharge":-1,
          "soul":""
        },{
          "refId":"steel_pauldron_right",
          "count":1,
          "charge":-1,
          "enchantmentCharge":-1,
          "soul":""
        },{
          "refId":"steel_pauldron_left",
          "count":1,
          "charge":-1,
          "enchantmentCharge":-1,
          "soul":""
        },{
          "refId":"steel_cuirass",
          "count":1,
          "charge":-1,
          "enchantmentCharge":-1,
          "soul":""
        },{
          "refId":"iron shardsword",
          "count":1,
          "charge":-1,
          "enchantmentCharge":-1,
          "soul":""
        }]
    },
    "0-3467":{
      "refId":"dremora",
      "location":{
        "posX":3621.431640625,
        "posZ":697,
        "posY":142377.84375,
        "rotX":0.0035387501120567,
        "rotY":0,
        "rotZ":-0.083074808120728
      },
      "stats":{
        "healthCurrent":160,
        "magickaCurrent":100,
        "healthModified":160,
        "fatigueBase":400,
        "fatigueModified":400,
        "healthBase":160,
        "magickaModified":100,
        "magickaBase":100,
        "fatigueCurrent":400
      },
      "equipment":{
        "16":{
          "refId":"dwarven war axe",
          "count":1,
          "charge":-1,
          "enchantmentCharge":-1
        }
      },
      "inventory":[{
          "refId":"ingred_daedras_heart_01",
          "count":1,
          "charge":-1,
          "enchantmentCharge":-1,
          "soul":""
        },{
          "refId":"dwarven war axe",
          "count":1,
          "charge":-1,
          "enchantmentCharge":-1,
          "soul":""
        }]
    },
    "189970-0":{
      "refId":"tramaroot_06",
      "inventory":[]
    },
    "136403-0":{
      "refId":"badala velothren",
      "location":{
        "posX":4674.6279296875,
        "posZ":769.99188232422,
        "posY":142276.1875,
        "rotX":0.76719844341278,
        "rotY":0,
        "rotZ":-1.6159465312958
      },
      "stats":{
        "healthCurrent":102,
        "magickaCurrent":108,
        "healthModified":102,
        "fatigueBase":226,
        "fatigueModified":226,
        "healthBase":102,
        "magickaModified":108,
        "magickaBase":108,
        "fatigueCurrent":226
      },
      "equipment":{
        "1":{
          "refId":"netch_leather_boiled_cuirass",