{
  "packets":{
    "actorList":["0-46","0-47","184197-0","184198-0","184310-0","0-49"],
    "ai":[],
    "cellChangeFrom":[],
    "cellChangeTo":[],
    "container":["184202-0","184204-0","184206-0","184207-0","184209-0","184210-0","184216-0","184220-0","184223-0","184227-0","184228-0","184229-0","184230-0","184232-0","184236-0","184238-0","184239-0","184242-0","184243-0","184245-0","184271-0","184272-0","184273-0","184281-0","184283-0","184284-0","184287-0","184288-0","184289-0","184290-0","184291-0","184292-0","184296-0","184297-0","184298-0","184299-0","184300-0","184301-0","319098-0","319099-0","319100-0","319101-0","319102-0","319103-0","319104-0","319105-0","319063-0","461657-0","478386-0","478387-0","184198-0","184197-0","184310-0","0-46","0-47","0-49"],
    "death":[],
    "delete":[],
    "doorState":[],
    "equipment":["184198-0"],
    "lock":[],
    "place":[],
    "position":["184197-0","184198-0","184310-0","0-46","0-47","0-49"],
    "scale":[],
    "spawn":["0-46","0-47","0-49"],
    "state":[],
    "statsDynamic":["184197-0","184198-0","184310-0","0-46","0-47","0-49"],
    "trap":[],
    "spellsActive":[],
    "miscellaneous":[],
    "clientScriptLocal":[]
  },
  "entry":{
    "creationTime":1696090509,
    "description":"1, -9"
  },
  "lastVisit":{
    "ZIR":1696441491,
    "Adamast":1697226630,
    "Violetta":1696439363
  },
  "recordLinks":[],
  "objectData":{
    "184239-0":{
      "refId":"flora_marshmerrow_01",
      "inventory":[{
          "refId":"ingred_marshmerrow_01",
          "count":1,
          "charge":-1,
          "enchantmentCharge":-1,
          "soul":""
        }]
    },
    "184271-0":{
      "refId":"flora_marshmerrow_01",
      "inventory":[{
          "refId":"ingred_marshmerrow_01",
          "count":1,
          "charge":-1,
          "enchantmentCharge":-1,
          "soul":""
        }]
    },
    "184238-0":{
      "refId":"flora_marshmerrow_02",
      "inventory":[{
          "refId":"ingred_marshmerrow_01",
          "count":1,
          "charge":-1,
          "enchantmentCharge":-1,
          "soul":""
        }]
    },
    "0-49":{
      "refId":"mudcrab",
      "location":{
        "posX":11006.528320313,
        "posZ":348.65393066406,
        "posY":-73549.28125,
        "rotX":0.17833331227303,
        "rotY":0,
        "rotZ":-1.5566337108612
      },
      "stats":{
        "healthCurrent":15,
        "magickaCurrent":5,
        "healthModified":15,
        "fatigueBase":400,
        "fatigueModified":400,
        "healthBase":15,
        "magickaModified":5,
        "magickaBase":5,
        "fatigueCurrent":400
      },
      "inventory":[]
    },
    "184216-0":{
      "refId":"flora_marshmerrow_03",
      "inventory":[{
          "refId":"ingred_marshmerrow_01",
          "count":1,
          "charge":-1,
          "enchantmentCharge":-1,
          "soul":""
        }]
    },
    "184209-0":{
      "refId":"flora_marshmerrow_01",
      "inventory":[{
          "refId":"ingred_marshmerrow_01",
          "count":1,
          "charge":-1,
          "enchantmentCharge":-1,
          "soul":""
        }]
    },
    "184281-0":{
      "refId":"flora_marshmerrow_03",
      "inventory":[{
          "refId":"ingred_marshmerrow_01",
          "count":1,
          "charge":-1,
          "enchantmentCharge":-1,
          "soul":""
        }]
    },
    "319100-0":{
      "refId":"flora_comberry_01",
      "inventory":[{
          "refId":"ingred_comberry_01",
          "count":1,
          "charge":-1,
          "enchantmentCharge":-1,
          "soul":""
        }]
    },
    "184292-0":{
      "refId":"flora_marshmerrow_02",
      "inventory":[{
          "refId":"ingred_marshmerrow_01",
          "count":1,
          "charge":-1,
          "enchantmentCharge":-1,
          "soul":""
        }]
    },
    "184207-0":{
      "refId":"flora_marshmerrow_02",
      "inventory":[{
          "refId":"ingred_marshmerrow_01",
          "count":1,
          "charge":-1,
          "enchantmentCharge":-1,
          "soul":""
        }]
    },
    "184291-0":{
      "refId":"flora_marshmerrow_01",
      "inventory":[{
          "refId":"ingred_marshmerrow_01",
          "count":1,
          "charge":-1,
          "enchantmentCharge":-1,
          "soul":""
        }]
    },
    "319063-0":{
      "refId":"flora_heather_01",
      "inventory":[{
          "refId":"ingred_heather_01",
          "count":2,
          "charge":-1,
          "enchantmentCharge":-1,
          "soul":""
        }]
    },
    "184198-0":{
      "refId":"balur salvu",
      "location":{
        "posX":10522.94921875,
        "posZ":289,
        "posY":-66474.625,
        "rotX":0,
        "rotY":0,
        "rotZ":3.8663718700409
      },
      "stats":{
        "healthCurrent":60,
        "magickaCurrent":84,
        "healthModified":60,
        "fatigueBase":170,
        "fatigueModified":170,
        "healthBase":60,
        "magickaModified":84,
        "magickaBase":84,
        "fatigueCurrent":170
      },
      "equipment":{
        "7":{
          "refId":"common_shoes_04",
          "count":1,
          "charge":-1,
          "enchantmentCharge":-1
        },
        "15":{
          "refId":"common_belt_04",
          "count":1,
          "charge":-1,
          "enchantmentCharge":-1
        },
        "9":{
          "refId":"common_pants_04",
          "count":1,
          "charge":-1,
          "enchantmentCharge":-1
        }
      },
      "inventory":[{
          "refId":"common_belt_04",
          "count":1,
          "charge":-1,
          "enchantmentCharge":-1,
          "soul":""
        },{
          "refId":"common_shoes_04",
          "count":1,
          "charge":-1,
          "enchantmentCharge":-1,
          "soul":""
        },{
          "refId":"common_pants_04",
          "count":1,
          "charge":-1,
          "enchantmentCharge":-1,
          "soul":""
        },{
          "refId":"ingred_marshmerrow_01",
          "count":5,
          "charge":-1,
          "enchantmentCharge":-1,
          "soul":""
        }]
    },
    "184296-0":{
      "refId":"flora_marshmerrow_02",
      "inventory":[{
          "refId":"ingred_marshmerrow_01",
          "count":1,
          "charge":-1,
          "enchantmentCharge":-1,
          "soul":""
        }]
    },
    "319105-0":{
      "refId":"flora_comberry_01",
      "inventory":[{
          "refId":"ingred_comberry_01",
          "count":1,
          "charge":-1,
          "enchantmentCharge":-1,
          "soul":""
        }]
    },
    "184220-0":{
      "refId":"flora_marshmerrow_03",
      "inventory":[{
          "refId":"ingred_marshmerrow_01",
          "count":1,
          "charge":-1,
          "enchantmentCharge":-1,
          "soul":""
        }]
    },
    "184232-0":{
      "refId":"flora_marshmerrow_03",
      "inventory":[{
          "refId":"ingred_marshmerrow_01",
          "count":1,
          "charge":-1,
          "enchantmentCharge":-1,
          "soul":""
        }]
    },
    "319104-0":{
      "refId":"flora_comberry_01",
      "inventory":[{
          "refId":"ingred_comberry_01",
          "count":1,
          "charge":-1,
          "enchantmentCharge":-1,
          "soul":""
        }]
    },
    "461657-0":{
      "refId":"kollop_03_pearl",
      "inventory":[{
          "refId":"ingred_pearl_01",
          "count":1,
          "charge":-1,
          "enchantmentCharge":-1,
          "soul":""
        }]
    },
    "184245-0":{
      "refId":"flora_marshmerrow_01",
      "inventory":[]
    },
    "184288-0":{
      "refId":"flora_marshmerrow_02",
      "inventory":[{
          "refId":"ingred_marshmerrow_01",
          "count":1,
          "charge":-1,
          "enchantmentCharge":-1,
          "soul":""
        }]
    },
    "0-47":{
      "refId":"scrib",
      "location":{
        "posX":9793.7607421875,
        "posZ":319.79461669922,
        "posY":-68800.875,
        "rotX":-0.055381070822477,
        "rotY":0,