{
  "packets":{
    "actorList":["0-2388","0-2386","0-2389","0-2384","0-2387","0-2382","0-2385","0-2390","0-2383"],
    "ai":[],
    "cellChangeFrom":[],
    "cellChangeTo":[],
    "container":["224149-0","224150-0","224161-0","224182-0","224192-0","0-2388","0-2386","0-2389","0-2384","0-2387","0-2382","0-2385","0-2390","0-2383"],
    "death":[],
    "delete":[],
    "doorState":[],
    "equipment":[],
    "lock":[],
    "place":[],
    "position":["0-2382","0-2384","0-2385","0-2386","0-2387","0-2388","0-2389","0-2390","0-2383"],
    "scale":[],
    "spawn":["0-2388","0-2386","0-2389","0-2384","0-2387","0-2382","0-2385","0-2390","0-2383"],
    "state":[],
    "statsDynamic":["0-2382","0-2384","0-2385","0-2386","0-2387","0-2388","0-2389","0-2390","0-2383"],
    "trap":[],
    "spellsActive":[],
    "miscellaneous":[],
    "clientScriptLocal":[]
  },
  "entry":{
    "creationTime":1697346371,
    "description":"1, 6"
  },
  "lastVisit":{
    "ZIR":1697346622
  },
  "recordLinks":[],
  "objectData":{
    "0-2388":{
      "refId":"cliff racer",
      "location":{
        "posX":13106.375976563,
        "posZ":10744.6015625,
        "posY":54547.89453125,
        "rotX":0,
        "rotY":0,
        "rotZ":1.7947871685028
      },
      "stats":{
        "healthCurrent":45,
        "magickaCurrent":20,
        "healthModified":45,
        "fatigueBase":400,
        "fatigueModified":400,
        "healthBase":45,
        "magickaModified":20,
        "magickaBase":20,
        "fatigueCurrent":400
      },
      "inventory":[{
          "refId":"ingred_racer_plumes_01",
          "count":1,
          "charge":-1,
          "enchantmentCharge":-1,
          "soul":""
        }]
    },
    "0-2383":{
      "refId":"cliff racer_blighted",
      "location":{
        "posX":15789.331054688,
        "posZ":9007.8974609375,
        "posY":54949.171875,
        "rotX":0.0023504309356213,
        "rotY":0,
        "rotZ":-1.3539040088654
      },
      "stats":{
        "healthCurrent":90,
        "magickaCurrent":20,
        "healthModified":90,
        "fatigueBase":400,
        "fatigueModified":400,
        "healthBase":90,
        "magickaModified":20,
        "magickaBase":20,
        "fatigueCurrent":400
      },
      "inventory":[{
          "refId":"ingred_racer_plumes_01",
          "count":1,
          "charge":-1,
          "enchantmentCharge":-1,
          "soul":""
        }]
    },
    "224182-0":{
      "refId":"flora_rm_scathecraw_01",
      "inventory":[{
          "refId":"ingred_scathecraw_01",
          "count":1,
          "charge":-1,
          "enchantmentCharge":-1,
          "soul":""
        }]
    },
    "0-2390":{
      "refId":"corprus_stalker",
      "location":{
        "posX":13424.33984375,
        "posZ":9183.728515625,
        "posY":56034.9375,
        "rotX":-0.058102868497372,
        "rotY":0,
        "rotZ":-2.2387726306915
      },
      "stats":{
        "healthCurrent":60,
        "magickaCurrent":50,
        "healthModified":60,
        "fatigueBase":300,
        "fatigueModified":300,
        "healthBase":60,
        "magickaModified":50,
        "magickaBase":50,
        "fatigueCurrent":300
      },
      "inventory":[]
    },
    "0-2389":{
      "refId":"ash_slave",
      "location":{
        "posX":12652.116210938,
        "posZ":9016.189453125,
        "posY":57269.828125,
        "rotX":-0.51353800296783,
        "rotY":0,
        "rotZ":0.567054271698
      },
      "stats":{
        "healthCurrent":60,
        "magickaCurrent":142,
        "healthModified":60,
        "fatigueBase":355,
        "fatigueModified":355,
        "healthBase":60,
        "magickaModified":142,
        "magickaBase":142,
        "fatigueCurrent":355
      },
      "inventory":[{
          "refId":"ingred_ash_salts_01",
          "count":1,
          "charge":-1,
          "enchantmentCharge":-1,
          "soul":""
        }]
    },
    "0-2384":{
      "refId":"ash_slave",
      "location":{
        "posX":9680.9111328125,
        "posZ":7755.5444335938,
        "posY":55836.25,
        "rotX":-0.1555128544569,
        "rotY":0,
        "rotZ":2.2243463993073
      },
      "stats":{
        "healthCurrent":60,
        "magickaCurrent":124,
        "healthModified":60,
        "fatigueBase":351,
        "fatigueModified":351,
        "healthBase":60,
        "magickaModified":124,
        "magickaBase":124,
        "fatigueCurrent":351
      },
      "inventory":[{
          "refId":"ingred_ash_salts_01",
          "count":1,
          "charge":-1,
          "enchantmentCharge":-1,
          "soul":""
        }]
    },
    "0-2385":{
      "refId":"corprus_stalker",
      "location":{
        "posX":10270.96875,
        "posZ":7922.607421875,
        "posY":52223.0625,
        "rotX":0.047842957079411,
        "rotY":0,
        "rotZ":0.2659022808075
      },
      "stats":{
        "healthCurrent":60,
        "magickaCurrent":50,
        "healthModified":60,
        "fatigueBase":300,
        "fatigueModified":300,
        "healthBase":60,
        "magickaModified":50,
        "magickaBase":50,
        "fatigueCurrent":300
      },
      "inventory":[]
    },
    "224192-0":{
      "refId":"flora_rm_scathecraw_02",
      "inventory":[{
          "refId":"ingred_scathecraw_01",
          "count":1,
          "charge":-1,
          "enchantmentCharge":-1,
          "soul":""
        }]
    },
    "224161-0":{
      "refId":"flora_rm_scathecraw_01",
      "inventory":[{
          "refId":"ingred_scathecraw_01",
          "count":1,
          "charge":-1,
          "enchantmentCharge":-1,
          "soul":""
        }]
    },
    "0-2382":{
      "refId":"ash_slave",
      "location":{
        "posX":9909.494140625,
        "posZ":8068.6010742188,
        "posY":52343.98046875,
        "rotX":0.23371987044811,
        "rotY":0,
        "rotZ":0.27794647216797
      },
      "stats":{
        "healthCurrent":60,
        "magickaCurrent":150,
        "healthModified":60,
        "fatigueBase":351,
        "fatigueModified":351,
        "healthBase":60,
        "magickaModified":150,
        "magickaBase":150,
        "fatigueCurrent":351
      },
      "inventory":[{
          "refId":"ingred_ash_salts_01",
          "count":1,
          "charge":-1,
          "enchantmentCharge":-1,
          "soul":""
        }]
    },
    "0-2387":{
      "refId":"cliff racer",
      "location":{
        "posX":13594.203125,
        "posZ":11153.438476563,
        "posY":54154.875,
        "rotX":0,
        "rotY":0,
        "rotZ":-1.3292133808136
      },
      "stats":{
        "healthCurrent":45,
        "magickaCurrent":20,
        "healthModified":45,
        "fatigueBase":400,
        "fatigueModified":400,
        "healthBase":45,
        "magickaModified":20,
        "magickaBase":20,
        "fatigueCurrent":400
      },
      "inventory":[{
          "refId":"ingred_racer_plumes_01",
          "count":1,
          "charge":-1,
          "enchantmentCharge":-1,
          "soul":""
        }]
    },
    "224149-0":{
      "refId":"flora_rm_scathecraw_01",
      "inventory":[{
          "refId":"ingred_scathecraw_01",
          "count":1,
          "charge":-1,
          "enchantmentCharge":-1,
          "soul":""
        }]
    },
    "0-2386":{
      "refId":"cliff racer",
      "location":{
        "posX":8373.4384765625,
        "posZ":10309.083984375,
        "posY":53045.26171875,
        "rotX":0,
        "rotY":0,
        "rotZ":4.1831855773926
      },
      "stats":{
        "healthCurrent":45,
        "magickaCurrent":20,
        "healthModified":45,
        "fatigueBase":400,
        "fatigueModified":400,
        "healthBase":45,
        "magickaModified":20,
        "magickaBase":20,
        "fatigueCurrent":400
      },
      "inventory":[]
    },
    "224150-0":{
      "refId":"flora_rm_scathecraw_02",
      "inventory":[{
          "refId":"ingred_scathecraw_01",
          "count":1,
          "charge":-1,