{
  "packets":{
    "actorList":["0-3252","0-3253","199357-0","199358-0","199356-0","199359-0"],
    "ai":[],
    "cellChangeFrom":[],
    "cellChangeTo":[],
    "container":["104605-0","104606-0","104608-0","104609-0","104612-0","104613-0","104614-0","104615-0","104669-0","104670-0","104671-0","104672-0","104673-0","140345-0","140346-0","140347-0","140348-0","140349-0","140350-0","140359-0","140360-0","140361-0","140362-0","140363-0","140364-0","140365-0","140366-0","140368-0","140396-0","140397-0","196409-0","196410-0","199356-0","199357-0","199358-0","199359-0","0-3252","0-3253"],
    "death":[],
    "delete":[],
    "doorState":[],
    "equipment":["199357-0","199358-0","199356-0","199359-0"],
    "lock":[],
    "place":[],
    "position":["199356-0","199357-0","199358-0","199359-0","0-3252","0-3253"],
    "scale":[],
    "spawn":["0-3252","0-3253"],
    "state":[],
    "statsDynamic":["199356-0","199357-0","199358-0","199359-0","0-3252","0-3253"],
    "trap":[],
    "spellsActive":[],
    "miscellaneous":[],
    "clientScriptLocal":[]
  },
  "entry":{
    "creationTime":1697452776,
    "description":"11, 14"
  },
  "lastVisit":{
    "ZIR":1697453754
  },
  "recordLinks":[],
  "objectData":{
    "0-3253":{
      "refId":"mudcrab-diseased",
      "location":{
        "posX":96205.2578125,
        "posZ":406.47509765625,
        "posY":122406,
        "rotX":0.07382982224226,
        "rotY":0,
        "rotZ":-0.33632588386536
      },
      "stats":{
        "healthCurrent":15,
        "magickaCurrent":5,
        "healthModified":15,
        "fatigueBase":29,
        "fatigueModified":29,
        "healthBase":15,
        "magickaModified":5,
        "magickaBase":5,
        "fatigueCurrent":29
      },
      "inventory":[{
          "refId":"ingred_crab_meat_01",
          "count":2,
          "charge":-1,
          "enchantmentCharge":-1,
          "soul":""
        }]
    },
    "140347-0":{
      "refId":"flora_marshmerrow_02",
      "inventory":[{
          "refId":"ingred_marshmerrow_01",
          "count":1,
          "charge":-1,
          "enchantmentCharge":-1,
          "soul":""
        }]
    },
    "104609-0":{
      "refId":"flora_wickwheat_02",
      "inventory":[{
          "refId":"ingred_wickwheat_01",
          "count":1,
          "charge":-1,
          "enchantmentCharge":-1,
          "soul":""
        }]
    },
    "199359-0":{
      "refId":"telvanni guard",
      "location":{
        "posX":94415.546875,
        "posZ":1671.3648681641,
        "posY":116329.6875,
        "rotX":-0.0093824863433838,
        "rotY":0,
        "rotZ":-0.57770991325378
      },
      "stats":{
        "healthCurrent":205,
        "magickaCurrent":184,
        "healthModified":205,
        "fatigueBase":299,
        "fatigueModified":299,
        "healthBase":205,
        "magickaModified":184,
        "magickaBase":184,
        "fatigueCurrent":299
      },
      "equipment":{
        "0":{
          "refId":"cephalopod_helm",
          "count":1,
          "charge":-1,
          "enchantmentCharge":-1
        },
        "1":{
          "refId":"bonemold_armun-an_cuirass",
          "count":1,
          "charge":-1,
          "enchantmentCharge":-1
        },
        "2":{
          "refId":"bonemold_greaves",
          "count":1,
          "charge":-1,
          "enchantmentCharge":-1
        },
        "3":{
          "refId":"bonemold_armun-an_pauldron_l",
          "count":1,
          "charge":-1,
          "enchantmentCharge":-1
        },
        "4":{
          "refId":"bonemold_armun-an_pauldron_r",
          "count":1,
          "charge":-1,
          "enchantmentCharge":-1
        },
        "5":{
          "refId":"bonemold_bracer_left",
          "count":1,
          "charge":-1,
          "enchantmentCharge":-1
        },
        "6":{
          "refId":"bonemold_bracer_right",
          "count":1,
          "charge":-1,
          "enchantmentCharge":-1
        },
        "7":{
          "refId":"bonemold_boots",
          "count":1,
          "charge":-1,
          "enchantmentCharge":-1
        },
        "9":{
          "refId":"common_pants_05",
          "count":1,
          "charge":-1,
          "enchantmentCharge":-1
        },
        "16":{
          "refId":"steel war axe",
          "count":1,
          "charge":-1,
          "enchantmentCharge":-1
        },
        "17":{
          "refId":"bonemold_tshield_telvanniguard",
          "count":1,
          "charge":-1,
          "enchantmentCharge":-1
        }
      },
      "inventory":[{
          "refId":"bonemold_bracer_right",
          "count":1,
          "charge":-1,
          "enchantmentCharge":-1,
          "soul":""
        },{
          "refId":"bonemold_bracer_left",
          "count":1,
          "charge":-1,
          "enchantmentCharge":-1,
          "soul":""
        },{
          "refId":"bonemold_tshield_telvanniguard",
          "count":1,
          "charge":-1,
          "enchantmentCharge":-1,
          "soul":""
        },{
          "refId":"bonemold_boots",
          "count":1,
          "charge":-1,
          "enchantmentCharge":-1,
          "soul":""
        },{
          "refId":"bonemold_greaves",
          "count":1,
          "charge":-1,
          "enchantmentCharge":-1,
          "soul":""
        },{
          "refId":"bonemold_armun-an_pauldron_r",
          "count":1,
          "charge":-1,
          "enchantmentCharge":-1,
          "soul":""
        },{
          "refId":"bonemold_armun-an_pauldron_l",
          "count":1,
          "charge":-1,
          "enchantmentCharge":-1,
          "soul":""
        },{
          "refId":"bonemold_armun-an_cuirass",
          "count":1,
          "charge":-1,
          "enchantmentCharge":-1,
          "soul":""
        },{
          "refId":"cephalopod_helm",
          "count":1,
          "charge":-1,
          "enchantmentCharge":-1,
          "soul":""
        },{
          "refId":"common_pants_05",
          "count":1,
          "charge":-1,
          "enchantmentCharge":-1,
          "soul":""
        },{
          "refId":"torch_infinite_time",
          "count":1,
          "charge":-1,
          "enchantmentCharge":-1,
          "soul":""
        },{
          "refId":"iron arrow",
          "count":50,
          "charge":-1,
          "enchantmentCharge":-1,
          "soul":""
        },{
          "refId":"chitin short bow",
          "count":1,
          "charge":-1,
          "enchantmentCharge":-1,
          "soul":""
        },{
          "refId":"steel war axe",
          "count":1,
          "charge":-1,
          "enchantmentCharge":-1,
          "soul":""
        }]
    },
    "140346-0":{
      "refId":"flora_marshmerrow_01",
      "inventory":[{
          "refId":"ingred_marshmerrow_01",
          "count":1,
          "charge":-1,
          "enchantmentCharge":-1,
          "soul":""
        }]
    },
    "104671-0":{
      "refId":"flora_wickwheat_04",
      "inventory":[{
          "refId":"ingred_wickwheat_01",
          "count":1,
          "charge":-1,
          "enchantmentCharge":-1,
          "soul":""
        }]
    },
    "104670-0":{
      "refId":"flora_wickwheat_01",
      "inventory":[{
          "refId":"ingred_wickwheat_01",
          "count":1,
          "charge":-1,
          "enchantmentCharge":-1,
          "soul":""
        }]
    },
    "104614-0":{
      "refId":"flora_wickwheat_01",
      "inventory":[{
          "refId":"ingred_wickwheat_01",
          "count":1,
          "charge":-1,
          "enchantmentCharge":-1,
          "soul":""
        }]
    },
    "104615-0":{
      "refId":"flora_wickwheat_02",
      "inventory":[{
          "refId":"ingred_wickwheat_01",
          "count":1,
          "charge":-1,
          "enchantmentCharge":-1,
          "soul":""
        }]
    },
    "140366-0":{
      "refId":"flora_saltrice_02",
      "inventory":[{
          "refId":"ingred_saltrice_01",
          "count":1,
          "charge":-1,