{
  "packets":{
    "actorList":["0-3317","0-3318","0-3315","0-3316","0-3319"],
    "ai":[],
    "cellChangeFrom":[],
    "cellChangeTo":[],
    "container":["439193-0","439196-0","439198-0","439212-0","439215-0","439216-0","439227-0","439231-0","439233-0","439246-0","439259-0","439270-0","439273-0","439274-0","439289-0","439292-0","439293-0","439306-0","439312-0","439317-0","439319-0","0-3317","0-3318","0-3315","0-3316","0-3319"],
    "death":[],
    "delete":[],
    "doorState":[],
    "equipment":[],
    "lock":[],
    "place":[],
    "position":["0-3315","0-3316","0-3317","0-3318","0-3319"],
    "scale":[],
    "spawn":["0-3317","0-3318","0-3315","0-3316","0-3319"],
    "state":[],
    "statsDynamic":["0-3315","0-3316","0-3317","0-3318","0-3319"],
    "trap":[],
    "spellsActive":[],
    "miscellaneous":[],
    "clientScriptLocal":[]
  },
  "entry":{
    "creationTime":1697453008,
    "description":"12, 17"
  },
  "lastVisit":{
    "ZIR":1697453934
  },
  "recordLinks":[],
  "objectData":{
    "0-3317":{
      "refId":"slaughterfish_small",
      "location":{
        "posX":100437.4140625,
        "posZ":-141.91848754883,
        "posY":140703.359375,
        "rotX":0,
        "rotY":0,
        "rotZ":2.616546869278
      },
      "stats":{
        "healthCurrent":15,
        "magickaCurrent":10,
        "healthModified":15,
        "fatigueBase":300,
        "fatigueModified":300,
        "healthBase":15,
        "magickaModified":10,
        "magickaBase":10,
        "fatigueCurrent":300
      },
      "inventory":[{
          "refId":"ingred_scales_01",
          "count":1,
          "charge":-1,
          "enchantmentCharge":-1,
          "soul":""
        }]
    },
    "439312-0":{
      "refId":"kollop_02_pearl",
      "inventory":[]
    },
    "0-3315":{
      "refId":"slaughterfish_small",
      "location":{
        "posX":103300.1640625,
        "posZ":-328.06619262695,
        "posY":141365.71875,
        "rotX":0,
        "rotY":0,
        "rotZ":-1.4680287837982
      },
      "stats":{
        "healthCurrent":15,
        "magickaCurrent":10,
        "healthModified":15,
        "fatigueBase":300,
        "fatigueModified":300,
        "healthBase":15,
        "magickaModified":10,
        "magickaBase":10,
        "fatigueCurrent":300
      },
      "inventory":[]
    },
    "439216-0":{
      "refId":"kollop_02_pearl",
      "inventory":[]
    },
    "439215-0":{
      "refId":"kollop_01_pearl",
      "inventory":[{
          "refId":"ingred_pearl_01",
          "count":1,
          "charge":-1,
          "enchantmentCharge":-1,
          "soul":""
        }]
    },
    "439231-0":{
      "refId":"kollop_03_pearl",
      "inventory":[{
          "refId":"ingred_pearl_01",
          "count":1,
          "charge":-1,
          "enchantmentCharge":-1,
          "soul":""
        }]
    },
    "439233-0":{
      "refId":"kollop_02_pearl",
      "inventory":[{
          "refId":"ingred_pearl_01",
          "count":1,
          "charge":-1,
          "enchantmentCharge":-1,
          "soul":""
        }]
    },
    "0-3319":{
      "refId":"slaughterfish",
      "location":{
        "posX":98982.5546875,
        "posZ":-1353.4923095703,
        "posY":144565.828125,
        "rotX":0,
        "rotY":0,
        "rotZ":2.3453180789948
      },
      "stats":{
        "healthCurrent":23,
        "magickaCurrent":10,
        "healthModified":23,
        "fatigueBase":400,
        "fatigueModified":400,
        "healthBase":23,
        "magickaModified":10,
        "magickaBase":10,
        "fatigueCurrent":400
      },
      "inventory":[]
    },
    "439274-0":{
      "refId":"kollop_02_pearl",
      "inventory":[{
          "refId":"ingred_pearl_01",
          "count":1,
          "charge":-1,
          "enchantmentCharge":-1,
          "soul":""
        }]
    },
    "439317-0":{
      "refId":"kollop_02_pearl",
      "inventory":[{
          "refId":"ingred_pearl_01",
          "count":1,
          "charge":-1,
          "enchantmentCharge":-1,
          "soul":""
        }]
    },
    "439212-0":{
      "refId":"kollop_03_pearl",
      "inventory":[]
    },
    "439289-0":{
      "refId":"kollop_03_pearl",
      "inventory":[{
          "refId":"ingred_pearl_01",
          "count":1,
          "charge":-1,
          "enchantmentCharge":-1,
          "soul":""
        }]
    },
    "0-3318":{
      "refId":"slaughterfish_small",
      "location":{
        "posX":102372.25,
        "posZ":-498.34469604492,
        "posY":141050.65625,
        "rotX":-7.6480209827423e-06,
        "rotY":0,
        "rotZ":1.9261515140533
      },
      "stats":{
        "healthCurrent":15,
        "magickaCurrent":10,
        "healthModified":15,
        "fatigueBase":300,
        "fatigueModified":300,
        "healthBase":15,
        "magickaModified":10,
        "magickaBase":10,
        "fatigueCurrent":300
      },
      "inventory":[{
          "refId":"ingred_scales_01",
          "count":1,
          "charge":-1,
          "enchantmentCharge":-1,
          "soul":""
        }]
    },
    "439292-0":{
      "refId":"kollop_01_pearl",
      "inventory":[]
    },
    "439319-0":{
      "refId":"kollop_03_pearl",
      "inventory":[{
          "refId":"ingred_pearl_01",
          "count":1,
          "charge":-1,
          "enchantmentCharge":-1,
          "soul":""
        }]
    },
    "439196-0":{
      "refId":"kollop_02_pearl",
      "inventory":[{
          "refId":"ingred_pearl_01",
          "count":1,
          "charge":-1,
          "enchantmentCharge":-1,
          "soul":""
        }]
    },
    "0-3316":{
      "refId":"slaughterfish_small",
      "location":{
        "posX":100768.6640625,
        "posZ":-368.97952270508,
        "posY":140792.890625,
        "rotX":0,
        "rotY":0,
        "rotZ":-0.65819668769836
      },
      "stats":{
        "healthCurrent":15,
        "magickaCurrent":10,
        "healthModified":15,
        "fatigueBase":300,
        "fatigueModified":300,
        "healthBase":15,
        "magickaModified":10,
        "magickaBase":10,
        "fatigueCurrent":300
      },
      "inventory":[]
    },
    "439306-0":{
      "refId":"kollop_03_pearl",
      "inventory":[{
          "refId":"ingred_pearl_01",
          "count":1,
          "charge":-1,
          "enchantmentCharge":-1,
          "soul":""
        }]
    },
    "439293-0":{
      "refId":"kollop_02_pearl",
      "inventory":[]
    },
    "439259-0":{
      "refId":"kollop_03_pearl",
      "inventory":[{
          "refId":"ingred_pearl_01",
          "count":1,
          "charge":-1,
          "enchantmentCharge":-1,
          "soul":""
        }]
    },
    "439270-0":{
      "refId":"kollop_03_pearl",
      "inventory":[{
          "refId":"ingred_pearl_01",
          "count":1,
          "charge":-1,
          "enchantmentCharge":-1,
          "soul":""
        }]
    },
    "439198-0":{
      "refId":"kollop_03_pearl",
      "inventory":[]
    },
    "439246-0":{
      "refId":"kollop_03_pearl",
      "inventory":[{
          "refId":"ingred_pearl_01",
          "count":1,
          "charge":-1,
          "enchantmentCharge":-1,
          "soul":""
        }]
    },
    "439273-0":{
      "refId":"kollop_01_pearl",
      "inventory":[]
    },
    "439193-0":{
      "refId":"kollop_02_pearl",
      "inventory":[{
          "refId":"ingred_pearl_01",
          "count":1,
          "charge":-1,
          "enchantmentCharge":-1,
          "soul":""
        }]
    },
    "439227-0":{
      "refId":"kollop_01_pearl",
      "inventory":[{
          "refId":"ingred_pearl_01",
          "count":1,
          "charge":-1,
          "enchantmentCharge":-1,
          "soul":""
        }]
    }
  },
  "loadState":{
    "hasFullContainerData":true,
    "hasFullActorList":true
  }
}