{
  "packets":{
    "actorList":["0-2670","0-2668","0-2665","0-2669","0-2666","0-2667","0-2672","0-2671"],
    "ai":[],
    "cellChangeFrom":[],
    "cellChangeTo":[],
    "container":["304522-0","304524-0","304525-0","304526-0","304527-0","304528-0","304529-0","304531-0","304532-0","304533-0","304534-0","304535-0","304536-0","454158-0","454169-0","454420-0","454428-0","454432-0","454210-0","454217-0","0-2670","0-2668","0-2665","0-2669","0-2666","0-2667","0-2672","0-2671"],
    "death":[],
    "delete":[],
    "doorState":[],
    "equipment":[],
    "lock":[],
    "place":[],
    "position":["0-2665","0-2666","0-2667","0-2668","0-2669","0-2670","0-2672","0-2671"],
    "scale":[],
    "spawn":["0-2670","0-2668","0-2665","0-2669","0-2666","0-2667","0-2672","0-2671"],
    "state":[],
    "statsDynamic":["0-2665","0-2666","0-2667","0-2668","0-2669","0-2670","0-2672","0-2671"],
    "trap":[],
    "spellsActive":[],
    "miscellaneous":[],
    "clientScriptLocal":[]
  },
  "entry":{
    "creationTime":1697360214,
    "description":"13, -13"
  },
  "lastVisit":{
    "ZIR":1697360236,
    "Violetta":1697360236
  },
  "recordLinks":[],
  "objectData":{
    "304528-0":{
      "refId":"flora_marshmerrow_02",
      "inventory":[{
          "refId":"ingred_marshmerrow_01",
          "count":1,
          "charge":-1,
          "enchantmentCharge":-1,
          "soul":""
        }]
    },
    "304524-0":{
      "refId":"flora_marshmerrow_03",
      "inventory":[{
          "refId":"ingred_marshmerrow_01",
          "count":1,
          "charge":-1,
          "enchantmentCharge":-1,
          "soul":""
        }]
    },
    "304533-0":{
      "refId":"flora_marshmerrow_03",
      "inventory":[{
          "refId":"ingred_marshmerrow_01",
          "count":1,
          "charge":-1,
          "enchantmentCharge":-1,
          "soul":""
        }]
    },
    "0-2666":{
      "refId":"slaughterfish_small",
      "location":{
        "posX":106961.8125,
        "posZ":-133.42315673828,
        "posY":-99971.140625,
        "rotX":0,
        "rotY":0,
        "rotZ":-1.0664312839508
      },
      "stats":{
        "healthCurrent":15,
        "magickaCurrent":10,
        "healthModified":15,
        "fatigueBase":300,
        "fatigueModified":300,
        "healthBase":15,
        "magickaModified":10,
        "magickaBase":10,
        "fatigueCurrent":300
      },
      "inventory":[{
          "refId":"ingred_scales_01",
          "count":1,
          "charge":-1,
          "enchantmentCharge":-1,
          "soul":""
        }]
    },
    "0-2667":{
      "refId":"cliff racer",
      "location":{
        "posX":108035.5546875,
        "posZ":394.26007080078,
        "posY":-102514.0546875,
        "rotX":-0.0012738779187202,
        "rotY":0,
        "rotZ":-2.1629064083099
      },
      "stats":{
        "healthCurrent":45,
        "magickaCurrent":20,
        "healthModified":45,
        "fatigueBase":400,
        "fatigueModified":400,
        "healthBase":45,
        "magickaModified":20,
        "magickaBase":20,
        "fatigueCurrent":400
      },
      "inventory":[{
          "refId":"ingred_racer_plumes_01",
          "count":1,
          "charge":-1,
          "enchantmentCharge":-1,
          "soul":""
        }]
    },
    "304531-0":{
      "refId":"flora_marshmerrow_03",
      "inventory":[{
          "refId":"ingred_marshmerrow_01",
          "count":1,
          "charge":-1,
          "enchantmentCharge":-1,
          "soul":""
        }]
    },
    "0-2671":{
      "refId":"slaughterfish",
      "location":{
        "posX":110476.0546875,
        "posZ":-1000.0100097656,
        "posY":-105590.734375,
        "rotX":0,
        "rotY":0,
        "rotZ":-0.056675910949707
      },
      "stats":{
        "healthCurrent":23,
        "magickaCurrent":10,
        "healthModified":23,
        "fatigueBase":400,
        "fatigueModified":400,
        "healthBase":23,
        "magickaModified":10,
        "magickaBase":10,
        "fatigueCurrent":400
      },
      "inventory":[{
          "refId":"ingred_scales_01",
          "count":2,
          "charge":-1,
          "enchantmentCharge":-1,
          "soul":""
        }]
    },
    "304532-0":{
      "refId":"flora_marshmerrow_02",
      "inventory":[{
          "refId":"ingred_marshmerrow_01",
          "count":1,
          "charge":-1,
          "enchantmentCharge":-1,
          "soul":""
        }]
    },
    "304526-0":{
      "refId":"flora_marshmerrow_03",
      "inventory":[{
          "refId":"ingred_marshmerrow_01",
          "count":1,
          "charge":-1,
          "enchantmentCharge":-1,
          "soul":""
        }]
    },
    "0-2669":{
      "refId":"slaughterfish_small",
      "location":{
        "posX":113557.5390625,
        "posZ":-185.03247070313,
        "posY":-102121.1796875,
        "rotX":0,
        "rotY":0,
        "rotZ":-1.1944191455841
      },
      "stats":{
        "healthCurrent":15,
        "magickaCurrent":10,
        "healthModified":15,
        "fatigueBase":300,
        "fatigueModified":300,
        "healthBase":15,
        "magickaModified":10,
        "magickaBase":10,
        "fatigueCurrent":300
      },
      "inventory":[]
    },
    "0-2665":{
      "refId":"slaughterfish_small",
      "location":{
        "posX":108159.6953125,
        "posZ":-271.11077880859,
        "posY":-103568.734375,
        "rotX":0,
        "rotY":0,
        "rotZ":-0.54850745201111
      },
      "stats":{
        "healthCurrent":15,
        "magickaCurrent":10,
        "healthModified":15,
        "fatigueBase":300,
        "fatigueModified":300,
        "healthBase":15,
        "magickaModified":10,
        "magickaBase":10,
        "fatigueCurrent":300
      },
      "inventory":[{
          "refId":"ingred_scales_01",
          "count":1,
          "charge":-1,
          "enchantmentCharge":-1,
          "soul":""
        }]
    },
    "304529-0":{
      "refId":"flora_saltrice_01",
      "inventory":[{
          "refId":"ingred_saltrice_01",
          "count":1,
          "charge":-1,
          "enchantmentCharge":-1,
          "soul":""
        }]
    },
    "304536-0":{
      "refId":"flora_saltrice_01",
      "inventory":[{
          "refId":"ingred_saltrice_01",
          "count":1,
          "charge":-1,
          "enchantmentCharge":-1,
          "soul":""
        }]
    },
    "304522-0":{
      "refId":"flora_kreshweed_02",
      "inventory":[{
          "refId":"ingred_kresh_fiber_01",
          "count":1,
          "charge":-1,
          "enchantmentCharge":-1,
          "soul":""
        }]
    },
    "454158-0":{
      "refId":"kollop_03_pearl",
      "inventory":[{
          "refId":"ingred_pearl_01",
          "count":1,
          "charge":-1,
          "enchantmentCharge":-1,
          "soul":""
        }]
    },
    "0-2668":{
      "refId":"slaughterfish_small",
      "location":{
        "posX":112859.8828125,
        "posZ":-455.87768554688,
        "posY":-99284.4921875,
        "rotX":0,
        "rotY":0,
        "rotZ":0.79424118995667
      },
      "stats":{
        "healthCurrent":15,
        "magickaCurrent":10,
        "healthModified":15,
        "fatigueBase":300,
        "fatigueModified":300,
        "healthBase":15,
        "magickaModified":10,
        "magickaBase":10,
        "fatigueCurrent":300
      },
      "inventory":[{
          "refId":"ingred_scales_01",
          "count":1,
          "charge":-1,
          "enchantmentCharge":-1,
          "soul":""
        }]
    },
    "0-2670":{
      "refId":"slaughterfish_small",
      "location":{
        "posX":113062.8984375,
        "posZ":-357.68496704102,
        "posY":-105440.328125,
        "rotX":0,
        "rotY":0,
        "rotZ":0.8530113697052
      },
      "stats":{
        "healthCurrent":15,
        "magickaCurrent":10,
        "healthModified":15,
        "fatigueBase":300,
        "fatigueModified":300,
        "healthBase":15,
        "magickaModified":10,