{
  "packets":{
    "actorList":["0-3356","0-3357","0-3360","0-3354","0-3358","0-3355","0-3359"],
    "ai":[],
    "cellChangeFrom":[],
    "cellChangeTo":[],
    "container":["438358-0","438365-0","438384-0","438386-0","438395-0","438398-0","438399-0","438413-0","438416-0","438417-0","438430-0","438435-0","438440-0","438444-0","0-3356","0-3357","0-3360","0-3358","0-3355","0-3359","0-3354"],
    "death":[],
    "delete":[],
    "doorState":[],
    "equipment":[],
    "lock":[],
    "place":[],
    "position":["0-3355","0-3356","0-3357","0-3358","0-3359","0-3360","0-3354"],
    "scale":[],
    "spawn":["0-3356","0-3357","0-3360","0-3354","0-3358","0-3355","0-3359"],
    "state":[],
    "statsDynamic":["0-3355","0-3356","0-3357","0-3358","0-3359","0-3360"],
    "trap":[],
    "spellsActive":[],
    "miscellaneous":[],
    "clientScriptLocal":[]
  },
  "entry":{
    "creationTime":1697453911,
    "description":"13, 16"
  },
  "lastVisit":{
    "ZIR":1697453934
  },
  "recordLinks":[],
  "objectData":{
    "0-3356":{
      "refId":"dreugh",
      "location":{
        "posX":106684.3125,
        "posZ":-639.49871826172,
        "posY":133626.640625,
        "rotX":-0.00027136038988829,
        "rotY":0,
        "rotZ":3.0677301883698
      },
      "stats":{
        "healthCurrent":60,
        "magickaCurrent":75,
        "healthModified":60,
        "fatigueBase":400,
        "fatigueModified":400,
        "healthBase":60,
        "magickaModified":75,
        "magickaBase":75,
        "fatigueCurrent":400
      },
      "inventory":[]
    },
    "438440-0":{
      "refId":"kollop_02_pearl",
      "inventory":[]
    },
    "0-3359":{
      "refId":"slaughterfish",
      "location":{
        "posX":107815.6796875,
        "posZ":-269.34780883789,
        "posY":138463.21875,
        "rotX":0,
        "rotY":0,
        "rotZ":-1.4066727161407
      },
      "stats":{
        "healthCurrent":23,
        "magickaCurrent":10,
        "healthModified":23,
        "fatigueBase":400,
        "fatigueModified":400,
        "healthBase":23,
        "magickaModified":10,
        "magickaBase":10,
        "fatigueCurrent":400
      },
      "inventory":[{
          "refId":"ingred_scales_01",
          "count":2,
          "charge":-1,
          "enchantmentCharge":-1,
          "soul":""
        }]
    },
    "438435-0":{
      "refId":"kollop_03_pearl",
      "inventory":[{
          "refId":"ingred_pearl_01",
          "count":1,
          "charge":-1,
          "enchantmentCharge":-1,
          "soul":""
        }]
    },
    "0-3357":{
      "refId":"dreugh",
      "location":{
        "posX":110755.890625,
        "posZ":-690.56787109375,
        "posY":134926.84375,
        "rotX":0,
        "rotY":0,
        "rotZ":0.70567440986633
      },
      "stats":{
        "healthCurrent":60,
        "magickaCurrent":75,
        "healthModified":60,
        "fatigueBase":400,
        "fatigueModified":400,
        "healthBase":60,
        "magickaModified":75,
        "magickaBase":75,
        "fatigueCurrent":400
      },
      "inventory":[{
          "refId":"ingred_dreugh_wax_01",
          "count":1,
          "charge":-1,
          "enchantmentCharge":-1,
          "soul":""
        }]
    },
    "438395-0":{
      "refId":"kollop_03_pearl",
      "inventory":[]
    },
    "438430-0":{
      "refId":"kollop_03_pearl",
      "inventory":[]
    },
    "0-3355":{
      "refId":"dreugh",
      "location":{
        "posX":110600.5390625,
        "posZ":-714.15588378906,
        "posY":132157.5625,
        "rotX":0,
        "rotY":0,
        "rotZ":0.46454215049744
      },
      "stats":{
        "healthCurrent":60,
        "magickaCurrent":75,
        "healthModified":60,
        "fatigueBase":400,
        "fatigueModified":400,
        "healthBase":60,
        "magickaModified":75,
        "magickaBase":75,
        "fatigueCurrent":400
      },
      "inventory":[{
          "refId":"ingred_dreugh_wax_01",
          "count":1,
          "charge":-1,
          "enchantmentCharge":-1,
          "soul":""
        }]
    },
    "438444-0":{
      "refId":"kollop_02_pearl",
      "inventory":[{
          "refId":"ingred_pearl_01",
          "count":1,
          "charge":-1,
          "enchantmentCharge":-1,
          "soul":""
        }]
    },
    "438417-0":{
      "refId":"kollop_02_pearl",
      "inventory":[]
    },
    "0-3354":{
      "refId":"slaughterfish_small",
      "location":{
        "posX":114489.953125,
        "posZ":-516.91564941406,
        "posY":131384.28125,
        "rotX":0,
        "rotY":0,
        "rotZ":0.92701840400696
      },
      "inventory":[{
          "refId":"ingred_scales_01",
          "count":1,
          "charge":-1,
          "enchantmentCharge":-1,
          "soul":""
        }]
    },
    "438413-0":{
      "refId":"kollop_03_pearl",
      "inventory":[{
          "refId":"ingred_pearl_01",
          "count":1,
          "charge":-1,
          "enchantmentCharge":-1,
          "soul":""
        }]
    },
    "438399-0":{
      "refId":"kollop_02_pearl",
      "inventory":[]
    },
    "438384-0":{
      "refId":"kollop_02_pearl",
      "inventory":[]
    },
    "438365-0":{
      "refId":"kollop_02_pearl",
      "inventory":[{
          "refId":"ingred_pearl_01",
          "count":1,
          "charge":-1,
          "enchantmentCharge":-1,
          "soul":""
        }]
    },
    "438416-0":{
      "refId":"kollop_01_pearl",
      "inventory":[]
    },
    "0-3358":{
      "refId":"dreugh",
      "location":{
        "posX":113670.6171875,
        "posZ":-1048.4436035156,
        "posY":136779.609375,
        "rotX":0,
        "rotY":0,
        "rotZ":-0.81622648239136
      },
      "stats":{
        "healthCurrent":60,
        "magickaCurrent":75,
        "healthModified":60,
        "fatigueBase":400,
        "fatigueModified":400,
        "healthBase":60,
        "magickaModified":75,
        "magickaBase":75,
        "fatigueCurrent":400
      },
      "inventory":[{
          "refId":"ingred_dreugh_wax_01",
          "count":1,
          "charge":-1,
          "enchantmentCharge":-1,
          "soul":""
        }]
    },
    "0-3360":{
      "refId":"slaughterfish",
      "location":{
        "posX":109953.46875,
        "posZ":-220.17039489746,
        "posY":138422.640625,
        "rotX":0,
        "rotY":0,
        "rotZ":-0.90002226829529
      },
      "stats":{
        "healthCurrent":23,
        "magickaCurrent":10,
        "healthModified":23,
        "fatigueBase":400,
        "fatigueModified":400,
        "healthBase":23,
        "magickaModified":10,
        "magickaBase":10,
        "fatigueCurrent":400
      },
      "inventory":[]
    },
    "438398-0":{
      "refId":"kollop_01_pearl",
      "inventory":[]
    },
    "438358-0":{
      "refId":"kollop_03_pearl",
      "inventory":[]
    },
    "438386-0":{
      "refId":"kollop_03_pearl",
      "inventory":[{
          "refId":"ingred_pearl_01",
          "count":1,
          "charge":-1,
          "enchantmentCharge":-1,
          "soul":""
        }]
    }
  },
  "loadState":{
    "hasFullContainerData":true,
    "hasFullActorList":true
  }
}