{
  "packets":{
    "actorList":["340966-0","0-2572"],
    "ai":[],
    "cellChangeFrom":[],
    "cellChangeTo":[],
    "container":["124852-0","124853-0","124854-0","124860-0","124861-0","124862-0","124863-0","124864-0","124865-0","124866-0","124867-0","124868-0","124869-0","124870-0","124873-0","124889-0","124890-0","124891-0","134882-0","134883-0","134884-0","134885-0","134886-0","134887-0","134888-0","134889-0","134890-0","134891-0","134892-0","134893-0","134894-0","134895-0","134896-0","134897-0","134898-0","134899-0","452507-0","452508-0","452509-0","340966-0","0-2572"],
    "death":[],
    "delete":["276544-0","276545-0"],
    "doorState":[],
    "equipment":[],
    "lock":[],
    "place":[],
    "position":["276544-0","276545-0","340966-0","0-2572"],
    "scale":[],
    "spawn":["0-2572"],
    "state":[],
    "statsDynamic":["276544-0","276545-0","340966-0","0-2572"],
    "trap":[],
    "spellsActive":[],
    "miscellaneous":[],
    "clientScriptLocal":[]
  },
  "entry":{
    "creationTime":1697358986,
    "description":"15, -9"
  },
  "lastVisit":{
    "Violetta":1697361722,
    "ZIR":1697361372
  },
  "recordLinks":[],
  "objectData":{
    "134897-0":{
      "refId":"flora_kreshweed_03",
      "inventory":[]
    },
    "134884-0":{
      "refId":"flora_kreshweed_03",
      "inventory":[{
          "refId":"ingred_kresh_fiber_01",
          "count":1,
          "charge":-1,
          "enchantmentCharge":-1,
          "soul":""
        }]
    },
    "134882-0":{
      "refId":"flora_kreshweed_01",
      "inventory":[{
          "refId":"ingred_kresh_fiber_01",
          "count":1,
          "charge":-1,
          "enchantmentCharge":-1,
          "soul":""
        }]
    },
    "134894-0":{
      "refId":"flora_kreshweed_02",
      "inventory":[]
    },
    "134892-0":{
      "refId":"flora_kreshweed_01",
      "inventory":[]
    },
    "340966-0":{
      "refId":"mudcrab",
      "location":{
        "posX":129952.375,
        "posZ":160.32797241211,
        "posY":-67876.78125,
        "rotX":0.65381932258606,
        "rotY":0,
        "rotZ":-0.43473243713379
      },
      "stats":{
        "healthCurrent":15,
        "magickaCurrent":5,
        "healthModified":15,
        "fatigueBase":400,
        "fatigueModified":400,
        "healthBase":15,
        "magickaModified":5,
        "magickaBase":5,
        "fatigueCurrent":400
      },
      "inventory":[]
    },
    "134890-0":{
      "refId":"flora_kreshweed_01",
      "inventory":[]
    },
    "124863-0":{
      "refId":"flora_marshmerrow_02",
      "inventory":[{
          "refId":"ingred_marshmerrow_01",
          "count":1,
          "charge":-1,
          "enchantmentCharge":-1,
          "soul":""
        }]
    },
    "124864-0":{
      "refId":"flora_marshmerrow_03",
      "inventory":[{
          "refId":"ingred_marshmerrow_01",
          "count":1,
          "charge":-1,
          "enchantmentCharge":-1,
          "soul":""
        }]
    },
    "124854-0":{
      "refId":"flora_muckspunge_04",
      "inventory":[{
          "refId":"ingred_muck_01",
          "count":1,
          "charge":-1,
          "enchantmentCharge":-1,
          "soul":""
        }]
    },
    "276544-0":{
      "refId":"odairan addaribantes",
      "location":{
        "posX":125904.484375,
        "posZ":1005.7341308594,
        "posY":-69039.8984375,
        "rotX":-0.1385320276022,
        "rotY":0,
        "rotZ":-1.6019160747528
      },
      "stats":{
        "healthCurrent":0,
        "magickaCurrent":98,
        "healthModified":105,
        "fatigueBase":218,
        "magickaModified":98,
        "fatigueModified":218,
        "healthBase":105,
        "magickaBase":98,
        "fatigueCurrent":217.0668182373
      }
    },
    "124853-0":{
      "refId":"flora_muckspunge_03",
      "inventory":[{
          "refId":"ingred_muck_01",
          "count":1,
          "charge":-1,
          "enchantmentCharge":-1,
          "soul":""
        }]
    },
    "134886-0":{
      "refId":"flora_kreshweed_02",
      "inventory":[{
          "refId":"ingred_kresh_fiber_01",
          "count":1,
          "charge":-1,
          "enchantmentCharge":-1,
          "soul":""
        }]
    },
    "452509-0":{
      "refId":"kollop_03_pearl",
      "inventory":[{
          "refId":"ingred_pearl_01",
          "count":1,
          "charge":-1,
          "enchantmentCharge":-1,
          "soul":""
        }]
    },
    "452508-0":{
      "refId":"kollop_02_pearl",
      "inventory":[{
          "refId":"ingred_pearl_01",
          "count":1,
          "charge":-1,
          "enchantmentCharge":-1,
          "soul":""
        }]
    },
    "134889-0":{
      "refId":"flora_kreshweed_02",
      "inventory":[{
          "refId":"ingred_kresh_fiber_01",
          "count":1,
          "charge":-1,
          "enchantmentCharge":-1,
          "soul":""
        }]
    },
    "0-2572":{
      "refId":"atronach_frost",
      "location":{
        "posX":130884.625,
        "posZ":308.11740112305,
        "posY":-69320.03125,
        "rotX":-0.0904785618186,
        "rotY":0,
        "rotZ":0.19766235351563
      },
      "stats":{
        "healthCurrent":105,
        "magickaCurrent":135,
        "fatigueModified":600,
        "fatigueBase":600,
        "healthBase":105,
        "healthModified":105,
        "magickaModified":135,
        "magickaBase":135,
        "fatigueCurrent":600
      },
      "inventory":[]
    },
    "134899-0":{
      "refId":"flora_kreshweed_01",
      "inventory":[{
          "refId":"ingred_kresh_fiber_01",
          "count":1,
          "charge":-1,
          "enchantmentCharge":-1,
          "soul":""
        }]
    },
    "124860-0":{
      "refId":"flora_saltrice_01",
      "inventory":[{
          "refId":"ingred_saltrice_01",
          "count":1,
          "charge":-1,
          "enchantmentCharge":-1,
          "soul":""
        }]
    },
    "124870-0":{
      "refId":"flora_marshmerrow_01",
      "inventory":[{
          "refId":"ingred_marshmerrow_01",
          "count":1,
          "charge":-1,
          "enchantmentCharge":-1,
          "soul":""
        }]
    },
    "452507-0":{
      "refId":"kollop_01_pearl",
      "inventory":[{
          "refId":"ingred_pearl_01",
          "count":1,
          "charge":-1,
          "enchantmentCharge":-1,
          "soul":""
        }]
    },
    "134895-0":{
      "refId":"flora_kreshweed_01",
      "inventory":[{
          "refId":"ingred_kresh_fiber_01",
          "count":1,
          "charge":-1,
          "enchantmentCharge":-1,
          "soul":""
        }]
    },
    "134893-0":{
      "refId":"flora_kreshweed_01",
      "inventory":[{
          "refId":"ingred_kresh_fiber_01",
          "count":1,
          "charge":-1,
          "enchantmentCharge":-1,
          "soul":""
        }]
    },
    "124866-0":{
      "refId":"flora_saltrice_01",
      "inventory":[{
          "refId":"ingred_saltrice_01",
          "count":1,
          "charge":-1,
          "enchantmentCharge":-1,
          "soul":""
        }]
    },
    "124861-0":{
      "refId":"flora_saltrice_02",
      "inventory":[{
          "refId":"ingred_saltrice_01",
          "count":1,
          "charge":-1,
          "enchantmentCharge":-1,
          "soul":""
        }]
    },
    "276545-0":{
      "refId":"turan tibashipal",
      "location":{
        "posX":125609.28125,
        "posZ":1049.3129882813,
        "posY":-68992.75,
        "rotX":0.09584391862154,
        "rotY":0,
        "rotZ":-0.15942716598511
      },
      "stats":{
        "healthCurrent":0,
        "magickaCurrent":96,
        "healthModified":118,
        "fatigueBase":236,
        "magickaModified":96,
        "fatigueModified":236,
        "healthBase":118,
        "magickaBase":96,
        "fatigueCurrent":236
      }
    },
    "124869-0":{
      "refId":"flora_marshmerrow_02",
      "inventory":[{
          "refId":"ingred_marshmerrow_01",
          "count":1,
          "charge":-1,