{
  "packets":{
    "actorList":["0-2588","0-2586","0-2585","0-2589","340967-0","0-2600","0-2590"],
    "ai":[],
    "cellChangeFrom":[],
    "cellChangeTo":[],
    "container":["124927-0","124928-0","124929-0","124941-0","124944-0","124947-0","124948-0","124949-0","124950-0","124951-0","124952-0","124953-0","124954-0","124955-0","124956-0","124959-0","124963-0","124964-0","124965-0","124966-0","124967-0","124968-0","124969-0","124970-0","124971-0","124972-0","134900-0","134901-0","134902-0","134903-0","134904-0","134905-0","134906-0","134907-0","134908-0","134909-0","134910-0","134911-0","134912-0","134913-0","134914-0","134915-0","134916-0","134917-0","134918-0","134919-0","304264-0","304265-0","356191-0","453533-0","453537-0","453539-0","453546-0","0-2588","0-2586","0-2585","0-2589","0-2600","340967-0","0-2590"],
    "death":[],
    "delete":[],
    "doorState":[],
    "equipment":[],
    "lock":[],
    "place":[],
    "position":["0-2586","0-2588","0-2589","340967-0","0-2600","0-2590"],
    "scale":[],
    "spawn":["0-2588","0-2586","0-2585","0-2589","0-2600","0-2590"],
    "state":[],
    "statsDynamic":["0-2586","0-2588","0-2589","0-2600","340967-0","0-2590"],
    "trap":[],
    "spellsActive":[],
    "miscellaneous":[],
    "clientScriptLocal":[]
  },
  "entry":{
    "creationTime":1697359068,
    "description":"15, -10"
  },
  "lastVisit":{
    "Violetta":1697361722,
    "ZIR":1697361372
  },
  "recordLinks":[],
  "objectData":{
    "0-2589":{
      "refId":"rat",
      "location":{
        "posX":123405.75,
        "posZ":587.38708496094,
        "posY":-76065.59375,
        "rotX":-0.072163350880146,
        "rotY":0,
        "rotZ":0.74254488945007
      },
      "stats":{
        "healthCurrent":23,
        "magickaCurrent":10,
        "healthModified":23,
        "fatigueBase":300,
        "fatigueModified":300,
        "healthBase":23,
        "magickaModified":10,
        "magickaBase":10,
        "fatigueCurrent":300
      },
      "inventory":[{
          "refId":"ingred_rat_meat_01",
          "count":1,
          "charge":-1,
          "enchantmentCharge":-1,
          "soul":""
        }]
    },
    "124969-0":{
      "refId":"flora_saltrice_02",
      "inventory":[]
    },
    "124952-0":{
      "refId":"flora_marshmerrow_03",
      "inventory":[{
          "refId":"ingred_marshmerrow_01",
          "count":1,
          "charge":-1,
          "enchantmentCharge":-1,
          "soul":""
        }]
    },
    "124956-0":{
      "refId":"flora_marshmerrow_01",
      "inventory":[{
          "refId":"ingred_marshmerrow_01",
          "count":1,
          "charge":-1,
          "enchantmentCharge":-1,
          "soul":""
        }]
    },
    "134905-0":{
      "refId":"flora_kreshweed_03",
      "inventory":[{
          "refId":"ingred_kresh_fiber_01",
          "count":1,
          "charge":-1,
          "enchantmentCharge":-1,
          "soul":""
        }]
    },
    "124953-0":{
      "refId":"flora_saltrice_01",
      "inventory":[{
          "refId":"ingred_saltrice_01",
          "count":1,
          "charge":-1,
          "enchantmentCharge":-1,
          "soul":""
        }]
    },
    "453537-0":{
      "refId":"kollop_03_pearl",
      "inventory":[]
    },
    "134909-0":{
      "refId":"flora_kreshweed_02",
      "inventory":[]
    },
    "134908-0":{
      "refId":"flora_kreshweed_01",
      "inventory":[]
    },
    "0-2600":{
      "refId":"mudcrab-diseased",
      "location":{
        "posX":123427.3828125,
        "posZ":477.83093261719,
        "posY":-81916.859375,
        "rotX":0.40767624974251,
        "rotY":0,
        "rotZ":0.84896779060364
      },
      "stats":{
        "healthCurrent":15,
        "magickaCurrent":5,
        "healthModified":15,
        "fatigueBase":28,
        "fatigueModified":28,
        "healthBase":15,
        "magickaModified":5,
        "magickaBase":5,
        "fatigueCurrent":28
      },
      "inventory":[{
          "refId":"ingred_crab_meat_01",
          "count":2,
          "charge":-1,
          "enchantmentCharge":-1,
          "soul":""
        }]
    },
    "134900-0":{
      "refId":"flora_kreshweed_01",
      "inventory":[]
    },
    "124941-0":{
      "refId":"flora_muckspunge_06",
      "inventory":[{
          "refId":"ingred_muck_01",
          "count":1,
          "charge":-1,
          "enchantmentCharge":-1,
          "soul":""
        }]
    },
    "453546-0":{
      "refId":"kollop_02_pearl",
      "inventory":[{
          "refId":"ingred_pearl_01",
          "count":1,
          "charge":-1,
          "enchantmentCharge":-1,
          "soul":""
        }]
    },
    "0-2588":{
      "refId":"rat_blighted",
      "location":{
        "posX":123551,
        "posZ":558.18951416016,
        "posY":-76151.65625,
        "rotX":0.24836111068726,
        "rotY":0,
        "rotZ":-2.6797544956207
      },
      "stats":{
        "healthCurrent":45,
        "magickaCurrent":10,
        "healthModified":45,
        "fatigueBase":60,
        "fatigueModified":60,
        "healthBase":45,
        "magickaModified":10,
        "magickaBase":10,
        "fatigueCurrent":60
      },
      "inventory":[{
          "refId":"ingred_rat_meat_01",
          "count":2,
          "charge":-1,
          "enchantmentCharge":-1,
          "soul":""
        }]
    },
    "304265-0":{
      "refId":"flora_kreshweed_01",
      "inventory":[{
          "refId":"ingred_kresh_fiber_01",
          "count":1,
          "charge":-1,
          "enchantmentCharge":-1,
          "soul":""
        }]
    },
    "304264-0":{
      "refId":"flora_kreshweed_03",
      "inventory":[{
          "refId":"ingred_kresh_fiber_01",
          "count":1,
          "charge":-1,
          "enchantmentCharge":-1,
          "soul":""
        }]
    },
    "356191-0":{
      "refId":"flora_kreshweed_03",
      "inventory":[]
    },
    "124929-0":{
      "refId":"flora_muckspunge_03",
      "inventory":[{
          "refId":"ingred_muck_01",
          "count":1,
          "charge":-1,
          "enchantmentCharge":-1,
          "soul":""
        }]
    },
    "134901-0":{
      "refId":"flora_kreshweed_02",
      "inventory":[]
    },
    "0-2586":{
      "refId":"mudcrab-diseased",
      "location":{
        "posX":125573.734375,
        "posZ":199.08996582031,
        "posY":-77860.5546875,
        "rotX":0.38940051198006,
        "rotY":0,
        "rotZ":2.8178684711456
      },
      "stats":{
        "healthCurrent":15,
        "magickaCurrent":5,
        "healthModified":15,
        "fatigueBase":25,
        "fatigueModified":25,
        "healthBase":15,
        "magickaModified":5,
        "magickaBase":5,
        "fatigueCurrent":25
      },
      "inventory":[]
    },
    "340967-0":{
      "refId":"slaughterfish",
      "location":{
        "posX":123200.9375,
        "posZ":-182.14991760254,
        "posY":-78754.8125,
        "rotX":0.0026136394590139,
        "rotY":0,
        "rotZ":1.0244743824005
      },
      "stats":{
        "healthCurrent":23,
        "magickaCurrent":10,
        "fatigueModified":400,
        "fatigueBase":400,
        "healthBase":23,
        "healthModified":23,
        "magickaModified":10,
        "magickaBase":10,
        "fatigueCurrent":400
      },
      "inventory":[{
          "refId":"ingred_scales_01",
          "count":2,
          "charge":-1,
          "enchantmentCharge":-1,
          "soul":""
        }]
    },
    "134904-0":{
      "refId":"flora_kreshweed_01",
      "inventory":[{
          "refId":"ingred_kresh_fiber_01",
          "count":1,
          "charge":-1,
          "enchantmentCharge":-1,
          "soul":""
        }]
    },
    "124948-0":{
      "refId":"flora_saltrice_02",
      "inventory":[{
          "refId":"ingred_saltrice_01",
          "count":1,
          "charge":-1,
          "enchantmentCharge":-1,
          "soul":""
        }]
    },
    "124965-0":{
      "refId":"flora_marshmerrow_01",