{
  "packets":{
    "actorList":["0-2581","0-2580","0-2583","0-2584","0-2582","149245-0"],
    "ai":[],
    "cellChangeFrom":[],
    "cellChangeTo":[],
    "container":["124770-0","134870-0","134871-0","134872-0","134873-0","134874-0","134875-0","134876-0","134877-0","134878-0","134879-0","134880-0","134881-0","226025-0","288584-0","288585-0","288586-0","288587-0","149245-0","0-2581","0-2580","0-2583","0-2584","0-2582"],
    "death":[],
    "delete":[],
    "doorState":[],
    "equipment":["149245-0"],
    "lock":[],
    "place":[],
    "position":["149245-0","0-2580","0-2581","0-2582","0-2583","0-2584"],
    "scale":[],
    "spawn":["0-2581","0-2580","0-2583","0-2584","0-2582"],
    "state":[],
    "statsDynamic":["149245-0","0-2580","0-2581","0-2582","0-2583","0-2584"],
    "trap":[],
    "spellsActive":[],
    "miscellaneous":[],
    "clientScriptLocal":[]
  },
  "entry":{
    "creationTime":1697359054,
    "description":"16, -9"
  },
  "lastVisit":{
    "ZIR":1697361442,
    "Violetta":1697359645
  },
  "recordLinks":[],
  "objectData":{
    "124770-0":{
      "refId":"flora_muckspunge_06",
      "inventory":[]
    },
    "134870-0":{
      "refId":"flora_kreshweed_03",
      "inventory":[]
    },
    "0-2580":{
      "refId":"scamp",
      "location":{
        "posX":135852.6875,
        "posZ":2084.9965820313,
        "posY":-67827.796875,
        "rotX":0.27024310827255,
        "rotY":0,
        "rotZ":0.62054371833801
      },
      "stats":{
        "healthCurrent":45,
        "magickaCurrent":100,
        "healthModified":45,
        "fatigueBase":400,
        "fatigueModified":400,
        "healthBase":45,
        "magickaModified":100,
        "magickaBase":100,
        "fatigueCurrent":400
      },
      "inventory":[]
    },
    "0-2583":{
      "refId":"clannfear",
      "location":{
        "posX":131915,
        "posZ":473.09945678711,
        "posY":-67232.46875,
        "rotX":-0.22154296934605,
        "rotY":0,
        "rotZ":1.5334541797638
      },
      "stats":{
        "healthCurrent":113,
        "magickaCurrent":100,
        "healthModified":113,
        "fatigueBase":500,
        "fatigueModified":500,
        "healthBase":113,
        "magickaModified":100,
        "magickaBase":100,
        "fatigueCurrent":500
      },
      "inventory":[{
          "refId":"ingred_daedras_heart_01",
          "count":1,
          "charge":-1,
          "enchantmentCharge":-1,
          "soul":""
        }]
    },
    "288584-0":{
      "refId":"flora_black_anther_01",
      "inventory":[{
          "refId":"ingred_black_anther_01",
          "count":1,
          "charge":-1,
          "enchantmentCharge":-1,
          "soul":""
        }]
    },
    "0-2582":{
      "refId":"daedroth",
      "location":{
        "posX":132636.28125,
        "posZ":718.26531982422,
        "posY":-67897.4453125,
        "rotX":0.24777626991272,
        "rotY":0,
        "rotZ":-0.16532349586487
      },
      "stats":{
        "healthCurrent":180,
        "magickaCurrent":195,
        "healthModified":180,
        "fatigueBase":600,
        "fatigueModified":600,
        "healthBase":180,
        "magickaModified":195,
        "magickaBase":195,
        "fatigueCurrent":600
      },
      "inventory":[]
    },
    "134881-0":{
      "refId":"flora_kreshweed_01",
      "inventory":[{
          "refId":"ingred_kresh_fiber_01",
          "count":1,
          "charge":-1,
          "enchantmentCharge":-1,
          "soul":""
        }]
    },
    "134880-0":{
      "refId":"flora_kreshweed_03",
      "inventory":[{
          "refId":"ingred_kresh_fiber_01",
          "count":1,
          "charge":-1,
          "enchantmentCharge":-1,
          "soul":""
        }]
    },
    "288586-0":{
      "refId":"flora_stoneflower_02",
      "inventory":[{
          "refId":"ingred_stoneflower_petals_01",
          "count":1,
          "charge":-1,
          "enchantmentCharge":-1,
          "soul":""
        }]
    },
    "149245-0":{
      "refId":"brasteir",
      "location":{
        "posX":132682.078125,
        "posZ":942.58056640625,
        "posY":-71156.671875,
        "rotX":0.0057024508714676,
        "rotY":0,
        "rotZ":2.5051128864288
      },
      "stats":{
        "healthCurrent":161,
        "magickaCurrent":86,
        "healthModified":161,
        "fatigueBase":290,
        "fatigueModified":290,
        "healthBase":161,
        "magickaModified":86,
        "magickaBase":86,
        "fatigueCurrent":290
      },
      "equipment":[{
          "refId":"bonemold_armun-an_cuirass",
          "count":1,
          "charge":-1,
          "enchantmentCharge":-1
        },{
          "refId":"bonemold_greaves",
          "count":1,
          "charge":-1,
          "enchantmentCharge":-1
        },{
          "refId":"bonemold_armun-an_pauldron_l",
          "count":1,
          "charge":-1,
          "enchantmentCharge":-1
        },{
          "refId":"bonemold_armun-an_pauldron_r",
          "count":1,
          "charge":-1,
          "enchantmentCharge":-1
        },{
          "refId":"bonemold_bracer_left",
          "count":1,
          "charge":-1,
          "enchantmentCharge":-1
        },{
          "refId":"bonemold_bracer_right",
          "count":1,
          "charge":-1,
          "enchantmentCharge":-1
        },{
          "refId":"bonemold_boots",
          "count":1,
          "charge":-1,
          "enchantmentCharge":-1
        },null,null,null,null,null,null,null,null,{
          "refId":"nordic battle axe",
          "count":1,
          "charge":-1,
          "enchantmentCharge":-1
        }],
      "inventory":[{
          "refId":"bonemold_bracer_right",
          "count":1,
          "charge":-1,
          "enchantmentCharge":-1,
          "soul":""
        },{
          "refId":"bonemold_bracer_left",
          "count":1,
          "charge":-1,
          "enchantmentCharge":-1,
          "soul":""
        },{
          "refId":"bonemold_boots",
          "count":1,
          "charge":-1,
          "enchantmentCharge":-1,
          "soul":""
        },{
          "refId":"bonemold_greaves",
          "count":1,
          "charge":-1,
          "enchantmentCharge":-1,
          "soul":""
        },{
          "refId":"bonemold_armun-an_pauldron_r",
          "count":1,
          "charge":-1,
          "enchantmentCharge":-1,
          "soul":""
        },{
          "refId":"bonemold_armun-an_pauldron_l",
          "count":1,
          "charge":-1,
          "enchantmentCharge":-1,
          "soul":""
        },{
          "refId":"bonemold_armun-an_cuirass",
          "count":1,
          "charge":-1,
          "enchantmentCharge":-1,
          "soul":""
        },{
          "refId":"steel arrow",
          "count":35,
          "charge":-1,
          "enchantmentCharge":-1,
          "soul":""
        },{
          "refId":"nordic battle axe",
          "count":1,
          "charge":-1,
          "enchantmentCharge":-1,
          "soul":""
        },{
          "refId":"chitin short bow",
          "count":1,
          "charge":-1,
          "enchantmentCharge":-1,
          "soul":""
        }]
    },
    "226025-0":{
      "refId":"flora_bittergreen_04",
      "inventory":[{
          "refId":"ingred_bittergreen_petals_01",
          "count":2,
          "charge":-1,
          "enchantmentCharge":-1,
          "soul":""
        }]
    },
    "134877-0":{
      "refId":"flora_kreshweed_03",
      "inventory":[{
          "refId":"ingred_kresh_fiber_01",
          "count":1,
          "charge":-1,
          "enchantmentCharge":-1,
          "soul":""
        }]
    },
    "134876-0":{
      "refId":"flora_kreshweed_01",
      "inventory":[{
          "refId":"ingred_kresh_fiber_01",
          "count":1,
          "charge":-1,
          "enchantmentCharge":-1,
          "soul":""
        }]
    },
    "134871-0":{
      "refId":"flora_kreshweed_02",
      "inventory":[{
          "refId":"ingred_kresh_fiber_01",