{
  "packets":{
    "actorList":["0-2655","0-2656","276539-0","276540-0","276541-0"],
    "ai":[],
    "cellChangeFrom":[],
    "cellChangeTo":[],
    "container":["124688-0","124690-0","124692-0","124693-0","124694-0","124695-0","124696-0","124697-0","124698-0","124699-0","124700-0","124701-0","124704-0","124705-0","124706-0","124707-0","124708-0","124709-0","124710-0","124711-0","124712-0","124713-0","124714-0","276543-0","452359-0","452363-0","452364-0","452366-0","276539-0","276540-0","276541-0","0-2655","0-2656"],
    "death":[],
    "delete":[],
    "doorState":[],
    "equipment":["276539-0","276540-0","276541-0"],
    "lock":[],
    "place":[],
    "position":["276539-0","276540-0","276541-0","0-2655","0-2656"],
    "scale":[],
    "spawn":["0-2655","0-2656"],
    "state":[],
    "statsDynamic":["276539-0","276540-0","276541-0","0-2655","0-2656"],
    "trap":[],
    "spellsActive":[],
    "miscellaneous":[],
    "clientScriptLocal":[]
  },
  "entry":{
    "creationTime":1697359816,
    "description":"16, -6"
  },
  "lastVisit":{
    "ZIR":1697359861
  },
  "recordLinks":[],
  "objectData":{
    "124692-0":{
      "refId":"flora_saltrice_02",
      "inventory":[]
    },
    "124694-0":{
      "refId":"flora_marshmerrow_03",
      "inventory":[{
          "refId":"ingred_marshmerrow_01",
          "count":1,
          "charge":-1,
          "enchantmentCharge":-1,
          "soul":""
        }]
    },
    "0-2656":{
      "refId":"mudcrab",
      "location":{
        "posX":135054.640625,
        "posZ":23.17714881897,
        "posY":-44005.44921875,
        "rotX":0,
        "rotY":0,
        "rotZ":0
      },
      "stats":{
        "healthCurrent":15,
        "magickaCurrent":5,
        "healthModified":15,
        "fatigueBase":400,
        "fatigueModified":400,
        "healthBase":15,
        "magickaModified":5,
        "magickaBase":5,
        "fatigueCurrent":400
      },
      "inventory":[{
          "refId":"ingred_crab_meat_01",
          "count":2,
          "charge":-1,
          "enchantmentCharge":-1,
          "soul":""
        }]
    },
    "276541-0":{
      "refId":"mamusa shashmassamsi",
      "location":{
        "posX":134022.71875,
        "posZ":216.71520996094,
        "posY":-45728.796875,
        "rotX":0,
        "rotY":0,
        "rotZ":5.58318567276
      },
      "stats":{
        "healthCurrent":104,
        "magickaCurrent":94,
        "healthModified":104,
        "fatigueBase":250,
        "fatigueModified":250,
        "healthBase":104,
        "magickaModified":94,
        "magickaBase":94,
        "fatigueCurrent":250
      },
      "equipment":{
        "7":{
          "refId":"expensive_shoes_01",
          "count":1,
          "charge":-1,
          "enchantmentCharge":-1
        },
        "16":{
          "refId":"chitin war axe",
          "count":1,
          "charge":-1,
          "enchantmentCharge":-1
        },
        "11":{
          "refId":"expensive_robe_01",
          "count":1,
          "charge":-1,
          "enchantmentCharge":-1
        }
      },
      "inventory":[{
          "refId":"chitin_shield",
          "count":1,
          "charge":-1,
          "enchantmentCharge":-1,
          "soul":""
        },{
          "refId":"expensive_robe_01",
          "count":1,
          "charge":-1,
          "enchantmentCharge":-1,
          "soul":""
        },{
          "refId":"expensive_shoes_01",
          "count":1,
          "charge":-1,
          "enchantmentCharge":-1,
          "soul":""
        },{
          "refId":"chitin war axe",
          "count":1,
          "charge":-1,
          "enchantmentCharge":-1,
          "soul":""
        }]
    },
    "452364-0":{
      "refId":"kollop_02_pearl",
      "inventory":[]
    },
    "124711-0":{
      "refId":"flora_saltrice_02",
      "inventory":[{
          "refId":"ingred_saltrice_01",
          "count":1,
          "charge":-1,
          "enchantmentCharge":-1,
          "soul":""
        }]
    },
    "124693-0":{
      "refId":"flora_marshmerrow_02",
      "inventory":[{
          "refId":"ingred_marshmerrow_01",
          "count":1,
          "charge":-1,
          "enchantmentCharge":-1,
          "soul":""
        }]
    },
    "124698-0":{
      "refId":"flora_marshmerrow_02",
      "inventory":[{
          "refId":"ingred_marshmerrow_01",
          "count":1,
          "charge":-1,
          "enchantmentCharge":-1,
          "soul":""
        }]
    },
    "124710-0":{
      "refId":"flora_saltrice_01",
      "inventory":[{
          "refId":"ingred_saltrice_01",
          "count":1,
          "charge":-1,
          "enchantmentCharge":-1,
          "soul":""
        }]
    },
    "124695-0":{
      "refId":"flora_marshmerrow_03",
      "inventory":[{
          "refId":"ingred_marshmerrow_01",
          "count":1,
          "charge":-1,
          "enchantmentCharge":-1,
          "soul":""
        }]
    },
    "124688-0":{
      "refId":"flora_saltrice_02",
      "inventory":[{
          "refId":"ingred_saltrice_01",
          "count":1,
          "charge":-1,
          "enchantmentCharge":-1,
          "soul":""
        }]
    },
    "124713-0":{
      "refId":"flora_marshmerrow_01",
      "inventory":[{
          "refId":"ingred_marshmerrow_01",
          "count":1,
          "charge":-1,
          "enchantmentCharge":-1,
          "soul":""
        }]
    },
    "276543-0":{
      "refId":"de_p_chest_02_gold_25",
      "inventory":[{
          "refId":"gold_001",
          "count":25,
          "charge":-1,
          "enchantmentCharge":-1,
          "soul":""
        }]
    },
    "124707-0":{
      "refId":"flora_marshmerrow_02",
      "inventory":[{
          "refId":"ingred_marshmerrow_01",
          "count":1,
          "charge":-1,
          "enchantmentCharge":-1,
          "soul":""
        }]
    },
    "124705-0":{
      "refId":"flora_saltrice_02",
      "inventory":[{
          "refId":"ingred_saltrice_01",
          "count":1,
          "charge":-1,
          "enchantmentCharge":-1,
          "soul":""
        }]
    },
    "124709-0":{
      "refId":"flora_marshmerrow_03",
      "inventory":[]
    },
    "276540-0":{
      "refId":"munbebi addarari",
      "location":{
        "posX":133781.421875,
        "posZ":127.33303070068,
        "posY":-45497.6171875,
        "rotX":0,
        "rotY":0,
        "rotZ":5.7831859588623
      },
      "stats":{
        "healthCurrent":98,
        "magickaCurrent":92,
        "healthModified":98,
        "fatigueBase":242,
        "fatigueModified":242,
        "healthBase":98,
        "magickaModified":92,
        "magickaBase":92,
        "fatigueCurrent":242
      },
      "equipment":{
        "7":{
          "refId":"common_shoes_05",
          "count":1,
          "charge":-1,
          "enchantmentCharge":-1
        },
        "8":{
          "refId":"common_shirt_02_h",
          "count":1,
          "charge":-1,
          "enchantmentCharge":-1
        },
        "16":{
          "refId":"chitin war axe",
          "count":1,
          "charge":-1,
          "enchantmentCharge":-1
        },
        "9":{
          "refId":"expensive_pants_01",
          "count":1,
          "charge":-1,
          "enchantmentCharge":-1
        }
      },
      "inventory":[{
          "refId":"chitin_shield",
          "count":1,
          "charge":-1,
          "enchantmentCharge":-1,
          "soul":""
        },{
          "refId":"common_shirt_02_h",
          "count":1,
          "charge":-1,
          "enchantmentCharge":-1,
          "soul":""
        },{
          "refId":"common_shoes_05",
          "count":1,
          "charge":-1,
          "enchantmentCharge":-1,
          "soul":""
        },{
          "refId":"expensive_pants_01",
          "count":1,
          "charge":-1,
          "enchantmentCharge":-1,
          "soul":""
        },{
          "refId":"chitin war axe",
          "count":1,
          "charge":-1,
          "enchantmentCharge":-1,