{
  "packets":{
    "actorList":[],
    "ai":[],
    "cellChangeFrom":[],
    "cellChangeTo":[],
    "container":["453039-0","453043-0","453045-0","453052-0","453062-0","453063-0","453071-0","453077-0"],
    "death":[],
    "delete":["347235-0"],
    "doorState":[],
    "equipment":[],
    "lock":[],
    "place":["0-2618","0-2619","0-2620","0-2621","0-2622","0-2623","0-2624","0-2625","0-2626","0-2627","0-2628"],
    "position":["347235-0"],
    "scale":[],
    "spawn":[],
    "state":[],
    "statsDynamic":["347235-0"],
    "trap":[],
    "spellsActive":[],
    "miscellaneous":[],
    "clientScriptLocal":[]
  },
  "entry":{
    "creationTime":1697359254,
    "description":"17, -9"
  },
  "lastVisit":{
    "ZIR":1697361511,
    "Violetta":1697359781
  },
  "recordLinks":{
    "potion":[]
  },
  "objectData":{
    "453043-0":{
      "refId":"kollop_03_pearl",
      "inventory":[]
    },
    "347235-0":{
      "refId":"slaughterfish",
      "location":{
        "posX":141738.015625,
        "posZ":-96.368133544922,
        "posY":-71126.375,
        "rotX":-0.23219321668148,
        "rotY":0,
        "rotZ":0.64383625984192
      },
      "stats":{
        "healthCurrent":0,
        "magickaCurrent":10,
        "fatigueModified":400,
        "fatigueBase":400,
        "healthBase":23,
        "healthModified":23,
        "magickaModified":10,
        "magickaBase":10,
        "fatigueCurrent":306.6838684082
      }
    },
    "453062-0":{
      "refId":"kollop_03_pearl",
      "inventory":[{
          "refId":"ingred_pearl_01",
          "count":1,
          "charge":-1,
          "enchantmentCharge":-1,
          "soul":""
        }]
    },
    "0-2627":{
      "refId":"chitin dagger",
      "charge":375,
      "location":{
        "posX":142281.3125,
        "posZ":208.49781799316,
        "posY":-70450.1953125,
        "rotX":0,
        "rotY":0,
        "rotZ":2.2787840366364
      }
    },
    "0-2620":{
      "refId":"netch_leather_boiled_helm",
      "charge":64,
      "location":{
        "posX":142414.875,
        "posZ":266.41625976563,
        "posY":-70551.8671875,
        "rotX":0,
        "rotY":0,
        "rotZ":2.2787840366364
      }
    },
    "453039-0":{
      "refId":"kollop_03_pearl",
      "inventory":[]
    },
    "0-2623":{
      "refId":"common_pants_03_c",
      "location":{
        "posX":142402.484375,
        "posZ":270.47146606445,
        "posY":-70536.515625,
        "rotX":0,
        "rotY":0,
        "rotZ":2.2787840366364
      }
    },
    "0-2618":{
      "refId":"common_shirt_03",
      "location":{
        "posX":142410.46875,
        "posZ":255.81781005859,
        "posY":-70528.7265625,
        "rotX":0,
        "rotY":0,
        "rotZ":2.2787840366364
      }
    },
    "453052-0":{
      "refId":"kollop_02_pearl",
      "inventory":[]
    },
    "0-2625":{
      "refId":"netch_leather_boots",
      "charge":44,
      "location":{
        "posX":142406.703125,
        "posZ":248.16665649414,
        "posY":-70580.96875,
        "rotX":0,
        "rotY":0,
        "rotZ":2.2787840366364
      }
    },
    "0-2626":{
      "refId":"netch_leather_boiled_cuirass",
      "charge":202,
      "location":{
        "posX":142378.96875,
        "posZ":239.65063476563,
        "posY":-70549.1875,
        "rotX":0,
        "rotY":0,
        "rotZ":2.2787840366364
      }
    },
    "453063-0":{
      "refId":"kollop_03_pearl",
      "inventory":[]
    },
    "453077-0":{
      "refId":"kollop_02_pearl",
      "inventory":[{
          "refId":"ingred_pearl_01",
          "count":1,
          "charge":-1,
          "enchantmentCharge":-1,
          "soul":""
        }]
    },
    "0-2621":{
      "refId":"common_pants_01_e",
      "location":{
        "posX":142285.15625,
        "posZ":201.78172302246,
        "posY":-70453.328125,
        "rotX":0,
        "rotY":0,
        "rotZ":2.2787840366364
      }
    },
    "0-2624":{
      "refId":"netch_leather_boots",
      "charge":46,
      "location":{
        "posX":142394.8125,
        "posZ":247.61245727539,
        "posY":-70543.78125,
        "rotX":0,
        "rotY":0,
        "rotZ":2.2787840366364
      }
    },
    "0-2622":{
      "refId":"netch_leather_boiled_cuirass",
      "charge":200,
      "location":{
        "posX":142406.75,
        "posZ":261.69445800781,
        "posY":-70535.296875,
        "rotX":0,
        "rotY":0,
        "rotZ":2.2787840366364
      }
    },
    "453071-0":{
      "refId":"kollop_02_pearl",
      "inventory":[{
          "refId":"ingred_pearl_01",
          "count":1,
          "charge":-1,
          "enchantmentCharge":-1,
          "soul":""
        }]
    },
    "453045-0":{
      "refId":"kollop_02_pearl",
      "inventory":[]
    },
    "0-2619":{
      "refId":"common_shoes_01",
      "count":2,
      "location":{
        "posX":142420.921875,
        "posZ":258.4787902832,
        "posY":-70549.484375,
        "rotX":0,
        "rotY":0,
        "rotZ":2.2787840366364
      }
    },
    "0-2628":{
      "refId":"chitin shortsword",
      "charge":532,
      "location":{
        "posX":142276.375,
        "posZ":210.23818969727,
        "posY":-70446.28125,
        "rotX":0,
        "rotY":0,
        "rotZ":2.2787840366364
      }
    }
  },
  "loadState":{
    "hasFullContainerData":true,
    "hasFullActorList":true
  }
}