{
  "packets":{
    "actorList":["0-3186","0-3185","347217-0"],
    "ai":[],
    "cellChangeFrom":[],
    "cellChangeTo":[],
    "container":["133920-0","133927-0","133928-0","133929-0","133934-0","133935-0","133942-0","133946-0","133953-0","137300-0","137301-0","445882-0","445883-0","445892-0","449194-0","449196-0","449205-0","449207-0","347217-0","0-3186","0-3185"],
    "death":[],
    "delete":[],
    "doorState":[],
    "equipment":[],
    "lock":[],
    "place":[],
    "position":["347217-0","0-3185","0-3186"],
    "scale":[],
    "spawn":["0-3186","0-3185"],
    "state":[],
    "statsDynamic":["347217-0","0-3185","0-3186"],
    "trap":[],
    "spellsActive":[],
    "miscellaneous":[],
    "clientScriptLocal":[]
  },
  "entry":{
    "creationTime":1697451885,
    "description":"17, 5"
  },
  "lastVisit":{
    "ZIR":1697452768
  },
  "recordLinks":[],
  "objectData":{
    "449196-0":{
      "refId":"kollop_02_pearl",
      "inventory":[]
    },
    "137301-0":{
      "refId":"flora_kreshweed_01",
      "inventory":[{
          "refId":"ingred_kresh_fiber_01",
          "count":1,
          "charge":-1,
          "enchantmentCharge":-1,
          "soul":""
        }]
    },
    "445882-0":{
      "refId":"kollop_03_pearl",
      "inventory":[]
    },
    "445892-0":{
      "refId":"kollop_03_pearl",
      "inventory":[{
          "refId":"ingred_pearl_01",
          "count":1,
          "charge":-1,
          "enchantmentCharge":-1,
          "soul":""
        }]
    },
    "0-3185":{
      "refId":"slaughterfish",
      "location":{
        "posX":145082.71875,
        "posZ":-206.48194885254,
        "posY":43043.6875,
        "rotX":0.1621531099081,
        "rotY":0,
        "rotZ":0.36381578445435
      },
      "stats":{
        "healthCurrent":23,
        "magickaCurrent":10,
        "healthModified":23,
        "fatigueBase":400,
        "fatigueModified":400,
        "healthBase":23,
        "magickaModified":10,
        "magickaBase":10,
        "fatigueCurrent":400
      },
      "inventory":[]
    },
    "347217-0":{
      "refId":"slaughterfish",
      "location":{
        "posX":141403.171875,
        "posZ":-453.83459472656,
        "posY":41676.484375,
        "rotX":-0.0053828144446015,
        "rotY":0,
        "rotZ":1.9214584827423
      },
      "stats":{
        "healthCurrent":23,
        "magickaCurrent":10,
        "healthModified":23,
        "fatigueBase":400,
        "fatigueModified":400,
        "healthBase":23,
        "magickaModified":10,
        "magickaBase":10,
        "fatigueCurrent":400
      },
      "inventory":[{
          "refId":"ingred_scales_01",
          "count":2,
          "charge":-1,
          "enchantmentCharge":-1,
          "soul":""
        }]
    },
    "133929-0":{
      "refId":"flora_muckspunge_03",
      "inventory":[{
          "refId":"ingred_muck_01",
          "count":1,
          "charge":-1,
          "enchantmentCharge":-1,
          "soul":""
        }]
    },
    "133928-0":{
      "refId":"flora_muckspunge_01",
      "inventory":[{
          "refId":"ingred_muck_01",
          "count":1,
          "charge":-1,
          "enchantmentCharge":-1,
          "soul":""
        }]
    },
    "133942-0":{
      "refId":"flora_kreshweed_01",
      "inventory":[{
          "refId":"ingred_kresh_fiber_01",
          "count":1,
          "charge":-1,
          "enchantmentCharge":-1,
          "soul":""
        }]
    },
    "133935-0":{
      "refId":"flora_kreshweed_02",
      "inventory":[{
          "refId":"ingred_kresh_fiber_01",
          "count":1,
          "charge":-1,
          "enchantmentCharge":-1,
          "soul":""
        }]
    },
    "449205-0":{
      "refId":"kollop_02_pearl",
      "inventory":[{
          "refId":"ingred_pearl_01",
          "count":1,
          "charge":-1,
          "enchantmentCharge":-1,
          "soul":""
        }]
    },
    "449207-0":{
      "refId":"kollop_03_pearl",
      "inventory":[{
          "refId":"ingred_pearl_01",
          "count":1,
          "charge":-1,
          "enchantmentCharge":-1,
          "soul":""
        }]
    },
    "445883-0":{
      "refId":"kollop_02_pearl",
      "inventory":[]
    },
    "133946-0":{
      "refId":"flora_kreshweed_03",
      "inventory":[{
          "refId":"ingred_kresh_fiber_01",
          "count":1,
          "charge":-1,
          "enchantmentCharge":-1,
          "soul":""
        }]
    },
    "449194-0":{
      "refId":"kollop_03_pearl",
      "inventory":[{
          "refId":"ingred_pearl_01",
          "count":1,
          "charge":-1,
          "enchantmentCharge":-1,
          "soul":""
        }]
    },
    "133927-0":{
      "refId":"flora_muckspunge_02",
      "inventory":[{
          "refId":"ingred_muck_01",
          "count":1,
          "charge":-1,
          "enchantmentCharge":-1,
          "soul":""
        }]
    },
    "137300-0":{
      "refId":"flora_kreshweed_01",
      "inventory":[{
          "refId":"ingred_kresh_fiber_01",
          "count":1,
          "charge":-1,
          "enchantmentCharge":-1,
          "soul":""
        }]
    },
    "133953-0":{
      "refId":"flora_kreshweed_02",
      "inventory":[{
          "refId":"ingred_kresh_fiber_01",
          "count":1,
          "charge":-1,
          "enchantmentCharge":-1,
          "soul":""
        }]
    },
    "133934-0":{
      "refId":"flora_kreshweed_01",
      "inventory":[]
    },
    "133920-0":{
      "refId":"flora_kreshweed_01",
      "inventory":[{
          "refId":"ingred_kresh_fiber_01",
          "count":1,
          "charge":-1,
          "enchantmentCharge":-1,
          "soul":""
        }]
    },
    "0-3186":{
      "refId":"mudcrab",
      "location":{
        "posX":142760.03125,
        "posZ":222.90805053711,
        "posY":45345.1640625,
        "rotX":0.36908060312271,
        "rotY":0,
        "rotZ":-3.1409208774567
      },
      "stats":{
        "healthCurrent":15,
        "magickaCurrent":5,
        "healthModified":15,
        "fatigueBase":400,
        "fatigueModified":400,
        "healthBase":15,
        "magickaModified":5,
        "magickaBase":5,
        "fatigueCurrent":400
      },
      "inventory":[{
          "refId":"ingred_crab_meat_01",
          "count":2,
          "charge":-1,
          "enchantmentCharge":-1,
          "soul":""
        }]
    }
  },
  "loadState":{
    "hasFullContainerData":true,
    "hasFullActorList":true
  }
}