{
  "packets":{
    "actorList":["0-354","0-351","0-353","0-352","194011-0","193698-0","194010-0"],
    "ai":[],
    "cellChangeFrom":["193698-0","194010-0"],
    "cellChangeTo":["194012-0"],
    "container":["461090-0","461098-0","461100-0","461127-0","461129-0","477058-0","478191-0","478192-0","478193-0","478194-0","478195-0","478197-0","478199-0","0-354","0-351","0-353","0-352","194011-0","193698-0","194010-0"],
    "death":[],
    "delete":[],
    "doorState":[],
    "equipment":[],
    "lock":[],
    "place":[],
    "position":["0-351","0-352","0-353","0-354","194011-0","193698-0","194010-0"],
    "scale":[],
    "spawn":["0-354","0-351","0-353","0-352"],
    "state":[],
    "statsDynamic":["0-351","0-352","0-353","0-354","194011-0","193698-0","194010-0"],
    "trap":[],
    "spellsActive":[],
    "miscellaneous":[],
    "clientScriptLocal":[]
  },
  "entry":{
    "creationTime":1696157701,
    "description":"2, -9"
  },
  "lastVisit":{
    "ZIR":1697457592,
    "Adamast":1697226927,
    "Violetta":1697453762
  },
  "recordLinks":[],
  "objectData":{
    "461090-0":{
      "refId":"kollop_03_pearl",
      "inventory":[{
          "refId":"ingred_pearl_01",
          "count":1,
          "charge":-1,
          "enchantmentCharge":-1,
          "soul":""
        }]
    },
    "0-352":{
      "refId":"scrib",
      "location":{
        "posX":20737.66015625,
        "posZ":659.05432128906,
        "posY":-72465.265625,
        "rotX":0.0082889571785927,
        "rotY":0,
        "rotZ":2.0158250331879
      },
      "stats":{
        "healthCurrent":8,
        "magickaCurrent":12,
        "healthModified":8,
        "fatigueBase":300,
        "fatigueModified":300,
        "healthBase":8,
        "magickaModified":12,
        "magickaBase":12,
        "fatigueCurrent":300
      },
      "inventory":[{
          "refId":"ingred_scrib_jelly_01",
          "count":1,
          "charge":-1,
          "enchantmentCharge":-1,
          "soul":""
        }]
    },
    "478192-0":{
      "refId":"flora_comberry_01",
      "inventory":[{
          "refId":"ingred_comberry_01",
          "count":1,
          "charge":-1,
          "enchantmentCharge":-1,
          "soul":""
        }]
    },
    "477058-0":{
      "refId":"flora_corkbulb",
      "inventory":[]
    },
    "0-351":{
      "refId":"mudcrab",
      "location":{
        "posX":18098.58984375,
        "posZ":13.968608856201,
        "posY":-70727.5234375,
        "rotX":0.69980156421661,
        "rotY":0,
        "rotZ":-0.9257595539093
      },
      "stats":{
        "healthCurrent":15,
        "magickaCurrent":5,
        "healthModified":15,
        "fatigueBase":400,
        "fatigueModified":400,
        "healthBase":15,
        "magickaModified":5,
        "magickaBase":5,
        "fatigueCurrent":400
      },
      "inventory":[{
          "refId":"ingred_crab_meat_01",
          "count":2,
          "charge":-1,
          "enchantmentCharge":-1,
          "soul":""
        }]
    },
    "194011-0":{
      "refId":"netch_betty_ranched",
      "location":{
        "posX":22789.06640625,
        "posZ":1043.8366699219,
        "posY":-66956.3125,
        "rotX":0,
        "rotY":0,
        "rotZ":0.55068039894104
      },
      "stats":{
        "healthCurrent":113,
        "magickaCurrent":75,
        "healthModified":113,
        "fatigueBase":400,
        "fatigueModified":400,
        "healthBase":113,
        "magickaModified":75,
        "magickaBase":75,
        "fatigueCurrent":400
      },
      "inventory":[{
          "refId":"ingred_netch_leather_01",
          "count":1,
          "charge":-1,
          "enchantmentCharge":-1,
          "soul":""
        }]
    },
    "478195-0":{
      "refId":"flora_heather_01",
      "inventory":[{
          "refId":"ingred_heather_01",
          "count":1,
          "charge":-1,
          "enchantmentCharge":-1,
          "soul":""
        }]
    },
    "478193-0":{
      "refId":"flora_gold_kanet_02",
      "inventory":[{
          "refId":"ingred_gold_kanet_01",
          "count":1,
          "charge":-1,
          "enchantmentCharge":-1,
          "soul":""
        }]
    },
    "193698-0":{
      "refId":"netch_bull_ranched",
      "location":{
        "posX":23856.3046875,
        "posZ":1096.6588134766,
        "posY":-66051.203125,
        "rotX":0.012043261900544,
        "rotY":0,
        "rotZ":0.08222484588623
      },
      "stats":{
        "healthCurrent":45,
        "magickaCurrent":20,
        "healthModified":45,
        "fatigueBase":400,
        "fatigueModified":400,
        "healthBase":45,
        "magickaModified":20,
        "magickaBase":20,
        "fatigueCurrent":400
      },
      "cellChangeFrom":"3, -8",
      "inventory":[{
          "refId":"ingred_netch_leather_01",
          "count":2,
          "charge":-1,
          "enchantmentCharge":-1,
          "soul":""
        }]
    },
    "478194-0":{
      "refId":"flora_gold_kanet_01",
      "inventory":[{
          "refId":"ingred_gold_kanet_01",
          "count":1,
          "charge":-1,
          "enchantmentCharge":-1,
          "soul":""
        }]
    },
    "478199-0":{
      "refId":"flora_heather_01",
      "inventory":[{
          "refId":"ingred_heather_01",
          "count":1,
          "charge":-1,
          "enchantmentCharge":-1,
          "soul":""
        }]
    },
    "478197-0":{
      "refId":"flora_heather_01",
      "inventory":[{
          "refId":"ingred_heather_01",
          "count":2,
          "charge":-1,
          "enchantmentCharge":-1,
          "soul":""
        }]
    },
    "0-354":{
      "refId":"mudcrab",
      "location":{
        "posX":21724.08984375,
        "posZ":334.21047973633,
        "posY":-72181.1796875,
        "rotX":0.23830561339855,
        "rotY":0,
        "rotZ":2.1471531391144
      },
      "stats":{
        "healthCurrent":15,
        "magickaCurrent":5,
        "healthModified":15,
        "fatigueBase":400,
        "fatigueModified":400,
        "healthBase":15,
        "magickaModified":5,
        "magickaBase":5,
        "fatigueCurrent":400
      },
      "inventory":[{
          "refId":"ingred_crab_meat_01",
          "count":1,
          "charge":-1,
          "enchantmentCharge":-1,
          "soul":""
        }]
    },
    "194010-0":{
      "refId":"netch_bull",
      "location":{
        "posX":21460.60546875,
        "posZ":1031.7333984375,
        "posY":-66636.6328125,
        "rotX":0.00012113433331251,
        "rotY":0,
        "rotZ":2.9553377628326
      },
      "stats":{
        "healthCurrent":45,
        "magickaCurrent":100,
        "healthModified":45,
        "fatigueBase":400,
        "fatigueModified":400,
        "healthBase":45,
        "magickaModified":100,
        "magickaBase":100,
        "fatigueCurrent":400
      },
      "cellChangeFrom":"2, -8",
      "inventory":[{
          "refId":"ingred_netch_leather_01",
          "count":2,
          "charge":-1,
          "enchantmentCharge":-1,
          "soul":""
        }]
    },
    "0-353":{
      "refId":"rat",
      "location":{
        "posX":19869.24609375,
        "posZ":704.6064453125,
        "posY":-70167.890625,
        "rotX":0.55387234687805,
        "rotY":0,
        "rotZ":-2.5289661884308
      },
      "stats":{
        "healthCurrent":23,
        "magickaCurrent":10,
        "healthModified":23,
        "fatigueBase":300,
        "fatigueModified":300,
        "healthBase":23,
        "magickaModified":10,
        "magickaBase":10,
        "fatigueCurrent":300
      },
      "inventory":[]
    },
    "478191-0":{
      "refId":"flora_corkbulb",
      "inventory":[]
    },
    "461127-0":{
      "refId":"kollop_03_pearl",
      "inventory":[]
    },
    "194012-0":{
      "cellChangeTo":"2, -8"
    },
    "461100-0":{
      "refId":"kollop_02_pearl",
      "inventory":[{
          "refId":"ingred_pearl_01",
          "count":1,
          "charge":-1,
          "enchantmentCharge":-1,