{
  "packets":{
    "actorList":["0-357","194009-0","179108-0","194008-0","194012-0"],
    "ai":[],
    "cellChangeFrom":["194012-0"],
    "cellChangeTo":["194010-0"],
    "container":["179092-0","179093-0","179094-0","179095-0","179096-0","179097-0","179098-0","179099-0","179100-0","179101-0","179102-0","179103-0","179109-0","318786-0","461024-0","461032-0","477053-0","179108-0","194008-0","194009-0","0-357","194012-0"],
    "death":[],
    "delete":[],
    "doorState":[],
    "equipment":["179108-0"],
    "lock":[],
    "place":[],
    "position":["179108-0","194008-0","194009-0","0-357","194012-0"],
    "scale":[],
    "spawn":["0-357"],
    "state":[],
    "statsDynamic":["179108-0","194008-0","194009-0","0-357","194012-0"],
    "trap":[],
    "spellsActive":[],
    "miscellaneous":[],
    "clientScriptLocal":[]
  },
  "entry":{
    "creationTime":1696157701,
    "description":"2, -8"
  },
  "lastVisit":{
    "ZIR":1697457592,
    "Adamast":1697226927,
    "Violetta":1697453762
  },
  "recordLinks":[],
  "objectData":{
    "179092-0":{
      "refId":"crate_01_de_weapons",
      "inventory":[]
    },
    "179094-0":{
      "refId":"barrel_01_cheapfood20",
      "inventory":[{
          "refId":"ingred_saltrice_01",
          "count":20,
          "charge":-1,
          "enchantmentCharge":-1,
          "soul":""
        }]
    },
    "179095-0":{
      "refId":"barrel_01_cheapfood20",
      "inventory":[{
          "refId":"ingred_scuttle_01",
          "count":20,
          "charge":-1,
          "enchantmentCharge":-1,
          "soul":""
        }]
    },
    "0-357":{
      "refId":"slaughterfish_small",
      "location":{
        "posX":20404.58203125,
        "posZ":-264.650390625,
        "posY":-59782.7890625,
        "rotX":0,
        "rotY":0,
        "rotZ":1.1302754878998
      },
      "stats":{
        "healthCurrent":15,
        "magickaCurrent":10,
        "healthModified":15,
        "fatigueBase":300,
        "fatigueModified":300,
        "healthBase":15,
        "magickaModified":10,
        "magickaBase":10,
        "fatigueCurrent":300
      },
      "inventory":[{
          "refId":"ingred_scales_01",
          "count":1,
          "charge":-1,
          "enchantmentCharge":-1,
          "soul":""
        }]
    },
    "318786-0":{
      "refId":"flora_heather_01",
      "inventory":[{
          "refId":"ingred_heather_01",
          "count":2,
          "charge":-1,
          "enchantmentCharge":-1,
          "soul":""
        }]
    },
    "179093-0":{
      "refId":"crate_01_de_weaponsmult",
      "inventory":[{
          "refId":"chitin club",
          "count":3,
          "charge":-1,
          "enchantmentCharge":-1,
          "soul":""
        },{
          "refId":"steel war axe",
          "count":1,
          "charge":-1,
          "enchantmentCharge":-1,
          "soul":""
        }]
    },
    "179098-0":{
      "refId":"crate_01_moonsugar",
      "inventory":[{
          "refId":"ingred_moon_sugar_01",
          "count":2,
          "charge":-1,
          "enchantmentCharge":-1,
          "soul":""
        }]
    },
    "179097-0":{
      "refId":"crate_01_moonsugar",
      "inventory":[{
          "refId":"ingred_moon_sugar_01",
          "count":2,
          "charge":-1,
          "enchantmentCharge":-1,
          "soul":""
        }]
    },
    "179096-0":{
      "refId":"barrel_01_ingredients",
      "inventory":[{
          "refId":"ingred_guar_hide_01",
          "count":1,
          "charge":-1,
          "enchantmentCharge":-1,
          "soul":""
        },{
          "refId":"ingred_willow_anther_01",
          "count":1,
          "charge":-1,
          "enchantmentCharge":-1,
          "soul":""
        },{
          "refId":"ingred_bittergreen_petals_01",
          "count":1,
          "charge":-1,
          "enchantmentCharge":-1,
          "soul":""
        },{
          "refId":"ingred_corkbulb_root_01",
          "count":2,
          "charge":-1,
          "enchantmentCharge":-1,
          "soul":""
        },{
          "refId":"ingred_kwama_cuttle_01",
          "count":1,
          "charge":-1,
          "enchantmentCharge":-1,
          "soul":""
        },{
          "refId":"ingred_comberry_01",
          "count":1,
          "charge":-1,
          "enchantmentCharge":-1,
          "soul":""
        },{
          "refId":"ingred_rat_meat_01",
          "count":1,
          "charge":-1,
          "enchantmentCharge":-1,
          "soul":""
        },{
          "refId":"ingred_resin_01",
          "count":1,
          "charge":-1,
          "enchantmentCharge":-1,
          "soul":""
        }]
    },
    "179109-0":{
      "refId":"crate_01_food",
      "inventory":[{
          "refId":"ingred_rat_meat_01",
          "count":4,
          "charge":-1,
          "enchantmentCharge":-1,
          "soul":""
        }]
    },
    "179099-0":{
      "refId":"crate_01_moonsugar",
      "inventory":[{
          "refId":"ingred_moon_sugar_01",
          "count":2,
          "charge":-1,
          "enchantmentCharge":-1,
          "soul":""
        }]
    },
    "179102-0":{
      "refId":"crate__02_skooma2",
      "inventory":[{
          "refId":"potion_skooma_01",
          "count":2,
          "charge":-1,
          "enchantmentCharge":-1,
          "soul":""
        }]
    },
    "194008-0":{
      "refId":"netch_betty_ranched",
      "location":{
        "posX":23923.529296875,
        "posZ":1100.3936767578,
        "posY":-62874.11328125,
        "rotX":-0.00085021927952766,
        "rotY":0,
        "rotZ":-3.1030876636505
      },
      "stats":{
        "healthCurrent":113,
        "magickaCurrent":75,
        "healthModified":113,
        "fatigueBase":400,
        "fatigueModified":400,
        "healthBase":113,
        "magickaModified":75,
        "magickaBase":75,
        "fatigueCurrent":400
      },
      "inventory":[{
          "refId":"ingred_netch_leather_01",
          "count":2,
          "charge":-1,
          "enchantmentCharge":-1,
          "soul":""
        }]
    },
    "194009-0":{
      "refId":"netch_betty_ranched",
      "location":{
        "posX":18321.921875,
        "posZ":1048.3828125,
        "posY":-60660.3828125,
        "rotX":0,
        "rotY":0,
        "rotZ":-2.6460421085358
      },
      "stats":{
        "healthCurrent":113,
        "magickaCurrent":75,
        "healthModified":113,
        "fatigueBase":400,
        "fatigueModified":400,
        "healthBase":113,
        "magickaModified":75,
        "magickaBase":75,
        "fatigueCurrent":400
      },
      "inventory":[{
          "refId":"ingred_netch_leather_01",
          "count":2,
          "charge":-1,
          "enchantmentCharge":-1,
          "soul":""
        }]
    },
    "477053-0":{
      "refId":"flora_comberry_01",
      "inventory":[{
          "refId":"ingred_comberry_01",
          "count":1,
          "charge":-1,
          "enchantmentCharge":-1,
          "soul":""
        }]
    },
    "179101-0":{
      "refId":"crate__02_skooma2",
      "inventory":[{
          "refId":"potion_skooma_01",
          "count":2,
          "charge":-1,
          "enchantmentCharge":-1,
          "soul":""
        }]
    },
    "194010-0":{
      "cellChangeTo":"2, -9"
    },
    "179108-0":{
      "refId":"gah_julan",
      "location":{
        "posX":20485.783203125,
        "posZ":118.96168518066,
        "posY":-58535.6875,
        "rotX":0,
        "rotY":0,
        "rotZ":2.6831874847412
      },
      "stats":{
        "healthCurrent":114,
        "magickaCurrent":98,
        "healthModified":114,
        "fatigueBase":231,
        "fatigueModified":231,
        "healthBase":114,
        "magickaModified":98,
        "magickaBase":98,
        "fatigueCurrent":231
      },
      "equipment":[null,null,null,null,null,null,null,null,{
          "refId":"common_pants_01",
          "count":1,
          "charge":-1,
          "enchantmentCharge":-1
        }],