{
  "packets":{
    "actorList":["193704-0","363340-0","476733-0","399159-0","193702-0","193703-0"],
    "ai":[],
    "cellChangeFrom":[],
    "cellChangeTo":[],
    "container":["318800-0","318801-0","318802-0","318803-0","318804-0","318805-0","318806-0","318807-0","318808-0","460737-0","478107-0","478111-0","478112-0","478114-0","478118-0","478122-0","193704-0","363340-0","476733-0","399159-0","193702-0","193703-0"],
    "death":["476733-0"],
    "delete":[],
    "doorState":[],
    "equipment":["193704-0","363340-0","399159-0"],
    "lock":[],
    "place":[],
    "position":["193704-0","363340-0","476733-0","399159-0","193702-0","193703-0"],
    "scale":[],
    "spawn":[],
    "state":[],
    "statsDynamic":["193704-0","363340-0","476733-0","399159-0","193702-0","193703-0"],
    "trap":[],
    "spellsActive":[],
    "miscellaneous":["363340-0","399159-0","193704-0"],
    "clientScriptLocal":[]
  },
  "entry":{
    "creationTime":1696157701,
    "description":"3, -9"
  },
  "lastVisit":{
    "ZIR":1697457592,
    "Adamast":1697226927,
    "Violetta":1697453762
  },
  "recordLinks":[],
  "objectData":{
    "318806-0":{
      "refId":"flora_willow_flower_02",
      "inventory":[]
    },
    "478111-0":{
      "refId":"flora_corkbulb",
      "inventory":[{
          "refId":"ingred_corkbulb_root_01",
          "count":1,
          "charge":-1,
          "enchantmentCharge":-1,
          "soul":""
        }]
    },
    "193703-0":{
      "refId":"netch_betty_ranched",
      "location":{
        "posX":25013.212890625,
        "posZ":1131.0559082031,
        "posY":-65609.296875,
        "rotX":0,
        "rotY":0,
        "rotZ":2.3050487041473
      },
      "stats":{
        "healthCurrent":113,
        "magickaCurrent":75,
        "healthModified":113,
        "fatigueBase":400,
        "fatigueModified":400,
        "healthBase":113,
        "magickaModified":75,
        "magickaBase":75,
        "fatigueCurrent":400
      },
      "inventory":[{
          "refId":"ingred_netch_leather_01",
          "count":1,
          "charge":-1,
          "enchantmentCharge":-1,
          "soul":""
        }]
    },
    "478112-0":{
      "refId":"flora_comberry_01",
      "inventory":[{
          "refId":"ingred_comberry_01",
          "count":1,
          "charge":-1,
          "enchantmentCharge":-1,
          "soul":""
        }]
    },
    "399159-0":{
      "refId":"tarvyn faren",
      "location":{
        "posX":28639.5390625,
        "posZ":601.49389648438,
        "posY":-73389.7578125,
        "rotX":0,
        "rotY":0,
        "rotZ":1.7399973869324
      },
      "stats":{
        "healthCurrent":106,
        "magickaCurrent":116,
        "healthModified":106,
        "fatigueBase":223,
        "fatigueModified":223,
        "healthBase":106,
        "magickaModified":116,
        "magickaBase":116,
        "fatigueCurrent":223
      },
      "equipment":[null,null,null,null,null,null,{
          "refId":"extravagant_shoes_01",
          "count":1,
          "charge":-1,
          "enchantmentCharge":-1
        },{
          "refId":"extravagant_shirt_01_h",
          "count":1,
          "charge":-1,
          "enchantmentCharge":-1
        },{
          "refId":"extravagant_pants_01",
          "count":1,
          "charge":-1,
          "enchantmentCharge":-1
        }],
      "inventory":[{
          "refId":"extravagant_shirt_01_h",
          "count":1,
          "charge":-1,
          "enchantmentCharge":-1,
          "soul":""
        },{
          "refId":"extravagant_shoes_01",
          "count":1,
          "charge":-1,
          "enchantmentCharge":-1,
          "soul":""
        },{
          "refId":"extravagant_pants_01",
          "count":1,
          "charge":-1,
          "enchantmentCharge":-1,
          "soul":""
        },{
          "refId":"misc_com_plate_01",
          "count":1,
          "charge":-1,
          "enchantmentCharge":-1,
          "soul":""
        },{
          "refId":"misc_com_plate_02",
          "count":2,
          "charge":-1,
          "enchantmentCharge":-1,
          "soul":""
        },{
          "refId":"misc_com_plate_03",
          "count":2,
          "charge":-1,
          "enchantmentCharge":-1,
          "soul":""
        },{
          "refId":"misc_com_plate_04",
          "count":1,
          "charge":-1,
          "enchantmentCharge":-1,
          "soul":""
        },{
          "refId":"misc_com_plate_05",
          "count":2,
          "charge":-1,
          "enchantmentCharge":-1,
          "soul":""
        },{
          "refId":"misc_com_plate_06",
          "count":1,
          "charge":-1,
          "enchantmentCharge":-1,
          "soul":""
        },{
          "refId":"misc_com_plate_07",
          "count":1,
          "charge":-1,
          "enchantmentCharge":-1,
          "soul":""
        },{
          "refId":"misc_com_plate_08",
          "count":2,
          "charge":-1,
          "enchantmentCharge":-1,
          "soul":""
        },{
          "refId":"p_restore_willpower_e",
          "count":1,
          "charge":-1,
          "enchantmentCharge":-1,
          "soul":""
        }],
      "lastGoldRestockDay":12,
      "goldPool":207,
      "lastGoldRestockHour":21.11243057251
    },
    "478114-0":{
      "refId":"flora_heather_01",
      "inventory":[{
          "refId":"ingred_heather_01",
          "count":2,
          "charge":-1,
          "enchantmentCharge":-1,
          "soul":""
        }]
    },
    "476733-0":{
      "refId":"kwama worker entrance",
      "location":{
        "posX":30051.67578125,
        "posZ":583.45727539063,
        "posY":-69837.25,
        "rotX":-0.090460062026978,
        "rotY":0,
        "rotZ":-2.5306785106659
      },
      "stats":{
        "healthCurrent":0,
        "magickaCurrent":8,
        "healthModified":30,
        "fatigueBase":300,
        "fatigueModified":300,
        "healthBase":30,
        "magickaModified":8,
        "magickaBase":8,
        "fatigueCurrent":300
      },
      "inventory":[],
      "killer":{
        "refId":"kwama worker entrance",
        "uniqueIndex":"476733-0"
      },
      "deathState":38
    },
    "318804-0":{
      "refId":"flora_willow_flower_02",
      "inventory":[]
    },
    "318800-0":{
      "refId":"flora_gold_kanet_01",
      "inventory":[]
    },
    "318808-0":{
      "refId":"flora_willow_flower_02",
      "inventory":[]
    },
    "193704-0":{
      "refId":"fevasa saryon",
      "location":{
        "posX":27678.22265625,
        "posZ":952.00354003906,
        "posY":-66907.5859375,
        "rotX":0,
        "rotY":0,
        "rotZ":0.20000000298023
      },
      "stats":{
        "healthCurrent":60,
        "magickaCurrent":84,
        "healthModified":60,
        "fatigueBase":184,
        "fatigueModified":184,
        "healthBase":60,
        "magickaModified":84,
        "magickaBase":84,
        "fatigueCurrent":184
      },
      "equipment":[{
          "refId":"netch_leather_boiled_cuirass",
          "count":1,
          "charge":-1,
          "enchantmentCharge":-1
        },{
          "refId":"netch_leather_greaves",
          "count":1,
          "charge":-1,
          "enchantmentCharge":-1
        },{
          "refId":"netch_leather_pauldron_left",
          "count":1,
          "charge":-1,
          "enchantmentCharge":-1
        },{
          "refId":"netch_leather_pauldron_right",
          "count":1,
          "charge":-1,
          "enchantmentCharge":-1
        },{
          "refId":"netch_leather_gauntlet_left",
          "count":1,
          "charge":-1,
          "enchantmentCharge":-1
        },null,{
          "refId":"netch_leather_boots",
          "count":1,
          "charge":-1,
          "enchantmentCharge":-1
        },null,{
          "refId":"common_pants_03",
          "count":1,
          "charge":-1,
          "enchantmentCharge":-1
        },null,null,null,null,null,null,{
          "refId":"iron long spear",