{
  "packets":{
    "actorList":["184000-0","193647-0","193709-0"],
    "ai":[],
    "cellChangeFrom":["193709-0"],
    "cellChangeTo":[],
    "container":["184002-0","184003-0","184005-0","184009-0","184012-0","184014-0","184015-0","184016-0","184025-0","184026-0","184027-0","184028-0","184033-0","193652-0","193656-0","193660-0","193661-0","193663-0","193664-0","193666-0","193667-0","193669-0","193670-0","193672-0","193673-0","193675-0","193678-0","193679-0","193680-0","318625-0","318626-0","318633-0","318634-0","318639-0","318641-0","318644-0","318646-0","318653-0","318654-0","318655-0","318656-0","318657-0","318640-0","476908-0","184000-0","193647-0","193709-0"],
    "death":[],
    "delete":[],
    "doorState":[],
    "equipment":["184000-0","193647-0","193709-0"],
    "lock":[],
    "place":[],
    "position":["184000-0","193647-0","193709-0"],
    "scale":[],
    "spawn":[],
    "state":[],
    "statsDynamic":["184000-0","193647-0","193709-0"],
    "trap":[],
    "spellsActive":[],
    "miscellaneous":[],
    "clientScriptLocal":[]
  },
  "entry":{
    "creationTime":1697451979,
    "description":"3, -6"
  },
  "lastVisit":{
    "Violetta":1697452700
  },
  "recordLinks":[],
  "objectData":{
    "318640-0":{
      "refId":"urn_05_food",
      "inventory":[{
          "refId":"ingred_saltrice_01",
          "count":2,
          "charge":-1,
          "enchantmentCharge":-1,
          "soul":""
        },{
          "refId":"ingred_scuttle_01",
          "count":2,
          "charge":-1,
          "enchantmentCharge":-1,
          "soul":""
        }]
    },
    "318641-0":{
      "refId":"urn_02_food",
      "inventory":[]
    },
    "184009-0":{
      "refId":"flora_marshmerrow_02",
      "inventory":[{
          "refId":"ingred_marshmerrow_01",
          "count":1,
          "charge":-1,
          "enchantmentCharge":-1,
          "soul":""
        }]
    },
    "193709-0":{
      "refId":"kal_ma",
      "location":{
        "posX":25016.43359375,
        "posZ":853.08111572266,
        "posY":-48709.32421875,
        "rotX":-0.11982692778111,
        "rotY":0,
        "rotZ":1.9151623249054
      },
      "stats":{
        "healthCurrent":46,
        "magickaCurrent":71.606506347656,
        "healthModified":46,
        "fatigueBase":166,
        "fatigueModified":166,
        "healthBase":46,
        "magickaModified":99.020248413086,
        "magickaBase":102,
        "fatigueCurrent":166
      },
      "cellChangeFrom":"2, -6",
      "equipment":[null,null,null,null,{
          "refId":"slave_bracer_left",
          "count":1,
          "charge":-1,
          "enchantmentCharge":-1
        },null,null,null,{
          "refId":"common_pants_01",
          "count":1,
          "charge":-1,
          "enchantmentCharge":-1
        }],
      "inventory":[{
          "refId":"slave_bracer_left",
          "count":1,
          "charge":-1,
          "enchantmentCharge":-1,
          "soul":""
        },{
          "refId":"common_pants_01",
          "count":1,
          "charge":-1,
          "enchantmentCharge":-1,
          "soul":""
        }]
    },
    "318644-0":{
      "refId":"flora_heather_01",
      "inventory":[]
    },
    "318655-0":{
      "refId":"flora_comberry_01",
      "inventory":[{
          "refId":"ingred_comberry_01",
          "count":1,
          "charge":-1,
          "enchantmentCharge":-1,
          "soul":""
        }]
    },
    "318646-0":{
      "refId":"flora_heather_01",
      "inventory":[]
    },
    "193680-0":{
      "refId":"flora_saltrice_02",
      "inventory":[]
    },
    "318656-0":{
      "refId":"flora_corkbulb",
      "inventory":[{
          "refId":"ingred_corkbulb_root_01",
          "count":1,
          "charge":-1,
          "enchantmentCharge":-1,
          "soul":""
        }]
    },
    "318653-0":{
      "refId":"flora_comberry_01",
      "inventory":[{
          "refId":"ingred_comberry_01",
          "count":1,
          "charge":-1,
          "enchantmentCharge":-1,
          "soul":""
        }]
    },
    "193661-0":{
      "refId":"flora_saltrice_02",
      "inventory":[{
          "refId":"ingred_saltrice_01",
          "count":1,
          "charge":-1,
          "enchantmentCharge":-1,
          "soul":""
        }]
    },
    "193660-0":{
      "refId":"flora_saltrice_02",
      "inventory":[{
          "refId":"ingred_saltrice_01",
          "count":1,
          "charge":-1,
          "enchantmentCharge":-1,
          "soul":""
        }]
    },
    "193675-0":{
      "refId":"flora_saltrice_01",
      "inventory":[{
          "refId":"ingred_saltrice_01",
          "count":1,
          "charge":-1,
          "enchantmentCharge":-1,
          "soul":""
        }]
    },
    "193652-0":{
      "refId":"flora_saltrice_02",
      "inventory":[{
          "refId":"ingred_saltrice_01",
          "count":1,
          "charge":-1,
          "enchantmentCharge":-1,
          "soul":""
        }]
    },
    "184012-0":{
      "refId":"flora_marshmerrow_02",
      "inventory":[]
    },
    "184033-0":{
      "refId":"flora_marshmerrow_01",
      "inventory":[{
          "refId":"ingred_marshmerrow_01",
          "count":1,
          "charge":-1,
          "enchantmentCharge":-1,
          "soul":""
        }]
    },
    "318634-0":{
      "refId":"barrel_01_cheapfood20",
      "inventory":[]
    },
    "193673-0":{
      "refId":"flora_saltrice_02",
      "inventory":[{
          "refId":"ingred_saltrice_01",
          "count":1,
          "charge":-1,
          "enchantmentCharge":-1,
          "soul":""
        }]
    },
    "184015-0":{
      "refId":"flora_marshmerrow_01",
      "inventory":[{
          "refId":"ingred_marshmerrow_01",
          "count":1,
          "charge":-1,
          "enchantmentCharge":-1,
          "soul":""
        }]
    },
    "318633-0":{
      "refId":"barrel_01_cheapfood20",
      "inventory":[]
    },
    "184026-0":{
      "refId":"flora_marshmerrow_03",
      "inventory":[{
          "refId":"ingred_marshmerrow_01",
          "count":1,
          "charge":-1,
          "enchantmentCharge":-1,
          "soul":""
        }]
    },
    "193664-0":{
      "refId":"flora_saltrice_01",
      "inventory":[{
          "refId":"ingred_saltrice_01",
          "count":1,
          "charge":-1,
          "enchantmentCharge":-1,
          "soul":""
        }]
    },
    "193666-0":{
      "refId":"flora_saltrice_02",
      "inventory":[{
          "refId":"ingred_saltrice_01",
          "count":1,
          "charge":-1,
          "enchantmentCharge":-1,
          "soul":""
        }]
    },
    "193679-0":{
      "refId":"flora_saltrice_01",
      "inventory":[{
          "refId":"ingred_saltrice_01",
          "count":1,
          "charge":-1,
          "enchantmentCharge":-1,
          "soul":""
        }]
    },
    "193667-0":{
      "refId":"flora_saltrice_01",
      "inventory":[{
          "refId":"ingred_saltrice_01",
          "count":1,
          "charge":-1,
          "enchantmentCharge":-1,
          "soul":""
        }]
    },
    "318657-0":{
      "refId":"flora_corkbulb",
      "inventory":[]
    },
    "184005-0":{
      "refId":"flora_marshmerrow_01",
      "inventory":[{
          "refId":"ingred_marshmerrow_01",
          "count":1,
          "charge":-1,
          "enchantmentCharge":-1,
          "soul":""
        }]
    },
    "318626-0":{
      "refId":"flora_heather_01",
      "inventory":[{
          "refId":"ingred_heather_01",
          "count":2,
          "charge":-1,
          "enchantmentCharge":-1,
          "soul":""
        }]
    },
    "184027-0":{
      "refId":"flora_marshmerrow_01",
      "inventory":[{
          "refId":"ingred_marshmerrow_01",
          "count":1,
          "charge":-1,
          "enchantmentCharge":-1,
          "soul":""
        }]
    },
    "184003-0":{
      "refId":"flora_marshmerrow_03",
      "inventory":[]
    },
    "193669-0":{
      "refId":"flora_saltrice_01",