{
  "packets":{
    "actorList":["0-2731","480886-0","480884-0","480887-0","0-2730","480885-0","330023-0","480888-0"],
    "ai":[],
    "cellChangeFrom":["330023-0","480888-0"],
    "cellChangeTo":[],
    "container":["318513-0","318514-0","318518-0","318519-0","318522-0","318523-0","433120-0","433121-0","433122-0","433123-0","433124-0","433134-0","433140-0","433154-0","433163-0","330023-0","480884-0","480886-0","480888-0","0-2731","0-2730","480885-0","480887-0"],
    "death":["330023-0","480885-0","480884-0"],
    "delete":["480883-0"],
    "doorState":[],
    "equipment":["330023-0"],
    "lock":[],
    "place":[],
    "position":["480884-0","480886-0","0-2731","480885-0","330023-0","0-2730","480888-0","480883-0","480887-0"],
    "scale":[],
    "spawn":["0-2731","0-2730"],
    "state":["480884-0","480886-0","480885-0","330023-0","480888-0","480887-0"],
    "statsDynamic":["480884-0","480886-0","0-2731","480885-0","330023-0","0-2730","480888-0","480883-0","480887-0"],
    "trap":[],
    "spellsActive":[],
    "miscellaneous":[],
    "clientScriptLocal":[]
  },
  "entry":{
    "creationTime":1697360029,
    "description":"3, 23"
  },
  "lastVisit":{
    "ZIR":1697360960,
    "Violetta":1697360892
  },
  "recordLinks":[],
  "objectData":{
    "318513-0":{
      "refId":"flora_kreshweed_03",
      "inventory":[{
          "refId":"ingred_kresh_fiber_01",
          "count":1,
          "charge":-1,
          "enchantmentCharge":-1,
          "soul":""
        }]
    },
    "318519-0":{
      "refId":"flora_kreshweed_03",
      "inventory":[{
          "refId":"ingred_kresh_fiber_01",
          "count":1,
          "charge":-1,
          "enchantmentCharge":-1,
          "soul":""
        }]
    },
    "480888-0":{
      "refId":"ogrim_az",
      "location":{
        "posX":24856.9921875,
        "posZ":98.440437316895,
        "posY":196244.203125,
        "rotX":0.24452076852322,
        "rotY":0,
        "rotZ":1.9993259906769
      },
      "stats":{
        "healthCurrent":170,
        "magickaCurrent":165,
        "healthModified":170,
        "fatigueBase":1000,
        "fatigueModified":1000,
        "healthBase":170,
        "magickaModified":165,
        "magickaBase":165,
        "fatigueCurrent":1000
      },
      "cellChangeFrom":"2, 23",
      "inventory":[],
      "state":true
    },
    "433121-0":{
      "refId":"kollop_03_pearl",
      "inventory":[]
    },
    "318518-0":{
      "refId":"flora_kreshweed_01",
      "inventory":[{
          "refId":"ingred_kresh_fiber_01",
          "count":1,
          "charge":-1,
          "enchantmentCharge":-1,
          "soul":""
        }]
    },
    "433163-0":{
      "refId":"kollop_03_pearl",
      "inventory":[{
          "refId":"ingred_pearl_01",
          "count":1,
          "charge":-1,
          "enchantmentCharge":-1,
          "soul":""
        }]
    },
    "433124-0":{
      "refId":"kollop_02_pearl",
      "inventory":[]
    },
    "433122-0":{
      "refId":"kollop_03_pearl",
      "inventory":[]
    },
    "433120-0":{
      "refId":"kollop_01_pearl",
      "inventory":[]
    },
    "330023-0":{
      "refId":"golden saint_staada",
      "location":{
        "posX":31507.90625,
        "posZ":1002.8818359375,
        "posY":196106.96875,
        "rotX":0.2547527551651,
        "rotY":0,
        "rotZ":1.4696562290192
      },
      "stats":{
        "healthCurrent":0,
        "magickaCurrent":755,
        "healthModified":350,
        "fatigueBase":700,
        "fatigueModified":700,
        "healthBase":350,
        "magickaModified":755,
        "magickaBase":755,
        "fatigueCurrent":697.32427978516
      },
      "cellChangeFrom":"3, 24",
      "equipment":[],
      "inventory":[],
      "state":true,
      "deathState":38,
      "spellsActive":[],
      "killer":{
        "playerName":"ZIR"
      }
    },
    "433140-0":{
      "refId":"kollop_01_pearl",
      "inventory":[]
    },
    "318514-0":{
      "refId":"flora_kreshweed_03",
      "inventory":[{
          "refId":"ingred_kresh_fiber_01",
          "count":1,
          "charge":-1,
          "enchantmentCharge":-1,
          "soul":""
        }]
    },
    "433123-0":{
      "refId":"kollop_02_pearl",
      "inventory":[]
    },
    "0-2731":{
      "refId":"dreugh",
      "location":{
        "posX":26955.1953125,
        "posZ":-176.08407592773,
        "posY":191528.984375,
        "rotX":0,
        "rotY":0,
        "rotZ":-0.2535457611084
      },
      "stats":{
        "healthCurrent":60,
        "magickaCurrent":75,
        "healthModified":60,
        "fatigueBase":400,
        "fatigueModified":400,
        "healthBase":60,
        "magickaModified":75,
        "magickaBase":75,
        "fatigueCurrent":400
      },
      "inventory":[{
          "refId":"ingred_dreugh_wax_01",
          "count":1,
          "charge":-1,
          "enchantmentCharge":-1,
          "soul":""
        }]
    },
    "480887-0":{
      "refId":"atronach_flame_az",
      "location":{
        "posX":25903.064453125,
        "posZ":154.32623291016,
        "posY":195210.390625,
        "rotX":-0.088121309876442,
        "rotY":0,
        "rotZ":2.6880075931549
      },
      "stats":{
        "healthCurrent":75,
        "magickaCurrent":105,
        "healthModified":75,
        "fatigueBase":600,
        "fatigueModified":600,
        "healthBase":75,
        "magickaModified":105,
        "magickaBase":105,
        "fatigueCurrent":600
      },
      "inventory":[{
          "refId":"ingred_fire_salts_01",
          "count":1,
          "charge":-1,
          "enchantmentCharge":-1,
          "soul":""
        }],
      "state":true
    },
    "0-2730":{
      "refId":"cliff racer_diseased",
      "location":{
        "posX":29694.90234375,
        "posZ":193.52435302734,
        "posY":189197.6875,
        "rotX":3.1944364309311e-05,
        "rotY":0,
        "rotZ":-0.36887955665588
      },
      "stats":{
        "healthCurrent":45,
        "magickaCurrent":20,
        "healthModified":45,
        "fatigueBase":170,
        "fatigueModified":170,
        "healthBase":45,
        "magickaModified":20,
        "magickaBase":20,
        "fatigueCurrent":170
      },
      "inventory":[]
    },
    "433134-0":{
      "refId":"kollop_03_pearl",
      "inventory":[]
    },
    "480885-0":{
      "refId":"hunger_az_02",
      "location":{
        "posX":29769.0859375,
        "posZ":801.33038330078,
        "posY":193661.40625,
        "rotX":0.098568320274353,
        "rotY":0,
        "rotZ":1.2796332836151
      },
      "stats":{
        "healthCurrent":0,
        "magickaCurrent":180,
        "healthModified":170,
        "fatigueBase":400,
        "fatigueModified":400,
        "healthBase":170,
        "magickaModified":250,
        "magickaBase":250,
        "fatigueCurrent":399.62191772461
      },
      "inventory":[],
      "state":true,
      "killer":{
        "playerName":"Violetta"
      },
      "deathState":38
    },
    "318523-0":{
      "refId":"flora_kreshweed_03",
      "inventory":[{
          "refId":"ingred_kresh_fiber_01",
          "count":1,
          "charge":-1,
          "enchantmentCharge":-1,
          "soul":""
        }]
    },
    "480884-0":{
      "refId":"hunger_az_01",
      "location":{
        "posX":29958.5234375,
        "posZ":992.74035644531,
        "posY":194057.59375,
        "rotX":0.77520620822906,
        "rotY":0,
        "rotZ":-2.7675211429596
      },
      "stats":{
        "healthCurrent":0,
        "magickaCurrent":152,
        "healthModified":170,
        "fatigueBase":400,
        "fatigueModified":400,
        "healthBase":170,
        "magickaModified":250,
        "magickaBase":250,
        "fatigueCurrent":400
      },
      "inventory":[],
      "state":true,
      "killer":{
        "playerName":"ZIR"
      },
      "deathState":46
    },
    "480883-0":{
      "refId":"daedroth_az",
      "location":{
        "posX":29405.88671875,