{
  "packets":{
    "actorList":["0-2391","0-2394","0-2392","0-2393","0-2395","0-2378","0-2396"],
    "ai":[],
    "cellChangeFrom":[],
    "cellChangeTo":[],
    "container":["0-2391","0-2394","0-2392","0-2393","0-2395","0-2378","0-2396"],
    "death":[],
    "delete":[],
    "doorState":[],
    "equipment":[],
    "lock":[],
    "place":[],
    "position":["0-2391","0-2392","0-2393","0-2394","0-2395","0-2378","0-2396"],
    "scale":[],
    "spawn":["0-2391","0-2394","0-2392","0-2393","0-2395","0-2378","0-2396"],
    "state":[],
    "statsDynamic":["0-2391","0-2392","0-2393","0-2394","0-2395"],
    "trap":[],
    "spellsActive":[],
    "miscellaneous":[],
    "clientScriptLocal":[]
  },
  "entry":{
    "creationTime":1697346371,
    "description":"3, 6"
  },
  "lastVisit":{
    "ZIR":1697346622
  },
  "recordLinks":[],
  "objectData":{
    "0-2391":{
      "refId":"corprus_lame",
      "location":{
        "posX":26599.71484375,
        "posZ":6315.9379882813,
        "posY":54984.46875,
        "rotX":0.56749325990677,
        "rotY":0,
        "rotZ":2.5365512371063
      },
      "stats":{
        "healthCurrent":90,
        "magickaCurrent":160,
        "healthModified":90,
        "fatigueBase":314,
        "fatigueModified":314,
        "healthBase":90,
        "magickaModified":160,
        "magickaBase":160,
        "fatigueCurrent":314
      },
      "inventory":[]
    },
    "0-2394":{
      "refId":"cliff racer",
      "location":{
        "posX":32613.1796875,
        "posZ":7220.578125,
        "posY":51110.515625,
        "rotX":0.015548818744719,
        "rotY":0,
        "rotZ":1.2912719249725
      },
      "stats":{
        "healthCurrent":45,
        "magickaCurrent":20,
        "healthModified":45,
        "fatigueBase":400,
        "fatigueModified":400,
        "healthBase":45,
        "magickaModified":20,
        "magickaBase":20,
        "fatigueCurrent":400
      },
      "inventory":[]
    },
    "0-2392":{
      "refId":"cliff racer",
      "location":{
        "posX":29160.44140625,
        "posZ":7893.7172851563,
        "posY":54078.03125,
        "rotX":0.02718561142683,
        "rotY":0,
        "rotZ":0.031306028366089
      },
      "stats":{
        "healthCurrent":45,
        "magickaCurrent":20,
        "healthModified":45,
        "fatigueBase":400,
        "fatigueModified":400,
        "healthBase":45,
        "magickaModified":20,
        "magickaBase":20,
        "fatigueCurrent":400
      },
      "inventory":[{
          "refId":"ingred_racer_plumes_01",
          "count":1,
          "charge":-1,
          "enchantmentCharge":-1,
          "soul":""
        }]
    },
    "0-2378":{
      "refId":"ash_zombie",
      "location":{
        "posX":24796.458984375,
        "posZ":6999.91796875,
        "posY":56212.34375,
        "rotX":0.37652611732483,
        "rotY":0,
        "rotZ":1.7739193439484
      },
      "inventory":[{
          "refId":"spiked club",
          "count":1,
          "charge":-1,
          "enchantmentCharge":-1,
          "soul":""
        }]
    },
    "0-2393":{
      "refId":"hunger",
      "location":{
        "posX":31912.4921875,
        "posZ":8539.7333984375,
        "posY":55272.8203125,
        "rotX":0,
        "rotY":0,
        "rotZ":0
      },
      "stats":{
        "healthCurrent":170,
        "magickaCurrent":250,
        "healthModified":170,
        "fatigueBase":400,
        "fatigueModified":400,
        "healthBase":170,
        "magickaModified":250,
        "magickaBase":250,
        "fatigueCurrent":400
      },
      "inventory":[{
          "refId":"ingred_daedras_heart_01",
          "count":1,
          "charge":-1,
          "enchantmentCharge":-1,
          "soul":""
        }]
    },
    "0-2396":{
      "refId":"cliff racer",
      "location":{
        "posX":28488.625,
        "posZ":5438.1342773438,
        "posY":49436.265625,
        "rotX":0.0012558363378048,
        "rotY":0,
        "rotZ":0.037854433059692
      },
      "inventory":[{
          "refId":"ingred_racer_plumes_01",
          "count":1,
          "charge":-1,
          "enchantmentCharge":-1,
          "soul":""
        }]
    },
    "0-2395":{
      "refId":"corprus_stalker",
      "location":{
        "posX":28518.931640625,
        "posZ":5254.1796875,
        "posY":50920.26171875,
        "rotX":0.62672519683838,
        "rotY":0,
        "rotZ":-0.64799118041992
      },
      "stats":{
        "healthCurrent":60,
        "magickaCurrent":50,
        "healthModified":60,
        "fatigueBase":300,
        "fatigueModified":300,
        "healthBase":60,
        "magickaModified":50,
        "magickaBase":50,
        "fatigueCurrent":300
      },
      "inventory":[{
          "refId":"ingred_corprus_weepings_01",
          "count":1,
          "charge":-1,
          "enchantmentCharge":-1,
          "soul":""
        }]
    }
  },
  "loadState":{
    "hasFullContainerData":true,
    "hasFullActorList":true
  }
}