{
  "packets":{
    "actorList":["0-758","0-760","0-759","259446-0","259445-0","0-757"],
    "ai":[],
    "cellChangeFrom":[],
    "cellChangeTo":[],
    "container":["478062-0","478064-0","478065-0","478066-0","478067-0","478068-0","478069-0","478070-0","478071-0","478073-0","259445-0","259446-0","0-758","0-760","0-759","0-757"],
    "death":[],
    "delete":[],
    "doorState":[],
    "equipment":["259446-0","259445-0"],
    "lock":[],
    "place":[],
    "position":["259445-0","259446-0","0-758","0-759","0-760","0-757"],
    "scale":[],
    "spawn":["0-758","0-760","0-759","0-757"],
    "state":[],
    "statsDynamic":["259445-0","259446-0","0-758","0-759","0-760","0-757"],
    "trap":[],
    "spellsActive":[],
    "miscellaneous":[],
    "clientScriptLocal":[]
  },
  "entry":{
    "creationTime":1696441317,
    "description":"5, -10"
  },
  "lastVisit":{
    "Violetta":1696527352,
    "Adamast":1697225251,
    "ZIR":1697454571
  },
  "recordLinks":[],
  "objectData":{
    "478069-0":{
      "refId":"flora_willow_flower_02",
      "inventory":[{
          "refId":"ingred_willow_anther_01",
          "count":1,
          "charge":-1,
          "enchantmentCharge":-1,
          "soul":""
        }]
    },
    "0-760":{
      "refId":"mudcrab-diseased",
      "location":{
        "posX":43248.46875,
        "posZ":638.84167480469,
        "posY":-76687.15625,
        "rotX":0.034521382302046,
        "rotY":0,
        "rotZ":1.7481491565704
      },
      "stats":{
        "healthCurrent":15,
        "magickaCurrent":5,
        "healthModified":15,
        "fatigueBase":25,
        "fatigueModified":25,
        "healthBase":15,
        "magickaModified":5,
        "magickaBase":5,
        "fatigueCurrent":25
      },
      "inventory":[{
          "refId":"ingred_crab_meat_01",
          "count":1,
          "charge":-1,
          "enchantmentCharge":-1,
          "soul":""
        }]
    },
    "0-759":{
      "refId":"scrib",
      "location":{
        "posX":44878.10546875,
        "posZ":986.33483886719,
        "posY":-75492.6953125,
        "rotX":0.2108151614666,
        "rotY":0,
        "rotZ":-2.5784642696381
      },
      "stats":{
        "healthCurrent":8,
        "magickaCurrent":12,
        "healthModified":8,
        "fatigueBase":300,
        "fatigueModified":300,
        "healthBase":8,
        "magickaModified":12,
        "magickaBase":12,
        "fatigueCurrent":300
      },
      "inventory":[{
          "refId":"ingred_scrib_jelly_01",
          "count":1,
          "charge":-1,
          "enchantmentCharge":-1,
          "soul":""
        }]
    },
    "478066-0":{
      "refId":"flora_black_anther_02",
      "inventory":[]
    },
    "259445-0":{
      "refId":"ordinator wander",
      "location":{
        "posX":43036.25,
        "posZ":-143.22793579102,
        "posY":-81417.9453125,
        "rotX":0,
        "rotY":0,
        "rotZ":0
      },
      "stats":{
        "healthCurrent":181,
        "magickaCurrent":122,
        "healthModified":181,
        "fatigueBase":318,
        "fatigueModified":318,
        "healthBase":181,
        "magickaModified":122,
        "magickaBase":122,
        "fatigueCurrent":317.97109985352
      },
      "equipment":{
        "0":{
          "refId":"indoril helmet",
          "count":1,
          "charge":-1,
          "enchantmentCharge":-1
        },
        "1":{
          "refId":"indoril cuirass",
          "count":1,
          "charge":-1,
          "enchantmentCharge":-1
        },
        "3":{
          "refId":"indoril pauldron left",
          "count":1,
          "charge":-1,
          "enchantmentCharge":-1
        },
        "4":{
          "refId":"indoril pauldron right",
          "count":1,
          "charge":-1,
          "enchantmentCharge":-1
        },
        "5":{
          "refId":"indoril left gauntlet",
          "count":1,
          "charge":-1,
          "enchantmentCharge":-1
        },
        "6":{
          "refId":"indoril right gauntlet",
          "count":1,
          "charge":-1,
          "enchantmentCharge":-1
        },
        "7":{
          "refId":"indoril boots",
          "count":1,
          "charge":-1,
          "enchantmentCharge":-1
        },
        "9":{
          "refId":"expensive_pants_02",
          "count":1,
          "charge":-1,
          "enchantmentCharge":-1
        },
        "15":{
          "refId":"indoril_belt",
          "count":1,
          "charge":-1,
          "enchantmentCharge":-1
        },
        "16":{
          "refId":"ebony mace",
          "count":1,
          "charge":-1,
          "enchantmentCharge":-1
        }
      },
      "inventory":[{
          "refId":"indoril shield",
          "count":1,
          "charge":-1,
          "enchantmentCharge":-1,
          "soul":""
        },{
          "refId":"indoril right gauntlet",
          "count":1,
          "charge":-1,
          "enchantmentCharge":-1,
          "soul":""
        },{
          "refId":"indoril left gauntlet",
          "count":1,
          "charge":-1,
          "enchantmentCharge":-1,
          "soul":""
        },{
          "refId":"indoril boots",
          "count":1,
          "charge":-1,
          "enchantmentCharge":-1,
          "soul":""
        },{
          "refId":"indoril pauldron right",
          "count":1,
          "charge":-1,
          "enchantmentCharge":-1,
          "soul":""
        },{
          "refId":"indoril pauldron left",
          "count":1,
          "charge":-1,
          "enchantmentCharge":-1,
          "soul":""
        },{
          "refId":"indoril cuirass",
          "count":1,
          "charge":-1,
          "enchantmentCharge":-1,
          "soul":""
        },{
          "refId":"indoril helmet",
          "count":1,
          "charge":-1,
          "enchantmentCharge":-1,
          "soul":""
        },{
          "refId":"indoril_belt",
          "count":1,
          "charge":-1,
          "enchantmentCharge":-1,
          "soul":""
        },{
          "refId":"expensive_pants_02",
          "count":1,
          "charge":-1,
          "enchantmentCharge":-1,
          "soul":""
        },{
          "refId":"torch_infinite_time",
          "count":1,
          "charge":-1,
          "enchantmentCharge":-1,
          "soul":""
        },{
          "refId":"ebony mace",
          "count":1,
          "charge":-1,
          "enchantmentCharge":-1,
          "soul":""
        }]
    },
    "478070-0":{
      "refId":"flora_willow_flower_01",
      "inventory":[{
          "refId":"ingred_willow_anther_01",
          "count":1,
          "charge":-1,
          "enchantmentCharge":-1,
          "soul":""
        }]
    },
    "478064-0":{
      "refId":"flora_black_anther_02",
      "inventory":[{
          "refId":"ingred_black_anther_01",
          "count":1,
          "charge":-1,
          "enchantmentCharge":-1,
          "soul":""
        }]
    },
    "478062-0":{
      "refId":"flora_corkbulb",
      "inventory":[{
          "refId":"ingred_corkbulb_root_01",
          "count":1,
          "charge":-1,
          "enchantmentCharge":-1,
          "soul":""
        }]
    },
    "0-758":{
      "refId":"rat",
      "location":{
        "posX":45045.3203125,
        "posZ":934.92736816406,
        "posY":-74201.125,
        "rotX":0.34398728609085,
        "rotY":0,
        "rotZ":-1.8285048007965
      },
      "stats":{
        "healthCurrent":23,
        "magickaCurrent":10,
        "healthModified":23,
        "fatigueBase":300,
        "fatigueModified":300,
        "healthBase":23,
        "magickaModified":10,
        "magickaBase":10,
        "fatigueCurrent":300
      },
      "inventory":[{
          "refId":"ingred_rat_meat_01",
          "count":1,
          "charge":-1,
          "enchantmentCharge":-1,
          "soul":""
        }]
    },
    "478067-0":{
      "refId":"flora_black_anther_01",
      "inventory":[{
          "refId":"ingred_black_anther_01",