{
  "packets":{
    "actorList":["0-2700","0-2703","0-2702","0-2699","0-2704","0-2701","0-2705"],
    "ai":[],
    "cellChangeFrom":[],
    "cellChangeTo":[],
    "container":["283406-0","283412-0","283427-0","358510-0","358518-0","0-2700","0-2703","0-2702","0-2699","0-2704","0-2701","0-2705"],
    "death":["0-2699","0-2703","0-2700","0-2701","0-2702"],
    "delete":[],
    "doorState":[],
    "equipment":[],
    "lock":[],
    "place":[],
    "position":["0-2699","0-2700","0-2701","0-2702","0-2703","0-2704","0-2705"],
    "scale":[],
    "spawn":["0-2700","0-2703","0-2702","0-2699","0-2704","0-2701","0-2705"],
    "state":[],
    "statsDynamic":["0-2699","0-2700","0-2701","0-2702","0-2703","0-2704","0-2705"],
    "trap":[],
    "spellsActive":["0-2701"],
    "miscellaneous":[],
    "clientScriptLocal":[]
  },
  "entry":{
    "creationTime":1697360371,
    "description":"5, 23"
  },
  "lastVisit":{
    "Violetta":1697360795,
    "ZIR":1697360794
  },
  "recordLinks":[],
  "objectData":{
    "283412-0":{
      "refId":"flora_kreshweed_01",
      "inventory":[{
          "refId":"ingred_kresh_fiber_01",
          "count":1,
          "charge":-1,
          "enchantmentCharge":-1,
          "soul":""
        }]
    },
    "358510-0":{
      "refId":"flora_kreshweed_02",
      "inventory":[]
    },
    "0-2703":{
      "refId":"shalk",
      "location":{
        "posX":47039.1171875,
        "posZ":105.96803283691,
        "posY":190344.25,
        "rotX":-0.33509337902069,
        "rotY":0,
        "rotZ":-2.6147425174713
      },
      "stats":{
        "healthCurrent":0,
        "magickaCurrent":25,
        "healthModified":38,
        "fatigueBase":400,
        "fatigueModified":400,
        "healthBase":38,
        "magickaModified":30,
        "magickaBase":30,
        "fatigueCurrent":381.33459472656
      },
      "inventory":[],
      "killer":{
        "playerName":"ZIR"
      },
      "deathState":40
    },
    "0-2699":{
      "refId":"mudcrab",
      "location":{
        "posX":47255.72265625,
        "posZ":141.12138366699,
        "posY":190087.859375,
        "rotX":-0.40006145834923,
        "rotY":0,
        "rotZ":-0.70266771316528
      },
      "stats":{
        "healthCurrent":0,
        "magickaCurrent":5,
        "healthModified":15,
        "fatigueBase":400,
        "fatigueModified":400,
        "healthBase":15,
        "magickaModified":5,
        "magickaBase":5,
        "fatigueCurrent":400
      },
      "inventory":[{
          "refId":"ingred_crab_meat_01",
          "count":2,
          "charge":-1,
          "enchantmentCharge":-1,
          "soul":""
        }],
      "spellsActive":[],
      "killer":{
        "playerName":"ZIR"
      },
      "deathState":38
    },
    "283406-0":{
      "refId":"flora_kreshweed_01",
      "inventory":[{
          "refId":"ingred_kresh_fiber_01",
          "count":1,
          "charge":-1,
          "enchantmentCharge":-1,
          "soul":""
        }]
    },
    "283427-0":{
      "refId":"flora_kreshweed_01",
      "inventory":[]
    },
    "0-2704":{
      "refId":"slaughterfish_small",
      "location":{
        "posX":47446.0078125,
        "posZ":-406.18304443359,
        "posY":196251.875,
        "rotX":0.0037400787696242,
        "rotY":0,
        "rotZ":-0.19584798812866
      },
      "stats":{
        "healthCurrent":15,
        "magickaCurrent":10,
        "healthModified":15,
        "fatigueBase":300,
        "fatigueModified":300,
        "healthBase":15,
        "magickaModified":10,
        "magickaBase":10,
        "fatigueCurrent":300
      },
      "inventory":[{
          "refId":"ingred_scales_01",
          "count":1,
          "charge":-1,
          "enchantmentCharge":-1,
          "soul":""
        }]
    },
    "0-2705":{
      "refId":"slaughterfish",
      "location":{
        "posX":44541.5,
        "posZ":-717.37145996094,
        "posY":196089.03125,
        "rotX":0.00096937268972397,
        "rotY":0,
        "rotZ":0.77458882331848
      },
      "stats":{
        "healthCurrent":23,
        "magickaCurrent":10,
        "healthModified":23,
        "fatigueBase":400,
        "fatigueModified":400,
        "healthBase":23,
        "magickaModified":10,
        "magickaBase":10,
        "fatigueCurrent":400
      },
      "inventory":[{
          "refId":"ingred_scales_01",
          "count":2,
          "charge":-1,
          "enchantmentCharge":-1,
          "soul":""
        }]
    },
    "0-2702":{
      "refId":"cliff racer",
      "location":{
        "posX":45662.9140625,
        "posZ":280.5397644043,
        "posY":190520.453125,
        "rotX":0.67744696140289,
        "rotY":0,
        "rotZ":2.5733902454376
      },
      "stats":{
        "healthCurrent":0,
        "magickaCurrent":20,
        "healthModified":45,
        "fatigueBase":400,
        "fatigueModified":400,
        "healthBase":45,
        "magickaModified":20,
        "magickaBase":20,
        "fatigueCurrent":399.72366333008
      },
      "inventory":[],
      "spellsActive":[],
      "killer":{
        "playerName":"ZIR"
      },
      "deathState":38
    },
    "0-2701":{
      "refId":"mudcrab-diseased",
      "location":{
        "posX":45931.61328125,
        "posZ":102.24976348877,
        "posY":189565.15625,
        "rotX":-0.13996276259422,
        "rotY":0,
        "rotZ":0.64970088005066
      },
      "stats":{
        "healthCurrent":0,
        "magickaCurrent":5,
        "healthModified":15,
        "fatigueBase":55,
        "fatigueModified":55,
        "healthBase":15,
        "magickaModified":5,
        "magickaBase":5,
        "fatigueCurrent":51.818687438965
      },
      "inventory":[],
      "spellsActive":{
        "$custom_weapon_1":[{
            "startTime":1697360651,
            "caster":{
              "playerName":"ZIR"
            },
            "displayName":"Гномская секира",
            "stackingState":false,
            "effects":[{
                "arg":-1,
                "duration":1,
                "id":14,
                "timeLeft":1,
                "magnitude":26.843372344971
              }]
          }]
      },
      "killer":{
        "playerName":"ZIR"
      },
      "deathState":38
    },
    "0-2700":{
      "refId":"mudcrab",
      "location":{
        "posX":46222.18359375,
        "posZ":116.97170257568,
        "posY":190009.125,
        "rotX":-0.079548045992851,
        "rotY":0,
        "rotZ":0.94480109214783
      },
      "stats":{
        "healthCurrent":0,
        "magickaCurrent":5,
        "healthModified":15,
        "fatigueBase":400,
        "fatigueModified":400,
        "healthBase":15,
        "magickaModified":5,
        "magickaBase":5,
        "fatigueCurrent":397.12203979492
      },
      "inventory":[],
      "spellsActive":[],
      "killer":{
        "playerName":"ZIR"
      },
      "deathState":39
    },
    "358518-0":{
      "refId":"flora_kreshweed_03",
      "inventory":[{
          "refId":"ingred_kresh_fiber_01",
          "count":1,
          "charge":-1,
          "enchantmentCharge":-1,
          "soul":""
        }]
    }
  },
  "loadState":{
    "hasFullContainerData":true,
    "hasFullActorList":true
  }
}