{
  "packets":{
    "actorList":["0-2114","0-2115","275014-0","275006-0","275013-0","0-472"],
    "ai":[],
    "cellChangeFrom":["275006-0"],
    "cellChangeTo":["275015-0"],
    "container":["458279-0","458287-0","458294-0","458301-0","477982-0","477983-0","477986-0","477987-0","477988-0","477989-0","275014-0","0-2114","0-2115","275006-0","275013-0","0-472"],
    "death":[],
    "delete":[],
    "doorState":[],
    "equipment":[],
    "lock":[],
    "place":[],
    "position":["275014-0","0-2114","0-2115","275006-0","275013-0","0-472"],
    "scale":[],
    "spawn":["0-2114","0-2115","0-472"],
    "state":[],
    "statsDynamic":["275014-0","0-2114","0-2115","275006-0","275013-0","0-472"],
    "trap":[],
    "spellsActive":[],
    "miscellaneous":[],
    "clientScriptLocal":[]
  },
  "entry":{
    "creationTime":1697223267,
    "description":"6, -12"
  },
  "lastVisit":{
    "ZIR":1697454571
  },
  "recordLinks":[],
  "objectData":{
    "477986-0":{
      "refId":"flora_gold_kanet_02",
      "inventory":[]
    },
    "477988-0":{
      "refId":"flora_gold_kanet_02",
      "inventory":[{
          "refId":"ingred_gold_kanet_01",
          "count":1,
          "charge":-1,
          "enchantmentCharge":-1,
          "soul":""
        }]
    },
    "477982-0":{
      "refId":"flora_gold_kanet_01",
      "inventory":[]
    },
    "275014-0":{
      "refId":"netch_betty_ranched",
      "location":{
        "posX":53271.11328125,
        "posZ":1150.4820556641,
        "posY":-91027.140625,
        "rotX":0.0015154713764787,
        "rotY":0,
        "rotZ":-0.40351986885071
      },
      "stats":{
        "healthCurrent":113,
        "magickaCurrent":75,
        "healthModified":113,
        "fatigueBase":400,
        "fatigueModified":400,
        "healthBase":113,
        "magickaModified":75,
        "magickaBase":75,
        "fatigueCurrent":400
      },
      "inventory":[]
    },
    "477987-0":{
      "refId":"flora_gold_kanet_01",
      "inventory":[{
          "refId":"ingred_gold_kanet_01",
          "count":1,
          "charge":-1,
          "enchantmentCharge":-1,
          "soul":""
        }]
    },
    "275006-0":{
      "refId":"netch_bull_ranched",
      "location":{
        "posX":57124.16796875,
        "posZ":703.17919921875,
        "posY":-94951.859375,
        "rotX":0.056785877794027,
        "rotY":0,
        "rotZ":-0.12673091888428
      },
      "stats":{
        "healthCurrent":45,
        "magickaCurrent":20,
        "healthModified":45,
        "fatigueBase":400,
        "fatigueModified":400,
        "healthBase":45,
        "magickaModified":20,
        "magickaBase":20,
        "fatigueCurrent":400
      },
      "cellChangeFrom":"7, -12",
      "inventory":[{
          "refId":"ingred_netch_leather_01",
          "count":3,
          "charge":-1,
          "enchantmentCharge":-1,
          "soul":""
        }]
    },
    "458279-0":{
      "refId":"kollop_03_pearl",
      "inventory":[{
          "refId":"ingred_pearl_01",
          "count":1,
          "charge":-1,
          "enchantmentCharge":-1,
          "soul":""
        }]
    },
    "0-472":{
      "refId":"slaughterfish_small",
      "location":{
        "posX":49317.53515625,
        "posZ":-484.3200378418,
        "posY":-95700.609375,
        "rotX":-0.002435302361846,
        "rotY":0,
        "rotZ":-3.0537483692169
      },
      "stats":{
        "healthCurrent":15,
        "magickaCurrent":10,
        "fatigueModified":300,
        "fatigueBase":300,
        "healthBase":15,
        "healthModified":15,
        "magickaModified":10,
        "magickaBase":10,
        "fatigueCurrent":299.95812988281
      },
      "inventory":[{
          "refId":"ingred_scales_01",
          "count":1,
          "charge":-1,
          "enchantmentCharge":-1,
          "soul":""
        }]
    },
    "477989-0":{
      "refId":"flora_gold_kanet_01",
      "inventory":[]
    },
    "458294-0":{
      "refId":"kollop_02_pearl",
      "inventory":[]
    },
    "458287-0":{
      "refId":"kollop_03_pearl",
      "inventory":[]
    },
    "275013-0":{
      "refId":"netch_betty_ranched",
      "location":{
        "posX":55053.734375,
        "posZ":1071.51171875,
        "posY":-91071.5546875,
        "rotX":0,
        "rotY":0,
        "rotZ":-2.7491314411163
      },
      "stats":{
        "healthCurrent":113,
        "magickaCurrent":75,
        "healthModified":113,
        "fatigueBase":400,
        "fatigueModified":400,
        "healthBase":113,
        "magickaModified":75,
        "magickaBase":75,
        "fatigueCurrent":400
      },
      "inventory":[{
          "refId":"ingred_netch_leather_01",
          "count":2,
          "charge":-1,
          "enchantmentCharge":-1,
          "soul":""
        }]
    },
    "275015-0":{
      "cellChangeTo":"7, -12"
    },
    "0-2115":{
      "refId":"slaughterfish_small",
      "location":{
        "posX":52592.66015625,
        "posZ":-294.27172851563,
        "posY":-95540.3515625,
        "rotX":0,
        "rotY":0,
        "rotZ":-0.58460927009583
      },
      "stats":{
        "healthCurrent":15,
        "magickaCurrent":10,
        "healthModified":15,
        "fatigueBase":300,
        "fatigueModified":300,
        "healthBase":15,
        "magickaModified":10,
        "magickaBase":10,
        "fatigueCurrent":300
      },
      "inventory":[{
          "refId":"ingred_scales_01",
          "count":1,
          "charge":-1,
          "enchantmentCharge":-1,
          "soul":""
        }]
    },
    "477983-0":{
      "refId":"flora_gold_kanet_02",
      "inventory":[{
          "refId":"ingred_gold_kanet_01",
          "count":1,
          "charge":-1,
          "enchantmentCharge":-1,
          "soul":""
        }]
    },
    "458301-0":{
      "refId":"kollop_02_pearl",
      "inventory":[{
          "refId":"ingred_pearl_01",
          "count":1,
          "charge":-1,
          "enchantmentCharge":-1,
          "soul":""
        }]
    },
    "0-2114":{
      "refId":"rat_diseased",
      "location":{
        "posX":49937.8203125,
        "posZ":731.13159179688,
        "posY":-92833.1640625,
        "rotX":-0.014051411300898,
        "rotY":0,
        "rotZ":1.732513666153
      },
      "stats":{
        "healthCurrent":23,
        "magickaCurrent":10,
        "healthModified":23,
        "fatigueBase":124,
        "fatigueModified":124,
        "healthBase":23,
        "magickaModified":10,
        "magickaBase":10,
        "fatigueCurrent":124
      },
      "inventory":[{
          "refId":"ingred_rat_meat_01",
          "count":2,
          "charge":-1,
          "enchantmentCharge":-1,
          "soul":""
        }]
    }
  },
  "loadState":{
    "hasFullContainerData":true,
    "hasFullActorList":true
  }
}