{
  "packets":{
    "actorList":["0-2729","0-2725","0-2728","0-2724","0-2723","0-2727","0-2726","0-2715"],
    "ai":[],
    "cellChangeFrom":[],
    "cellChangeTo":[],
    "container":["436732-0","436740-0","436741-0","436747-0","436748-0","0-2729","0-2728","0-2723","0-2727","0-2726","0-2725","0-2724","0-2715"],
    "death":[],
    "delete":[],
    "doorState":[],
    "equipment":[],
    "lock":[],
    "place":[],
    "position":["0-2723","0-2726","0-2727","0-2728","0-2729","0-2725","0-2724","0-2715"],
    "scale":[],
    "spawn":["0-2729","0-2725","0-2728","0-2724","0-2723","0-2727","0-2726","0-2715"],
    "state":[],
    "statsDynamic":["0-2723","0-2726","0-2727","0-2728","0-2729","0-2725","0-2724"],
    "trap":[],
    "spellsActive":[],
    "miscellaneous":[],
    "clientScriptLocal":[]
  },
  "entry":{
    "creationTime":1697360599,
    "description":"6, 24"
  },
  "lastVisit":{
    "ZIR":1697360704,
    "Violetta":1697360700
  },
  "recordLinks":[],
  "objectData":{
    "0-2725":{
      "refId":"mudcrab",
      "location":{
        "posX":49837.640625,
        "posZ":129.14653015137,
        "posY":199341.03125,
        "rotX":0.059066347777843,
        "rotY":0,
        "rotZ":1.5513956546783
      },
      "stats":{
        "healthCurrent":15,
        "magickaCurrent":5,
        "healthModified":15,
        "fatigueBase":400,
        "fatigueModified":400,
        "healthBase":15,
        "magickaModified":5,
        "magickaBase":5,
        "fatigueCurrent":400
      },
      "inventory":[{
          "refId":"ingred_crab_meat_01",
          "count":1,
          "charge":-1,
          "enchantmentCharge":-1,
          "soul":""
        }]
    },
    "0-2728":{
      "refId":"slaughterfish_small",
      "location":{
        "posX":57146.109375,
        "posZ":-367.62701416016,
        "posY":203271.71875,
        "rotX":0,
        "rotY":0,
        "rotZ":0.34618306159973
      },
      "stats":{
        "healthCurrent":15,
        "magickaCurrent":10,
        "healthModified":15,
        "fatigueBase":300,
        "fatigueModified":300,
        "healthBase":15,
        "magickaModified":10,
        "magickaBase":10,
        "fatigueCurrent":300
      },
      "inventory":[{
          "refId":"ingred_scales_01",
          "count":1,
          "charge":-1,
          "enchantmentCharge":-1,
          "soul":""
        }]
    },
    "0-2715":{
      "refId":"cliff racer_diseased",
      "location":{
        "posX":50150.34375,
        "posZ":376.97412109375,
        "posY":199068.046875,
        "rotX":0.19962809979916,
        "rotY":0,
        "rotZ":-2.5689475536346
      },
      "inventory":[]
    },
    "0-2727":{
      "refId":"slaughterfish_small",
      "location":{
        "posX":53535.5390625,
        "posZ":-156.06205749512,
        "posY":200374.265625,
        "rotX":0,
        "rotY":0,
        "rotZ":2.1746985912323
      },
      "stats":{
        "healthCurrent":15,
        "magickaCurrent":10,
        "healthModified":15,
        "fatigueBase":300,
        "fatigueModified":300,
        "healthBase":15,
        "magickaModified":10,
        "magickaBase":10,
        "fatigueCurrent":300
      },
      "inventory":[]
    },
    "0-2726":{
      "refId":"slaughterfish_small",
      "location":{
        "posX":53325.9921875,
        "posZ":-228.6325378418,
        "posY":199779.5,
        "rotX":0,
        "rotY":0,
        "rotZ":2.3438718318939
      },
      "stats":{
        "healthCurrent":15,
        "magickaCurrent":10,
        "healthModified":15,
        "fatigueBase":300,
        "fatigueModified":300,
        "healthBase":15,
        "magickaModified":10,
        "magickaBase":10,
        "fatigueCurrent":300
      },
      "inventory":[{
          "refId":"ingred_scales_01",
          "count":1,
          "charge":-1,
          "enchantmentCharge":-1,
          "soul":""
        }]
    },
    "0-2723":{
      "refId":"slaughterfish_small",
      "location":{
        "posX":50942.609375,
        "posZ":-874.14306640625,
        "posY":198944.125,
        "rotX":0,
        "rotY":0,
        "rotZ":0.11433959007263
      },
      "stats":{
        "healthCurrent":15,
        "magickaCurrent":10,
        "healthModified":15,
        "fatigueBase":300,
        "fatigueModified":300,
        "healthBase":15,
        "magickaModified":10,
        "magickaBase":10,
        "fatigueCurrent":300
      },
      "inventory":[{
          "refId":"ingred_scales_01",
          "count":1,
          "charge":-1,
          "enchantmentCharge":-1,
          "soul":""
        }]
    },
    "436732-0":{
      "refId":"kollop_01_pearl",
      "inventory":[]
    },
    "436741-0":{
      "refId":"kollop_02_pearl",
      "inventory":[{
          "refId":"ingred_pearl_01",
          "count":1,
          "charge":-1,
          "enchantmentCharge":-1,
          "soul":""
        }]
    },
    "436747-0":{
      "refId":"kollop_03_pearl",
      "inventory":[]
    },
    "0-2724":{
      "refId":"cliff racer",
      "location":{
        "posX":50831.359375,
        "posZ":1139.6610107422,
        "posY":202982.40625,
        "rotX":-0.0022581228986382,
        "rotY":0,
        "rotZ":0.83269333839417
      },
      "stats":{
        "healthCurrent":45,
        "magickaCurrent":20,
        "healthModified":45,
        "fatigueBase":400,
        "fatigueModified":400,
        "healthBase":45,
        "magickaModified":20,
        "magickaBase":20,
        "fatigueCurrent":400
      },
      "inventory":[{
          "refId":"ingred_racer_plumes_01",
          "count":1,
          "charge":-1,
          "enchantmentCharge":-1,
          "soul":""
        }]
    },
    "436740-0":{
      "refId":"kollop_03_pearl",
      "inventory":[{
          "refId":"ingred_pearl_01",
          "count":1,
          "charge":-1,
          "enchantmentCharge":-1,
          "soul":""
        }]
    },
    "0-2729":{
      "refId":"slaughterfish",
      "location":{
        "posX":57150.5859375,
        "posZ":-612.07397460938,
        "posY":197322.875,
        "rotX":0,
        "rotY":0,
        "rotZ":1.7261154651642
      },
      "stats":{
        "healthCurrent":23,
        "magickaCurrent":10,
        "healthModified":23,
        "fatigueBase":400,
        "fatigueModified":400,
        "healthBase":23,
        "magickaModified":10,
        "magickaBase":10,
        "fatigueCurrent":400
      },
      "inventory":[]
    },
    "436748-0":{
      "refId":"kollop_02_pearl",
      "inventory":[]
    }
  },
  "loadState":{
    "hasFullContainerData":true,
    "hasFullActorList":true
  }
}