{
  "packets":{
    "actorList":["0-1765","0-1767","0-1766","0-1763","0-1761","0-1762","0-1764"],
    "ai":[],
    "cellChangeFrom":[],
    "cellChangeTo":[],
    "container":["436780-0","436786-0","436787-0","436792-0","436793-0","436806-0","436816-0","0-1765","0-1767","0-1766","0-1762","0-1763","0-1761","0-1764"],
    "death":[],
    "delete":[],
    "doorState":[],
    "equipment":[],
    "lock":[],
    "place":[],
    "position":["0-1763","0-1765","0-1766","0-1767","0-1761","0-1762","0-1764"],
    "scale":[],
    "spawn":["0-1765","0-1767","0-1766","0-1763","0-1761","0-1762","0-1764"],
    "state":[],
    "statsDynamic":["0-1763","0-1765","0-1766","0-1767","0-1761","0-1762","0-1764"],
    "trap":[],
    "spellsActive":[],
    "miscellaneous":[],
    "clientScriptLocal":[]
  },
  "entry":{
    "creationTime":1697211657,
    "description":"6, 23"
  },
  "lastVisit":{
    "ZIR":1697452808,
    "Adamast":1697213094,
    "Violetta":1697360700
  },
  "recordLinks":[],
  "objectData":{
    "0-1765":{
      "refId":"slaughterfish",
      "location":{
        "posX":53507.3671875,
        "posZ":-37.33716583252,
        "posY":192593.9375,
        "rotX":-0.001722538843751,
        "rotY":0,
        "rotZ":0.33023643493652
      },
      "stats":{
        "healthCurrent":23,
        "magickaCurrent":10,
        "healthModified":23,
        "fatigueBase":400,
        "fatigueModified":400,
        "healthBase":23,
        "magickaModified":10,
        "magickaBase":10,
        "fatigueCurrent":400
      },
      "inventory":[{
          "refId":"ingred_scales_01",
          "count":2,
          "charge":-1,
          "enchantmentCharge":-1,
          "soul":""
        }]
    },
    "436792-0":{
      "refId":"kollop_03_pearl",
      "inventory":[]
    },
    "436780-0":{
      "refId":"kollop_01_pearl",
      "inventory":[]
    },
    "436806-0":{
      "refId":"kollop_03_pearl",
      "inventory":[{
          "refId":"ingred_pearl_01",
          "count":1,
          "charge":-1,
          "enchantmentCharge":-1,
          "soul":""
        }]
    },
    "0-1762":{
      "refId":"cliff racer_diseased",
      "location":{
        "posX":55627.9921875,
        "posZ":437.10467529297,
        "posY":190460.84375,
        "rotX":0.0015298631042242,
        "rotY":0,
        "rotZ":1.900940656662
      },
      "stats":{
        "healthCurrent":45,
        "magickaCurrent":20,
        "healthModified":45,
        "fatigueBase":170,
        "fatigueModified":170,
        "healthBase":45,
        "magickaModified":20,
        "magickaBase":20,
        "fatigueCurrent":170
      },
      "inventory":[]
    },
    "436787-0":{
      "refId":"kollop_02_pearl",
      "inventory":[]
    },
    "436786-0":{
      "refId":"kollop_03_pearl",
      "inventory":[]
    },
    "436793-0":{
      "refId":"kollop_02_pearl",
      "inventory":[{
          "refId":"ingred_pearl_01",
          "count":1,
          "charge":-1,
          "enchantmentCharge":-1,
          "soul":""
        }]
    },
    "0-1764":{
      "refId":"slaughterfish",
      "location":{
        "posX":50310.078125,
        "posZ":-496.70602416992,
        "posY":196338.21875,
        "rotX":0.0037684878334403,
        "rotY":0,
        "rotZ":3.1042029857635
      },
      "stats":{
        "healthCurrent":23,
        "magickaCurrent":10,
        "healthModified":23,
        "fatigueBase":400,
        "fatigueModified":400,
        "healthBase":23,
        "magickaModified":10,
        "magickaBase":10,
        "fatigueCurrent":399.95864868164
      },
      "inventory":[{
          "refId":"ingred_scales_01",
          "count":2,
          "charge":-1,
          "enchantmentCharge":-1,
          "soul":""
        }]
    },
    "436816-0":{
      "refId":"kollop_01_pearl",
      "inventory":[{
          "refId":"ingred_pearl_01",
          "count":1,
          "charge":-1,
          "enchantmentCharge":-1,
          "soul":""
        }]
    },
    "0-1761":{
      "refId":"cliff racer",
      "location":{
        "posX":55779.6640625,
        "posZ":357.11212158203,
        "posY":190405.109375,
        "rotX":0.0032395161688328,
        "rotY":0,
        "rotZ":-1.2242624759674
      },
      "stats":{
        "healthCurrent":45,
        "magickaCurrent":20,
        "healthModified":45,
        "fatigueBase":400,
        "fatigueModified":400,
        "healthBase":45,
        "magickaModified":20,
        "magickaBase":20,
        "fatigueCurrent":400
      },
      "inventory":[{
          "refId":"ingred_racer_plumes_01",
          "count":1,
          "charge":-1,
          "enchantmentCharge":-1,
          "soul":""
        }]
    },
    "0-1767":{
      "refId":"slaughterfish",
      "location":{
        "posX":55608.15234375,
        "posZ":-216.28768920898,
        "posY":193347.125,
        "rotX":0,
        "rotY":0,
        "rotZ":-0.95177626609802
      },
      "stats":{
        "healthCurrent":23,
        "magickaCurrent":10,
        "healthModified":23,
        "fatigueBase":400,
        "fatigueModified":400,
        "healthBase":23,
        "magickaModified":10,
        "magickaBase":10,
        "fatigueCurrent":400
      },
      "inventory":[]
    },
    "0-1766":{
      "refId":"mudcrab",
      "location":{
        "posX":55310.0546875,
        "posZ":177,
        "posY":190989.4375,
        "rotX":0.1975073069334,
        "rotY":0,
        "rotZ":0.19007611274719
      },
      "stats":{
        "healthCurrent":15,
        "magickaCurrent":5,
        "healthModified":15,
        "fatigueBase":400,
        "fatigueModified":400,
        "healthBase":15,
        "magickaModified":5,
        "magickaBase":5,
        "fatigueCurrent":400
      },
      "inventory":[{
          "refId":"ingred_crab_meat_01",
          "count":1,
          "charge":-1,
          "enchantmentCharge":-1,
          "soul":""
        }]
    },
    "0-1763":{
      "refId":"slaughterfish",
      "location":{
        "posX":53662.546875,
        "posZ":-171.27032470703,
        "posY":192104.5625,
        "rotX":-0.0040570581331849,
        "rotY":0,
        "rotZ":1.1111376285553
      },
      "stats":{
        "healthCurrent":23,
        "magickaCurrent":10,
        "healthModified":23,
        "fatigueBase":400,
        "fatigueModified":400,
        "healthBase":23,
        "magickaModified":10,
        "magickaBase":10,
        "fatigueCurrent":400
      },
      "inventory":[{
          "refId":"ingred_scales_01",
          "count":2,
          "charge":-1,
          "enchantmentCharge":-1,
          "soul":""
        }]
    }
  },
  "loadState":{
    "hasFullContainerData":true,
    "hasFullActorList":true
  }
}