{
  "packets":{
    "actorList":["0-329","0-330","0-331","0-328","341005-0","347401-0","0-327","0-332"],
    "ai":[],
    "cellChangeFrom":[],
    "cellChangeTo":[],
    "container":["283280-0","283281-0","283282-0","283283-0","283284-0","283285-0","331682-0","331684-0","358130-0","358131-0","358132-0","358133-0","358134-0","456599-0","456697-0","456701-0","480881-0","480882-0","341005-0","347401-0","0-329","0-330","0-331","0-328","0-327","0-332"],
    "death":[],
    "delete":[],
    "doorState":[],
    "equipment":[],
    "lock":[],
    "place":[],
    "position":["341005-0","347401-0","0-328","0-329","0-330","0-331","0-327","0-332"],
    "scale":[],
    "spawn":["0-329","0-330","0-331","0-328","0-327","0-332"],
    "state":[],
    "statsDynamic":["341005-0","347401-0","0-328","0-329","0-330","0-331","0-327","0-332"],
    "trap":[],
    "spellsActive":[],
    "miscellaneous":[],
    "clientScriptLocal":[]
  },
  "entry":{
    "creationTime":1696157236,
    "description":"7, -9"
  },
  "lastVisit":{
    "ZIR":1697454642
  },
  "recordLinks":[],
  "objectData":{
    "456599-0":{
      "refId":"kollop_03_pearl",
      "inventory":[]
    },
    "358134-0":{
      "refId":"flora_marshmerrow_01",
      "inventory":[{
          "refId":"ingred_marshmerrow_01",
          "count":1,
          "charge":-1,
          "enchantmentCharge":-1,
          "soul":""
        }]
    },
    "331684-0":{
      "refId":"flora_gold_kanet_01_uni",
      "inventory":[{
          "refId":"ingred_gold_kanet_unique",
          "count":3,
          "charge":-1,
          "enchantmentCharge":-1,
          "soul":""
        }]
    },
    "283282-0":{
      "refId":"flora_gold_kanet_01",
      "inventory":[{
          "refId":"ingred_gold_kanet_01",
          "count":1,
          "charge":-1,
          "enchantmentCharge":-1,
          "soul":""
        }]
    },
    "341005-0":{
      "refId":"slaughterfish",
      "location":{
        "posX":60168.78125,
        "posZ":-274.53479003906,
        "posY":-69795.015625,
        "rotX":0.00045380555093288,
        "rotY":0,
        "rotZ":-2.0558869838715
      },
      "stats":{
        "healthCurrent":23,
        "magickaCurrent":10,
        "healthModified":23,
        "fatigueBase":400,
        "fatigueModified":400,
        "healthBase":23,
        "magickaModified":10,
        "magickaBase":10,
        "fatigueCurrent":400
      },
      "inventory":[]
    },
    "358133-0":{
      "refId":"flora_marshmerrow_02",
      "inventory":[{
          "refId":"ingred_marshmerrow_01",
          "count":1,
          "charge":-1,
          "enchantmentCharge":-1,
          "soul":""
        }]
    },
    "283283-0":{
      "refId":"flora_gold_kanet_01",
      "inventory":[{
          "refId":"ingred_gold_kanet_01",
          "count":1,
          "charge":-1,
          "enchantmentCharge":-1,
          "soul":""
        }]
    },
    "358132-0":{
      "refId":"flora_marshmerrow_01",
      "inventory":[{
          "refId":"ingred_marshmerrow_01",
          "count":1,
          "charge":-1,
          "enchantmentCharge":-1,
          "soul":""
        }]
    },
    "480882-0":{
      "refId":"flora_gold_kanet_02_uni",
      "inventory":[{
          "refId":"ingred_gold_kanet_unique",
          "count":1,
          "charge":-1,
          "enchantmentCharge":-1,
          "soul":""
        }]
    },
    "0-331":{
      "refId":"mudcrab",
      "location":{
        "posX":63228.3046875,
        "posZ":126.29581451416,
        "posY":-66108.8046875,
        "rotX":-0.043734684586525,
        "rotY":0,
        "rotZ":1.4952847957611
      },
      "stats":{
        "healthCurrent":15,
        "magickaCurrent":5,
        "healthModified":15,
        "fatigueBase":400,
        "fatigueModified":400,
        "healthBase":15,
        "magickaModified":5,
        "magickaBase":5,
        "fatigueCurrent":400
      },
      "inventory":[{
          "refId":"ingred_crab_meat_01",
          "count":1,
          "charge":-1,
          "enchantmentCharge":-1,
          "soul":""
        }]
    },
    "0-332":{
      "refId":"slaughterfish_small",
      "location":{
        "posX":65429.59375,
        "posZ":-238.73672485352,
        "posY":-70132.8671875,
        "rotX":4.6193599700928e-06,
        "rotY":0,
        "rotZ":-1.3877422809601
      },
      "stats":{
        "healthCurrent":15,
        "magickaCurrent":10,
        "fatigueModified":300,
        "fatigueBase":300,
        "healthBase":15,
        "healthModified":15,
        "magickaModified":10,
        "magickaBase":10,
        "fatigueCurrent":299.96878051758
      },
      "inventory":[]
    },
    "283280-0":{
      "refId":"flora_gold_kanet_01",
      "inventory":[{
          "refId":"ingred_gold_kanet_01",
          "count":1,
          "charge":-1,
          "enchantmentCharge":-1,
          "soul":""
        }]
    },
    "0-329":{
      "refId":"mudcrab",
      "location":{
        "posX":64921.9453125,
        "posZ":43.692001342773,
        "posY":-66409.1953125,
        "rotX":0.074049770832062,
        "rotY":0,
        "rotZ":2.1665832996368
      },
      "stats":{
        "healthCurrent":15,
        "magickaCurrent":5,
        "healthModified":15,
        "fatigueBase":400,
        "fatigueModified":400,
        "healthBase":15,
        "magickaModified":5,
        "magickaBase":5,
        "fatigueCurrent":400
      },
      "inventory":[{
          "refId":"ingred_crab_meat_01",
          "count":2,
          "charge":-1,
          "enchantmentCharge":-1,
          "soul":""
        }]
    },
    "456697-0":{
      "refId":"kollop_03_pearl",
      "inventory":[{
          "refId":"ingred_pearl_01",
          "count":1,
          "charge":-1,
          "enchantmentCharge":-1,
          "soul":""
        }]
    },
    "331682-0":{
      "refId":"flora_gold_kanet_02_uni",
      "inventory":[{
          "refId":"ingred_gold_kanet_unique",
          "count":1,
          "charge":-1,
          "enchantmentCharge":-1,
          "soul":""
        }]
    },
    "456701-0":{
      "refId":"kollop_02_pearl",
      "inventory":[{
          "refId":"ingred_pearl_01",
          "count":1,
          "charge":-1,
          "enchantmentCharge":-1,
          "soul":""
        }]
    },
    "0-328":{
      "refId":"mudcrab",
      "location":{
        "posX":60414.07421875,
        "posZ":96.071426391602,
        "posY":-73537.21875,
        "rotX":0.27998644113541,
        "rotY":0,
        "rotZ":3.1061728000641
      },
      "stats":{
        "healthCurrent":15,
        "magickaCurrent":5,
        "healthModified":15,
        "fatigueBase":400,
        "fatigueModified":400,
        "healthBase":15,
        "magickaModified":5,
        "magickaBase":5,
        "fatigueCurrent":400
      },
      "inventory":[{
          "refId":"ingred_crab_meat_01",
          "count":2,
          "charge":-1,
          "enchantmentCharge":-1,
          "soul":""
        }]
    },
    "480881-0":{
      "refId":"flora_gold_kanet_02_uni",
      "inventory":[{
          "refId":"ingred_gold_kanet_unique",
          "count":1,
          "charge":-1,
          "enchantmentCharge":-1,
          "soul":""
        }]
    },
    "347401-0":{
      "refId":"slaughterfish",
      "location":{
        "posX":61963.26953125,
        "posZ":-134.06864929199,
        "posY":-68920.5390625,
        "rotX":0,
        "rotY":0,
        "rotZ":0.99644446372986
      },
      "stats":{
        "healthCurrent":23,
        "magickaCurrent":10,
        "healthModified":23,
        "fatigueBase":400,
        "fatigueModified":400,
        "healthBase":23,
        "magickaModified":10,
        "magickaBase":10,
        "fatigueCurrent":400
      },
      "inventory":[{
          "refId":"ingred_scales_01",
          "count":2,
          "charge":-1,
          "enchantmentCharge":-1,
          "soul":""
        }]
    },
    "283281-0":{
      "refId":"flora_gold_kanet_01",