{
  "packets":{
    "actorList":["0-2134","275009-0","275008-0","275005-0","341010-0","275004-0","275015-0","0-2133"],
    "ai":[],
    "cellChangeFrom":["275015-0"],
    "cellChangeTo":["275006-0"],
    "container":["323711-0","323715-0","323720-0","323721-0","323727-0","323747-0","457047-0","457055-0","457062-0","457069-0","275008-0","275009-0","275005-0","0-2134","341010-0","275004-0","275015-0","0-2133"],
    "death":[],
    "delete":[],
    "doorState":[],
    "equipment":["275009-0","275008-0"],
    "lock":[],
    "place":[],
    "position":["275005-0","275008-0","275009-0","0-2134","341010-0","275004-0","275015-0","0-2133"],
    "scale":[],
    "spawn":["0-2134","0-2133"],
    "state":[],
    "statsDynamic":["275005-0","275008-0","275009-0","0-2134","341010-0","275004-0","275015-0","0-2133"],
    "trap":[],
    "spellsActive":[],
    "miscellaneous":[],
    "clientScriptLocal":[]
  },
  "entry":{
    "creationTime":1697223327,
    "description":"7, -12"
  },
  "lastVisit":{
    "ZIR":1697454571
  },
  "recordLinks":[],
  "objectData":{
    "323711-0":{
      "refId":"flora_heather_01",
      "inventory":[{
          "refId":"ingred_heather_01",
          "count":1,
          "charge":-1,
          "enchantmentCharge":-1,
          "soul":""
        }]
    },
    "275009-0":{
      "refId":"hlaalu sharpshooter",
      "location":{
        "posX":58630.0625,
        "posZ":1144.5863037109,
        "posY":-92931.0703125,
        "rotX":0,
        "rotY":0,
        "rotZ":5.9831857681274
      },
      "stats":{
        "healthCurrent":193,
        "magickaCurrent":172,
        "healthModified":193,
        "fatigueBase":294,
        "fatigueModified":294,
        "healthBase":193,
        "magickaModified":172,
        "magickaBase":172,
        "fatigueCurrent":294
      },
      "equipment":{
        "0":{
          "refId":"bonemold_armun-an_helm",
          "count":1,
          "charge":-1,
          "enchantmentCharge":-1
        },
        "1":{
          "refId":"bonemold_armun-an_cuirass",
          "count":1,
          "charge":-1,
          "enchantmentCharge":-1
        },
        "2":{
          "refId":"bonemold_greaves",
          "count":1,
          "charge":-1,
          "enchantmentCharge":-1
        },
        "3":{
          "refId":"bonemold_armun-an_pauldron_l",
          "count":1,
          "charge":-1,
          "enchantmentCharge":-1
        },
        "4":{
          "refId":"bonemold_armun-an_pauldron_r",
          "count":1,
          "charge":-1,
          "enchantmentCharge":-1
        },
        "5":{
          "refId":"bonemold_bracer_left",
          "count":1,
          "charge":-1,
          "enchantmentCharge":-1
        },
        "6":{
          "refId":"bonemold_bracer_right",
          "count":1,
          "charge":-1,
          "enchantmentCharge":-1
        },
        "7":{
          "refId":"bonemold_boots",
          "count":1,
          "charge":-1,
          "enchantmentCharge":-1
        },
        "9":{
          "refId":"expensive_pants_01_e",
          "count":1,
          "charge":-1,
          "enchantmentCharge":-1
        },
        "16":{
          "refId":"steel longbow",
          "count":1,
          "charge":-1,
          "enchantmentCharge":-1
        },
        "17":{
          "refId":"bonemold_tshield_hlaaluguard",
          "count":1,
          "charge":-1,
          "enchantmentCharge":-1
        },
        "18":{
          "refId":"steel arrow",
          "count":20,
          "charge":-1,
          "enchantmentCharge":-1
        }
      },
      "inventory":[{
          "refId":"bonemold_bracer_right",
          "count":1,
          "charge":-1,
          "enchantmentCharge":-1,
          "soul":""
        },{
          "refId":"bonemold_bracer_left",
          "count":1,
          "charge":-1,
          "enchantmentCharge":-1,
          "soul":""
        },{
          "refId":"bonemold_tshield_hlaaluguard",
          "count":1,
          "charge":-1,
          "enchantmentCharge":-1,
          "soul":""
        },{
          "refId":"bonemold_boots",
          "count":1,
          "charge":-1,
          "enchantmentCharge":-1,
          "soul":""
        },{
          "refId":"bonemold_greaves",
          "count":1,
          "charge":-1,
          "enchantmentCharge":-1,
          "soul":""
        },{
          "refId":"bonemold_armun-an_pauldron_r",
          "count":1,
          "charge":-1,
          "enchantmentCharge":-1,
          "soul":""
        },{
          "refId":"bonemold_armun-an_pauldron_l",
          "count":1,
          "charge":-1,
          "enchantmentCharge":-1,
          "soul":""
        },{
          "refId":"bonemold_armun-an_cuirass",
          "count":1,
          "charge":-1,
          "enchantmentCharge":-1,
          "soul":""
        },{
          "refId":"bonemold_armun-an_helm",
          "count":1,
          "charge":-1,
          "enchantmentCharge":-1,
          "soul":""
        },{
          "refId":"expensive_pants_01_e",
          "count":1,
          "charge":-1,
          "enchantmentCharge":-1,
          "soul":""
        },{
          "refId":"steel arrow",
          "count":20,
          "charge":-1,
          "enchantmentCharge":-1,
          "soul":""
        },{
          "refId":"steel longbow",
          "count":1,
          "charge":-1,
          "enchantmentCharge":-1,
          "soul":""
        }]
    },
    "323747-0":{
      "refId":"urn_02_food",
      "inventory":[{
          "refId":"ingred_hackle-lo_leaf_01",
          "count":4,
          "charge":-1,
          "enchantmentCharge":-1,
          "soul":""
        }]
    },
    "341010-0":{
      "refId":"slaughterfish",
      "location":{
        "posX":65472.5625,
        "posZ":-227.87689208984,
        "posY":-90331.484375,
        "rotX":0,
        "rotY":0,
        "rotZ":0
      },
      "stats":{
        "healthCurrent":23,
        "magickaCurrent":10,
        "healthModified":23,
        "fatigueBase":400,
        "fatigueModified":400,
        "healthBase":23,
        "magickaModified":10,
        "magickaBase":10,
        "fatigueCurrent":400
      },
      "inventory":[]
    },
    "323720-0":{
      "refId":"urn_04_food",
      "inventory":[{
          "refId":"food_kwama_egg_01",
          "count":4,
          "charge":-1,
          "enchantmentCharge":-1,
          "soul":""
        }]
    },
    "0-2134":{
      "refId":"rat",
      "location":{
        "posX":59133.9140625,
        "posZ":962.87561035156,
        "posY":-97083,
        "rotX":0,
        "rotY":0,
        "rotZ":0
      },
      "stats":{
        "healthCurrent":23,
        "magickaCurrent":10,
        "healthModified":23,
        "fatigueBase":300,
        "fatigueModified":300,
        "healthBase":23,
        "magickaModified":10,
        "magickaBase":10,
        "fatigueCurrent":300
      },
      "inventory":[{
          "refId":"ingred_rat_meat_01",
          "count":1,
          "charge":-1,
          "enchantmentCharge":-1,
          "soul":""
        }]
    },
    "457055-0":{
      "refId":"kollop_03_pearl",
      "inventory":[{
          "refId":"ingred_pearl_01",
          "count":1,
          "charge":-1,
          "enchantmentCharge":-1,
          "soul":""
        }]
    },
    "275004-0":{
      "refId":"netch_betty_ranched",
      "location":{
        "posX":57617.84375,
        "posZ":1024.4759521484,
        "posY":-93171.0234375,
        "rotX":0,
        "rotY":0,
        "rotZ":2.0740282535553
      },
      "stats":{
        "healthCurrent":113,
        "magickaCurrent":75,
        "fatigueModified":400,
        "fatigueBase":400,
        "healthBase":113,
        "healthModified":113,
        "magickaModified":75,
        "magickaBase":75,
        "fatigueCurrent":400
      },
      "inventory":[]
    },
    "275006-0":{
      "cellChangeTo":"6, -12"
    },
    "457047-0":{
      "refId":"kollop_03_pearl",