{
  "packets":{
    "actorList":["0-1744","211306-0","211308-0","262179-0","480892-0","262178-0","211307-0","0-1746","0-1743"],
    "ai":[],
    "cellChangeFrom":[],
    "cellChangeTo":[],
    "container":["211306-0","211307-0","211308-0","262178-0","262179-0","480892-0","0-1744","0-1746","0-1743"],
    "death":["0-1746"],
    "delete":[],
    "doorState":[],
    "equipment":["211306-0","211308-0","262179-0","480892-0","262178-0","211307-0"],
    "lock":[],
    "place":[],
    "position":["211306-0","211307-0","211308-0","262178-0","262179-0","480892-0","0-1744","0-1746","0-1743"],
    "scale":[],
    "spawn":["0-1744","0-1746","0-1743"],
    "state":[],
    "statsDynamic":["211306-0","211307-0","211308-0","262178-0","262179-0","480892-0","0-1744","0-1746","0-1743"],
    "trap":[],
    "spellsActive":[],
    "miscellaneous":["262179-0","211308-0"],
    "clientScriptLocal":[]
  },
  "entry":{
    "creationTime":1697211657,
    "description":"7, 22"
  },
  "lastVisit":{
    "ZIR":1697452808,
    "Adamast":1697213094,
    "Violetta":1697360599
  },
  "recordLinks":[],
  "objectData":{
    "262179-0":{
      "refId":"haema farseer",
      "location":{
        "posX":62338.6171875,
        "posZ":82.5,
        "posY":184202.34375,
        "rotX":0,
        "rotY":0,
        "rotZ":1.5707963705063
      },
      "stats":{
        "healthCurrent":59,
        "magickaCurrent":86,
        "healthModified":59,
        "fatigueBase":185,
        "fatigueModified":185,
        "healthBase":59,
        "magickaModified":86,
        "magickaBase":86,
        "fatigueCurrent":185
      },
      "equipment":{
        "2":{
          "refId":"netch_leather_greaves",
          "count":1,
          "charge":-1,
          "enchantmentCharge":-1
        },
        "7":{
          "refId":"common_shoes_01",
          "count":1,
          "charge":-1,
          "enchantmentCharge":-1
        },
        "8":{
          "refId":"common_shirt_01",
          "count":1,
          "charge":-1,
          "enchantmentCharge":-1
        },
        "9":{
          "refId":"common_pants_01",
          "count":1,
          "charge":-1,
          "enchantmentCharge":-1
        },
        "15":{
          "refId":"common_belt_02",
          "count":1,
          "charge":-1,
          "enchantmentCharge":-1
        },
        "16":{
          "refId":"iron battle axe",
          "count":1,
          "charge":-1,
          "enchantmentCharge":-1
        }
      },
      "inventory":[{
          "refId":"netch_leather_greaves",
          "count":1,
          "charge":-1,
          "enchantmentCharge":-1,
          "soul":""
        },{
          "refId":"common_belt_02",
          "count":1,
          "charge":-1,
          "enchantmentCharge":-1,
          "soul":""
        },{
          "refId":"common_shirt_01",
          "count":1,
          "charge":-1,
          "enchantmentCharge":-1,
          "soul":""
        },{
          "refId":"common_shoes_01",
          "count":1,
          "charge":-1,
          "enchantmentCharge":-1,
          "soul":""
        },{
          "refId":"common_pants_01",
          "count":1,
          "charge":-1,
          "enchantmentCharge":-1,
          "soul":""
        },{
          "refId":"iron battle axe",
          "count":1,
          "charge":-1,
          "enchantmentCharge":-1,
          "soul":""
        }],
      "lastGoldRestockDay":44,
      "lastGoldRestockHour":11.117469787598,
      "goldPool":43
    },
    "0-1743":{
      "refId":"slaughterfish",
      "location":{
        "posX":60865.0078125,
        "posZ":-347.07067871094,
        "posY":187761.296875,
        "rotX":0.0024153729900718,
        "rotY":0,
        "rotZ":-2.6163318157196
      },
      "stats":{
        "healthCurrent":23,
        "magickaCurrent":10,
        "healthModified":23,
        "fatigueBase":400,
        "fatigueModified":400,
        "healthBase":23,
        "magickaModified":10,
        "magickaBase":10,
        "fatigueCurrent":400
      },
      "inventory":[{
          "refId":"ingred_scales_01",
          "count":2,
          "charge":-1,
          "enchantmentCharge":-1,
          "soul":""
        }]
    },
    "211307-0":{
      "refId":"itar the gentle",
      "location":{
        "posX":62679.27734375,
        "posZ":210.5,
        "posY":183932.109375,
        "rotX":0,
        "rotY":0,
        "rotZ":-0.45425629615784
      },
      "stats":{
        "healthCurrent":91,
        "magickaCurrent":74,
        "healthModified":91,
        "fatigueBase":205,
        "fatigueModified":205,
        "healthBase":91,
        "magickaModified":74,
        "magickaBase":74,
        "fatigueCurrent":205
      },
      "equipment":[null,null,null,null,null,null,{
          "refId":"common_shoes_05",
          "count":1,
          "charge":-1,
          "enchantmentCharge":-1
        },{
          "refId":"common_shirt_01",
          "count":1,
          "charge":-1,
          "enchantmentCharge":-1
        },{
          "refId":"common_pants_04_b",
          "count":1,
          "charge":-1,
          "enchantmentCharge":-1
        }],
      "inventory":[{
          "refId":"common_shirt_01",
          "count":1,
          "charge":-1,
          "enchantmentCharge":-1,
          "soul":""
        },{
          "refId":"common_shoes_05",
          "count":1,
          "charge":-1,
          "enchantmentCharge":-1,
          "soul":""
        },{
          "refId":"common_pants_04_b",
          "count":1,
          "charge":-1,
          "enchantmentCharge":-1,
          "soul":""
        },{
          "refId":"key_itar",
          "count":1,
          "charge":-1,
          "enchantmentCharge":-1,
          "soul":""
        }]
    },
    "0-1746":{
      "refId":"cliff racer",
      "location":{
        "posX":60794.296875,
        "posZ":213.669921875,
        "posY":183388.03125,
        "rotX":0.14342038333416,
        "rotY":0,
        "rotZ":1.7527935504913
      },
      "stats":{
        "healthCurrent":0,
        "magickaCurrent":20,
        "healthModified":45,
        "fatigueBase":400,
        "fatigueModified":400,
        "healthBase":45,
        "magickaModified":20,
        "magickaBase":20,
        "fatigueCurrent":400
      },
      "inventory":[],
      "killer":{
        "playerName":"ZIR"
      },
      "deathState":38
    },
    "211306-0":{
      "refId":"mette",
      "location":{
        "posX":59503.12109375,
        "posZ":366.27072143555,
        "posY":182200.453125,
        "rotX":-0.13801892101765,
        "rotY":0,
        "rotZ":1.9990184307098
      },
      "stats":{
        "healthCurrent":97,
        "magickaCurrent":78,
        "healthModified":97,
        "fatigueBase":212,
        "fatigueModified":212,
        "healthBase":97,
        "magickaModified":78,
        "magickaBase":78,
        "fatigueCurrent":212
      },
      "equipment":[null,null,null,null,null,null,{
          "refId":"common_shoes_04",
          "count":1,
          "charge":-1,
          "enchantmentCharge":-1
        },{
          "refId":"common_shirt_02",
          "count":1,
          "charge":-1,
          "enchantmentCharge":-1
        },{
          "refId":"common_pants_03_c",
          "count":1,
          "charge":-1,
          "enchantmentCharge":-1
        },{
          "refId":"common_skirt_04",
          "count":1,
          "charge":-1,
          "enchantmentCharge":-1
        }],
      "inventory":[{
          "refId":"common_skirt_04",
          "count":1,
          "charge":-1,
          "enchantmentCharge":-1,
          "soul":""
        },{
          "refId":"common_shirt_02",
          "count":1,
          "charge":-1,
          "enchantmentCharge":-1,
          "soul":""
        },{
          "refId":"common_shoes_04",
          "count":1,
          "charge":-1,
          "enchantmentCharge":-1,
          "soul":""
        },{
          "refId":"common_pants_03_c",
          "count":1,
          "charge":-1,