{
  "packets":{
    "actorList":["0-1786","0-1785","0-1784","0-1787","0-1783","406208-0","355124-0"],
    "ai":[],
    "cellChangeFrom":[],
    "cellChangeTo":[],
    "container":["283220-0","435776-0","435795-0","435811-0","435817-0","435819-0","435827-0","435833-0","435846-0","355124-0","406208-0","0-1786","0-1785","0-1784","0-1787","0-1783"],
    "death":[],
    "delete":[],
    "doorState":[],
    "equipment":[],
    "lock":[],
    "place":[],
    "position":["355124-0","406208-0","0-1783","0-1784","0-1785","0-1786","0-1787"],
    "scale":[],
    "spawn":["0-1786","0-1785","0-1784","0-1787","0-1783"],
    "state":[],
    "statsDynamic":["355124-0","406208-0","0-1783","0-1784","0-1785","0-1786","0-1787"],
    "trap":[],
    "spellsActive":[],
    "miscellaneous":[],
    "clientScriptLocal":[]
  },
  "entry":{
    "creationTime":1697211724,
    "description":"8, 20"
  },
  "lastVisit":{
    "ZIR":1697211754,
    "Adamast":1697212919,
    "Violetta":1697211757
  },
  "recordLinks":[],
  "objectData":{
    "0-1787":{
      "refId":"mudcrab-diseased",
      "location":{
        "posX":67610.625,
        "posZ":105.76022338867,
        "posY":169462.21875,
        "rotX":0,
        "rotY":0,
        "rotZ":-1.8999998569489
      },
      "stats":{
        "healthCurrent":15,
        "magickaCurrent":5,
        "healthModified":15,
        "fatigueBase":26,
        "fatigueModified":26,
        "healthBase":15,
        "magickaModified":5,
        "magickaBase":5,
        "fatigueCurrent":26
      },
      "inventory":[{
          "refId":"ingred_crab_meat_01",
          "count":2,
          "charge":-1,
          "enchantmentCharge":-1,
          "soul":""
        }]
    },
    "355124-0":{
      "refId":"slaughterfish",
      "location":{
        "posX":71830.9375,
        "posZ":-358.95336914063,
        "posY":164071.703125,
        "rotX":0,
        "rotY":0,
        "rotZ":2.8300483226776
      },
      "stats":{
        "healthCurrent":23,
        "magickaCurrent":10,
        "healthModified":23,
        "fatigueBase":400,
        "fatigueModified":400,
        "healthBase":23,
        "magickaModified":10,
        "magickaBase":10,
        "fatigueCurrent":400
      },
      "inventory":[]
    },
    "435776-0":{
      "refId":"kollop_03_pearl",
      "inventory":[]
    },
    "435795-0":{
      "refId":"kollop_03_pearl",
      "inventory":[]
    },
    "435833-0":{
      "refId":"kollop_02_pearl",
      "inventory":[{
          "refId":"ingred_pearl_01",
          "count":1,
          "charge":-1,
          "enchantmentCharge":-1,
          "soul":""
        }]
    },
    "0-1785":{
      "refId":"rat_diseased",
      "location":{
        "posX":66501.0625,
        "posZ":1130.2901611328,
        "posY":167683.4375,
        "rotX":0,
        "rotY":0,
        "rotZ":0
      },
      "stats":{
        "healthCurrent":23,
        "magickaCurrent":10,
        "healthModified":23,
        "fatigueBase":105,
        "fatigueModified":105,
        "healthBase":23,
        "magickaModified":10,
        "magickaBase":10,
        "fatigueCurrent":105
      },
      "inventory":[{
          "refId":"ingred_rat_meat_01",
          "count":2,
          "charge":-1,
          "enchantmentCharge":-1,
          "soul":""
        }]
    },
    "435817-0":{
      "refId":"kollop_03_pearl",
      "inventory":[{
          "refId":"ingred_pearl_01",
          "count":1,
          "charge":-1,
          "enchantmentCharge":-1,
          "soul":""
        }]
    },
    "0-1783":{
      "refId":"scrib",
      "location":{
        "posX":67903.0703125,
        "posZ":131.76480102539,
        "posY":164720.640625,
        "rotX":0,
        "rotY":0,
        "rotZ":2.7831852436066
      },
      "stats":{
        "healthCurrent":8,
        "magickaCurrent":12,
        "healthModified":8,
        "fatigueBase":300,
        "fatigueModified":300,
        "healthBase":8,
        "magickaModified":12,
        "magickaBase":12,
        "fatigueCurrent":300
      },
      "inventory":[{
          "refId":"ingred_scrib_jelly_01",
          "count":1,
          "charge":-1,
          "enchantmentCharge":-1,
          "soul":""
        }]
    },
    "435846-0":{
      "refId":"kollop_03_pearl",
      "inventory":[]
    },
    "0-1786":{
      "refId":"mudcrab",
      "location":{
        "posX":68753.6875,
        "posZ":110.07438659668,
        "posY":167022.609375,
        "rotX":0,
        "rotY":0,
        "rotZ":-1.3999998569489
      },
      "stats":{
        "healthCurrent":15,
        "magickaCurrent":5,
        "healthModified":15,
        "fatigueBase":400,
        "fatigueModified":400,
        "healthBase":15,
        "magickaModified":5,
        "magickaBase":5,
        "fatigueCurrent":400
      },
      "inventory":[]
    },
    "406208-0":{
      "refId":"mudcrab",
      "location":{
        "posX":72648.3046875,
        "posZ":159.3942565918,
        "posY":169978.484375,
        "rotX":0,
        "rotY":0,
        "rotZ":-2.8999998569489
      },
      "stats":{
        "healthCurrent":15,
        "magickaCurrent":5,
        "healthModified":15,
        "fatigueBase":400,
        "fatigueModified":400,
        "healthBase":15,
        "magickaModified":5,
        "magickaBase":5,
        "fatigueCurrent":400
      },
      "inventory":[{
          "refId":"ingred_crab_meat_01",
          "count":2,
          "charge":-1,
          "enchantmentCharge":-1,
          "soul":""
        }]
    },
    "283220-0":{
      "refId":"flora_kreshweed_01",
      "inventory":[]
    },
    "435819-0":{
      "refId":"kollop_02_pearl",
      "inventory":[{
          "refId":"ingred_pearl_01",
          "count":1,
          "charge":-1,
          "enchantmentCharge":-1,
          "soul":""
        }]
    },
    "0-1784":{
      "refId":"mudcrab",
      "location":{
        "posX":71786.4921875,
        "posZ":80.632911682129,
        "posY":170467.03125,
        "rotX":0,
        "rotY":0,
        "rotZ":1.1000001430511
      },
      "stats":{
        "healthCurrent":15,
        "magickaCurrent":5,
        "healthModified":15,
        "fatigueBase":400,
        "fatigueModified":400,
        "healthBase":15,
        "magickaModified":5,
        "magickaBase":5,
        "fatigueCurrent":400
      },
      "inventory":[{
          "refId":"ingred_crab_meat_01",
          "count":1,
          "charge":-1,
          "enchantmentCharge":-1,
          "soul":""
        }]
    },
    "435811-0":{
      "refId":"kollop_02_pearl",
      "inventory":[{
          "refId":"ingred_pearl_01",
          "count":1,
          "charge":-1,
          "enchantmentCharge":-1,
          "soul":""
        }]
    },
    "435827-0":{
      "refId":"kollop_02_pearl",
      "inventory":[]
    }
  },
  "loadState":{
    "hasFullContainerData":true,
    "hasFullActorList":true
  }
}