{
  "packets":{
    "actorList":["0-1774","0-1772","0-1776","0-1773","0-1775","0-1771","0-1753"],
    "ai":[],
    "cellChangeFrom":[],
    "cellChangeTo":[],
    "container":["435567-0","435579-0","435583-0","435586-0","435598-0","435606-0","435607-0","435613-0","435619-0","435624-0","435631-0","435634-0","435640-0","0-1774","0-1772","0-1776","0-1773","0-1775","0-1771","0-1753"],
    "death":[],
    "delete":[],
    "doorState":[],
    "equipment":[],
    "lock":[],
    "place":[],
    "position":["0-1772","0-1773","0-1774","0-1775","0-1776","0-1771","0-1753"],
    "scale":[],
    "spawn":["0-1774","0-1772","0-1776","0-1773","0-1775","0-1771","0-1753"],
    "state":[],
    "statsDynamic":["0-1772","0-1773","0-1774","0-1775","0-1776","0-1771","0-1753"],
    "trap":[],
    "spellsActive":[],
    "miscellaneous":[],
    "clientScriptLocal":[]
  },
  "entry":{
    "creationTime":1697211657,
    "description":"8, 23"
  },
  "lastVisit":{
    "ZIR":1697452808,
    "Adamast":1697213094,
    "Violetta":1697360373
  },
  "recordLinks":[],
  "objectData":{
    "435607-0":{
      "refId":"kollop_02_pearl",
      "inventory":[{
          "refId":"ingred_pearl_01",
          "count":1,
          "charge":-1,
          "enchantmentCharge":-1,
          "soul":""
        }]
    },
    "0-1753":{
      "refId":"slaughterfish",
      "location":{
        "posX":65965.4375,
        "posZ":-321.06149291992,
        "posY":194307.625,
        "rotX":0,
        "rotY":0,
        "rotZ":-2.8892138004303
      },
      "stats":{
        "healthCurrent":23,
        "magickaCurrent":10,
        "healthModified":23,
        "fatigueBase":400,
        "fatigueModified":400,
        "healthBase":23,
        "magickaModified":10,
        "magickaBase":10,
        "fatigueCurrent":400
      },
      "inventory":[]
    },
    "0-1771":{
      "refId":"slaughterfish",
      "location":{
        "posX":70343.4453125,
        "posZ":-176.6872253418,
        "posY":189660.40625,
        "rotX":0,
        "rotY":0,
        "rotZ":0.18438220024109
      },
      "stats":{
        "healthCurrent":23,
        "magickaCurrent":10,
        "healthModified":23,
        "fatigueBase":400,
        "fatigueModified":400,
        "healthBase":23,
        "magickaModified":10,
        "magickaBase":10,
        "fatigueCurrent":400
      },
      "inventory":[{
          "refId":"ingred_scales_01",
          "count":2,
          "charge":-1,
          "enchantmentCharge":-1,
          "soul":""
        }]
    },
    "435634-0":{
      "refId":"kollop_01_pearl",
      "inventory":[{
          "refId":"ingred_pearl_01",
          "count":1,
          "charge":-1,
          "enchantmentCharge":-1,
          "soul":""
        }]
    },
    "435624-0":{
      "refId":"kollop_03_pearl",
      "inventory":[]
    },
    "0-1775":{
      "refId":"slaughterfish_small",
      "location":{
        "posX":68031.5390625,
        "posZ":-601.95611572266,
        "posY":196411.515625,
        "rotX":0,
        "rotY":0,
        "rotZ":-0.4816210269928
      },
      "stats":{
        "healthCurrent":15,
        "magickaCurrent":10,
        "healthModified":15,
        "fatigueBase":300,
        "fatigueModified":300,
        "healthBase":15,
        "magickaModified":10,
        "magickaBase":10,
        "fatigueCurrent":300
      },
      "inventory":[]
    },
    "0-1772":{
      "refId":"slaughterfish",
      "location":{
        "posX":67291,
        "posZ":-254.35708618164,
        "posY":192505.234375,
        "rotX":0,
        "rotY":0,
        "rotZ":1.0405328273773
      },
      "stats":{
        "healthCurrent":23,
        "magickaCurrent":10,
        "healthModified":23,
        "fatigueBase":400,
        "fatigueModified":400,
        "healthBase":23,
        "magickaModified":10,
        "magickaBase":10,
        "fatigueCurrent":400
      },
      "inventory":[{
          "refId":"ingred_scales_01",
          "count":2,
          "charge":-1,
          "enchantmentCharge":-1,
          "soul":""
        }]
    },
    "435619-0":{
      "refId":"kollop_03_pearl",
      "inventory":[]
    },
    "435579-0":{
      "refId":"kollop_02_pearl",
      "inventory":[{
          "refId":"ingred_pearl_01",
          "count":1,
          "charge":-1,
          "enchantmentCharge":-1,
          "soul":""
        }]
    },
    "435586-0":{
      "refId":"kollop_01_pearl",
      "inventory":[{
          "refId":"ingred_pearl_01",
          "count":1,
          "charge":-1,
          "enchantmentCharge":-1,
          "soul":""
        }]
    },
    "435640-0":{
      "refId":"kollop_03_pearl",
      "inventory":[]
    },
    "0-1773":{
      "refId":"slaughterfish",
      "location":{
        "posX":70131.515625,
        "posZ":-308.5947265625,
        "posY":192155.890625,
        "rotX":-0.0019037211313844,
        "rotY":0,
        "rotZ":1.1612555980682
      },
      "stats":{
        "healthCurrent":23,
        "magickaCurrent":10,
        "healthModified":23,
        "fatigueBase":400,
        "fatigueModified":400,
        "healthBase":23,
        "magickaModified":10,
        "magickaBase":10,
        "fatigueCurrent":400
      },
      "inventory":[]
    },
    "435598-0":{
      "refId":"kollop_01_pearl",
      "inventory":[]
    },
    "435606-0":{
      "refId":"kollop_03_pearl",
      "inventory":[]
    },
    "435631-0":{
      "refId":"kollop_02_pearl",
      "inventory":[]
    },
    "0-1774":{
      "refId":"dreugh",
      "location":{
        "posX":71504.703125,
        "posZ":-644.56335449219,
        "posY":196418.75,
        "rotX":-0.0001636054366827,
        "rotY":0,
        "rotZ":0.052192211151123
      },
      "stats":{
        "healthCurrent":60,
        "magickaCurrent":75,
        "healthModified":60,
        "fatigueBase":400,
        "fatigueModified":400,
        "healthBase":60,
        "magickaModified":75,
        "magickaBase":75,
        "fatigueCurrent":400
      },
      "inventory":[]
    },
    "435613-0":{
      "refId":"kollop_02_pearl",
      "inventory":[]
    },
    "435567-0":{
      "refId":"kollop_03_pearl",
      "inventory":[]
    },
    "0-1776":{
      "refId":"dreugh",
      "location":{
        "posX":73534.9453125,
        "posZ":-609.15447998047,
        "posY":194545.015625,
        "rotX":0,
        "rotY":0,
        "rotZ":1.9512341022491
      },
      "stats":{
        "healthCurrent":60,
        "magickaCurrent":75,
        "healthModified":60,
        "fatigueBase":400,
        "fatigueModified":400,
        "healthBase":60,
        "magickaModified":75,
        "magickaBase":75,
        "fatigueCurrent":400
      },
      "inventory":[]
    },
    "435583-0":{
      "refId":"kollop_03_pearl",
      "inventory":[]
    }
  },
  "loadState":{
    "hasFullContainerData":true,
    "hasFullActorList":true
  }
}