{
  "packets":{
    "actorList":["0-304","0-303","0-302","347360-0","406289-0","406290-0"],
    "ai":[],
    "cellChangeFrom":["406289-0","406290-0"],
    "cellChangeTo":[],
    "container":["455795-0","455805-0","455812-0","347360-0","0-304","0-303","0-302","406289-0","406290-0"],
    "death":["0-303","347360-0","0-304","406290-0","406289-0"],
    "delete":[],
    "doorState":[],
    "equipment":["406289-0","406290-0"],
    "lock":[],
    "place":[],
    "position":["347360-0","0-302","0-303","0-304","406289-0","406290-0"],
    "scale":[],
    "spawn":["0-304","0-303","0-302"],
    "state":[],
    "statsDynamic":["347360-0","0-302","0-303","0-304","406289-0","406290-0"],
    "trap":[],
    "spellsActive":[],
    "miscellaneous":[],
    "clientScriptLocal":[]
  },
  "entry":{
    "creationTime":1696156741,
    "description":"9, -8"
  },
  "lastVisit":{
    "Violetta":1696157429,
    "ZIR":1696157426
  },
  "recordLinks":[],
  "objectData":{
    "406289-0":{
      "refId":"skeleton entrance",
      "location":{
        "posX":74235.3125,
        "posZ":1599.2373046875,
        "posY":-62412.296875,
        "rotX":-0.097432509064674,
        "rotY":0,
        "rotZ":3.0425093173981
      },
      "stats":{
        "healthCurrent":0,
        "magickaCurrent":30,
        "healthModified":38,
        "fatigueBase":1000,
        "fatigueModified":1000,
        "healthBase":38,
        "magickaModified":30,
        "magickaBase":30,
        "fatigueCurrent":971.60400390625
      },
      "cellChangeFrom":"8, -8",
      "equipment":[],
      "inventory":[],
      "deathState":40,
      "spellsActive":[],
      "killer":{
        "playerName":"Violetta"
      }
    },
    "0-303":{
      "refId":"mudcrab",
      "location":{
        "posX":78787.203125,
        "posZ":256.99060058594,
        "posY":-58450.01171875,
        "rotX":-0.36823523044586,
        "rotY":0,
        "rotZ":-0.13615107536316
      },
      "stats":{
        "healthCurrent":0,
        "magickaCurrent":5,
        "healthModified":15,
        "fatigueBase":400,
        "fatigueModified":400,
        "healthBase":15,
        "magickaModified":5,
        "magickaBase":5,
        "fatigueCurrent":400
      },
      "inventory":[],
      "killer":{
        "playerName":"Violetta"
      },
      "deathState":39
    },
    "455795-0":{
      "refId":"kollop_03_pearl",
      "inventory":[{
          "refId":"ingred_pearl_01",
          "count":1,
          "charge":-1,
          "enchantmentCharge":-1,
          "soul":""
        }]
    },
    "0-302":{
      "refId":"slaughterfish_small",
      "location":{
        "posX":79923.6015625,
        "posZ":-210.3177947998,
        "posY":-61961.4453125,
        "rotX":-0.0086536146700382,
        "rotY":0,
        "rotZ":-2.3462188243866
      },
      "stats":{
        "healthCurrent":15,
        "magickaCurrent":10,
        "healthModified":15,
        "fatigueBase":300,
        "fatigueModified":300,
        "healthBase":15,
        "magickaModified":10,
        "magickaBase":10,
        "fatigueCurrent":300
      },
      "inventory":[]
    },
    "406290-0":{
      "refId":"skeleton entrance",
      "location":{
        "posX":74469.765625,
        "posZ":1622.7260742188,
        "posY":-62295.33984375,
        "rotX":-0.0082639157772064,
        "rotY":0,
        "rotZ":3.1322429180145
      },
      "stats":{
        "healthCurrent":0,
        "magickaCurrent":30,
        "healthModified":38,
        "fatigueBase":1000,
        "fatigueModified":1000,
        "healthBase":38,
        "magickaModified":30,
        "magickaBase":30,
        "fatigueCurrent":977.47674560547
      },
      "cellChangeFrom":"8, -8",
      "equipment":[],
      "inventory":[],
      "deathState":39,
      "spellsActive":[],
      "killer":{
        "playerName":"Violetta"
      }
    },
    "0-304":{
      "refId":"mudcrab",
      "location":{
        "posX":77255.3046875,
        "posZ":188.62022399902,
        "posY":-61796.08984375,
        "rotX":0.055593863129616,
        "rotY":0,
        "rotZ":-1.6089155673981
      },
      "stats":{
        "healthCurrent":0,
        "magickaCurrent":5,
        "healthModified":15,
        "fatigueBase":400,
        "fatigueModified":400,
        "healthBase":15,
        "magickaModified":5,
        "magickaBase":5,
        "fatigueCurrent":396.28771972656
      },
      "inventory":[],
      "killer":{
        "playerName":"ZIR"
      },
      "deathState":38
    },
    "455805-0":{
      "refId":"kollop_03_pearl",
      "inventory":[]
    },
    "455812-0":{
      "refId":"kollop_02_pearl",
      "inventory":[]
    },
    "347360-0":{
      "refId":"mudcrab-diseased",
      "location":{
        "posX":76892.109375,
        "posZ":685.57037353516,
        "posY":-59900.11328125,
        "rotX":0.2723616361618,
        "rotY":0,
        "rotZ":0.87740349769592
      },
      "stats":{
        "healthCurrent":0,
        "magickaCurrent":5,
        "healthModified":15,
        "fatigueBase":55,
        "fatigueModified":55,
        "healthBase":15,
        "magickaModified":5,
        "magickaBase":5,
        "fatigueCurrent":49.041442871094
      },
      "inventory":[],
      "killer":{
        "playerName":"ZIR"
      },
      "deathState":39
    }
  },
  "loadState":{
    "hasFullContainerData":true,
    "hasFullActorList":true
  }
}