{
  "packets":{
    "actorList":["0-3322","0-3321","0-3325","0-3320","0-3324"],
    "ai":[],
    "cellChangeFrom":[],
    "cellChangeTo":[],
    "container":["291927-0","291928-0","291929-0","291930-0","291931-0","291937-0","291938-0","291939-0","291940-0","291941-0","291942-0","291943-0","291948-0","291953-0","291954-0","291955-0","291956-0","291957-0","291958-0","291959-0","291960-0","291961-0","291962-0","291963-0","291964-0","291965-0","291966-0","291967-0","291979-0","291980-0","291981-0","291982-0","291983-0","291984-0","291986-0","291987-0","291988-0","291989-0","291991-0","435320-0","435323-0","435324-0","435342-0","435346-0","435351-0","435353-0","435374-0","435387-0","435394-0","435396-0","0-3322","0-3321","0-3325","0-3320","0-3324"],
    "death":[],
    "delete":[],
    "doorState":[],
    "equipment":[],
    "lock":[],
    "place":[],
    "position":["0-3320","0-3321","0-3322","0-3325","0-3324"],
    "scale":[],
    "spawn":["0-3322","0-3321","0-3325","0-3320","0-3324"],
    "state":[],
    "statsDynamic":["0-3320","0-3321","0-3322","0-3325","0-3324"],
    "trap":[],
    "spellsActive":[],
    "miscellaneous":[],
    "clientScriptLocal":[]
  },
  "entry":{
    "creationTime":1697453132,
    "description":"9, 17"
  },
  "lastVisit":{
    "ZIR":1697453789
  },
  "recordLinks":[],
  "objectData":{
    "291943-0":{
      "refId":"flora_marshmerrow_01",
      "inventory":[]
    },
    "291959-0":{
      "refId":"flora_marshmerrow_02",
      "inventory":[{
          "refId":"ingred_marshmerrow_01",
          "count":1,
          "charge":-1,
          "enchantmentCharge":-1,
          "soul":""
        }]
    },
    "435320-0":{
      "refId":"kollop_03_pearl",
      "inventory":[]
    },
    "291979-0":{
      "refId":"flora_saltrice_02",
      "inventory":[{
          "refId":"ingred_saltrice_01",
          "count":1,
          "charge":-1,
          "enchantmentCharge":-1,
          "soul":""
        }]
    },
    "0-3324":{
      "refId":"netch_betty",
      "location":{
        "posX":81059.84375,
        "posZ":197.5478515625,
        "posY":144458.78125,
        "rotX":0,
        "rotY":0,
        "rotZ":1.734313249588
      },
      "stats":{
        "healthCurrent":113,
        "magickaCurrent":75,
        "healthModified":113,
        "fatigueBase":500,
        "magickaModified":75,
        "fatigueModified":500,
        "healthBase":113,
        "magickaBase":75,
        "fatigueCurrent":500
      },
      "inventory":[]
    },
    "291939-0":{
      "refId":"flora_marshmerrow_03",
      "inventory":[{
          "refId":"ingred_marshmerrow_01",
          "count":1,
          "charge":-1,
          "enchantmentCharge":-1,
          "soul":""
        }]
    },
    "435394-0":{
      "refId":"kollop_03_pearl",
      "inventory":[]
    },
    "291955-0":{
      "refId":"flora_marshmerrow_01",
      "inventory":[{
          "refId":"ingred_marshmerrow_01",
          "count":1,
          "charge":-1,
          "enchantmentCharge":-1,
          "soul":""
        }]
    },
    "435396-0":{
      "refId":"kollop_02_pearl",
      "inventory":[{
          "refId":"ingred_pearl_01",
          "count":1,
          "charge":-1,
          "enchantmentCharge":-1,
          "soul":""
        }]
    },
    "291982-0":{
      "refId":"flora_saltrice_01",
      "inventory":[]
    },
    "435374-0":{
      "refId":"kollop_03_pearl",
      "inventory":[]
    },
    "291931-0":{
      "refId":"flora_kreshweed_03",
      "inventory":[{
          "refId":"ingred_kresh_fiber_01",
          "count":1,
          "charge":-1,
          "enchantmentCharge":-1,
          "soul":""
        }]
    },
    "291960-0":{
      "refId":"flora_marshmerrow_03",
      "inventory":[{
          "refId":"ingred_marshmerrow_01",
          "count":1,
          "charge":-1,
          "enchantmentCharge":-1,
          "soul":""
        }]
    },
    "291937-0":{
      "refId":"flora_marshmerrow_01",
      "inventory":[{
          "refId":"ingred_marshmerrow_01",
          "count":1,
          "charge":-1,
          "enchantmentCharge":-1,
          "soul":""
        }]
    },
    "435346-0":{
      "refId":"kollop_02_pearl",
      "inventory":[]
    },
    "291967-0":{
      "refId":"flora_saltrice_02",
      "inventory":[{
          "refId":"ingred_saltrice_01",
          "count":1,
          "charge":-1,
          "enchantmentCharge":-1,
          "soul":""
        }]
    },
    "291962-0":{
      "refId":"flora_saltrice_01",
      "inventory":[{
          "refId":"ingred_saltrice_01",
          "count":1,
          "charge":-1,
          "enchantmentCharge":-1,
          "soul":""
        }]
    },
    "291929-0":{
      "refId":"flora_muckspunge_01",
      "inventory":[]
    },
    "291927-0":{
      "refId":"flora_kreshweed_01",
      "inventory":[{
          "refId":"ingred_kresh_fiber_01",
          "count":1,
          "charge":-1,
          "enchantmentCharge":-1,
          "soul":""
        }]
    },
    "291941-0":{
      "refId":"flora_marshmerrow_02",
      "inventory":[{
          "refId":"ingred_marshmerrow_01",
          "count":1,
          "charge":-1,
          "enchantmentCharge":-1,
          "soul":""
        }]
    },
    "0-3325":{
      "refId":"mudcrab",
      "location":{
        "posX":78951.1484375,
        "posZ":89.742309570313,
        "posY":144930.046875,
        "rotX":0,
        "rotY":0,
        "rotZ":0.70000004768372
      },
      "stats":{
        "healthCurrent":15,
        "magickaCurrent":5,
        "healthModified":15,
        "fatigueBase":400,
        "fatigueModified":400,
        "healthBase":15,
        "magickaModified":5,
        "magickaBase":5,
        "fatigueCurrent":400
      },
      "inventory":[{
          "refId":"ingred_crab_meat_01",
          "count":2,
          "charge":-1,
          "enchantmentCharge":-1,
          "soul":""
        }]
    },
    "435353-0":{
      "refId":"kollop_03_pearl",
      "inventory":[]
    },
    "291984-0":{
      "refId":"flora_saltrice_01",
      "inventory":[]
    },
    "435342-0":{
      "refId":"kollop_03_pearl",
      "inventory":[]
    },
    "291953-0":{
      "refId":"flora_marshmerrow_02",
      "inventory":[]
    },
    "291938-0":{
      "refId":"flora_saltrice_02",
      "inventory":[{
          "refId":"ingred_saltrice_01",
          "count":1,
          "charge":-1,
          "enchantmentCharge":-1,
          "soul":""
        }]
    },
    "291958-0":{
      "refId":"flora_marshmerrow_01",
      "inventory":[{
          "refId":"ingred_marshmerrow_01",
          "count":1,
          "charge":-1,
          "enchantmentCharge":-1,
          "soul":""
        }]
    },
    "291966-0":{
      "refId":"flora_marshmerrow_03",
      "inventory":[{
          "refId":"ingred_marshmerrow_01",
          "count":1,
          "charge":-1,
          "enchantmentCharge":-1,
          "soul":""
        }]
    },
    "291940-0":{
      "refId":"flora_marshmerrow_03",
      "inventory":[{
          "refId":"ingred_marshmerrow_01",
          "count":1,
          "charge":-1,
          "enchantmentCharge":-1,
          "soul":""
        }]
    },
    "291991-0":{
      "refId":"flora_marshmerrow_01",
      "inventory":[{
          "refId":"ingred_marshmerrow_01",
          "count":1,
          "charge":-1,
          "enchantmentCharge":-1,
          "soul":""
        }]
    },
    "291954-0":{
      "refId":"flora_marshmerrow_03",
      "inventory":[]
    },
    "435323-0":{
      "refId":"kollop_01_pearl",
      "inventory":[{
          "refId":"ingred_pearl_01",
          "count":1,
          "charge":-1,
          "enchantmentCharge":-1,
          "soul":""
        }]
    },
    "291989-0":{
      "refId":"flora_marshmerrow_02",
      "inventory":[{
          "refId":"ingred_marshmerrow_01",
          "count":1,
          "charge":-1,
          "enchantmentCharge":-1,
          "soul":""
        }]
    },
    "291964-0":{
      "refId":"flora_marshmerrow_03",