{
  "packets":{
    "actorList":["0-3298","0-3300","0-3302","0-3297","0-3301","0-3299","147026-0","0-3295","0-3296"],
    "ai":[],
    "cellChangeFrom":[],
    "cellChangeTo":[],
    "container":["106844-0","106845-0","106846-0","106847-0","106849-0","106850-0","292022-0","292023-0","292024-0","292025-0","292026-0","292027-0","292028-0","292029-0","292030-0","435399-0","435406-0","435408-0","435412-0","435414-0","435418-0","147026-0","0-3298","0-3300","0-3302","0-3297","0-3301","0-3295","0-3299","0-3296"],
    "death":[],
    "delete":[],
    "doorState":[],
    "equipment":["147026-0","0-3299"],
    "lock":[],
    "place":[],
    "position":["147026-0","0-3297","0-3298","0-3299","0-3300","0-3301","0-3302","0-3295","0-3296"],
    "scale":[],
    "spawn":["0-3298","0-3300","0-3302","0-3297","0-3301","0-3299","0-3296","0-3295"],
    "state":[],
    "statsDynamic":["147026-0","0-3297","0-3298","0-3299","0-3300","0-3301","0-3302","0-3295","0-3296"],
    "trap":[],
    "spellsActive":[],
    "miscellaneous":[],
    "clientScriptLocal":[]
  },
  "entry":{
    "creationTime":1697452953,
    "description":"9, 16"
  },
  "lastVisit":{
    "ZIR":1697453789
  },
  "recordLinks":[],
  "objectData":{
    "0-3298":{
      "refId":"mudcrab-diseased",
      "location":{
        "posX":75337.8046875,
        "posZ":25.359027862549,
        "posY":138534.796875,
        "rotX":-0.030985334888101,
        "rotY":0,
        "rotZ":0.16318082809448
      },
      "stats":{
        "healthCurrent":15,
        "magickaCurrent":5,
        "healthModified":15,
        "fatigueBase":25,
        "fatigueModified":25,
        "healthBase":15,
        "magickaModified":5,
        "magickaBase":5,
        "fatigueCurrent":25
      },
      "inventory":[]
    },
    "106845-0":{
      "refId":"flora_marshmerrow_03",
      "inventory":[]
    },
    "0-3296":{
      "refId":"netch_bull",
      "location":{
        "posX":81135.9765625,
        "posZ":139.70094299316,
        "posY":136505.671875,
        "rotX":-0.018292443826795,
        "rotY":0,
        "rotZ":-1.168910741806
      },
      "stats":{
        "healthCurrent":45,
        "magickaCurrent":100,
        "healthModified":45,
        "fatigueBase":400,
        "magickaModified":100,
        "fatigueModified":400,
        "healthBase":45,
        "magickaBase":100,
        "fatigueCurrent":400
      },
      "inventory":[{
          "refId":"ingred_netch_leather_01",
          "count":2,
          "charge":-1,
          "enchantmentCharge":-1,
          "soul":""
        }]
    },
    "435406-0":{
      "refId":"kollop_03_pearl",
      "inventory":[]
    },
    "435412-0":{
      "refId":"kollop_02_pearl",
      "inventory":[{
          "refId":"ingred_pearl_01",
          "count":1,
          "charge":-1,
          "enchantmentCharge":-1,
          "soul":""
        }]
    },
    "106846-0":{
      "refId":"flora_marshmerrow_03",
      "inventory":[{
          "refId":"ingred_marshmerrow_01",
          "count":1,
          "charge":-1,
          "enchantmentCharge":-1,
          "soul":""
        }]
    },
    "106847-0":{
      "refId":"flora_saltrice_01",
      "inventory":[{
          "refId":"ingred_saltrice_01",
          "count":1,
          "charge":-1,
          "enchantmentCharge":-1,
          "soul":""
        }]
    },
    "0-3300":{
      "refId":"hunger",
      "location":{
        "posX":77952.1015625,
        "posZ":234.87408447266,
        "posY":131839.4375,
        "rotX":0.37999099493027,
        "rotY":0,
        "rotZ":0.68456888198853
      },
      "stats":{
        "healthCurrent":170,
        "magickaCurrent":250,
        "healthModified":170,
        "fatigueBase":400,
        "fatigueModified":400,
        "healthBase":170,
        "magickaModified":250,
        "magickaBase":250,
        "fatigueCurrent":400
      },
      "inventory":[{
          "refId":"ingred_daedras_heart_01",
          "count":1,
          "charge":-1,
          "enchantmentCharge":-1,
          "soul":""
        }]
    },
    "435418-0":{
      "refId":"kollop_03_pearl",
      "inventory":[]
    },
    "292025-0":{
      "refId":"flora_wickwheat_04",
      "inventory":[]
    },
    "147026-0":{
      "refId":"ranmir the seal",
      "location":{
        "posX":78813.859375,
        "posZ":471.95629882813,
        "posY":134719.65625,
        "rotX":-0.0088366232812405,
        "rotY":0,
        "rotZ":-2.1220576763153
      },
      "stats":{
        "healthCurrent":135,
        "magickaCurrent":78,
        "healthModified":135,
        "fatigueBase":263,
        "fatigueModified":263,
        "healthBase":135,
        "magickaModified":78,
        "magickaBase":78,
        "fatigueCurrent":263
      },
      "equipment":{
        "1":{
          "refId":"bonemold_cuirass",
          "count":1,
          "charge":-1,
          "enchantmentCharge":-1
        },
        "2":{
          "refId":"bonemold_greaves",
          "count":1,
          "charge":-1,
          "enchantmentCharge":-1
        },
        "3":{
          "refId":"bonemold_pauldron_l",
          "count":1,
          "charge":-1,
          "enchantmentCharge":-1
        },
        "4":{
          "refId":"bonemold_pauldron_r",
          "count":1,
          "charge":-1,
          "enchantmentCharge":-1
        },
        "7":{
          "refId":"bonemold_boots",
          "count":1,
          "charge":-1,
          "enchantmentCharge":-1
        },
        "16":{
          "refId":"iron warhammer",
          "count":1,
          "charge":-1,
          "enchantmentCharge":-1
        }
      },
      "inventory":[{
          "refId":"bonemold_boots",
          "count":1,
          "charge":-1,
          "enchantmentCharge":-1,
          "soul":""
        },{
          "refId":"bonemold_greaves",
          "count":1,
          "charge":-1,
          "enchantmentCharge":-1,
          "soul":""
        },{
          "refId":"bonemold_pauldron_r",
          "count":1,
          "charge":-1,
          "enchantmentCharge":-1,
          "soul":""
        },{
          "refId":"bonemold_pauldron_l",
          "count":1,
          "charge":-1,
          "enchantmentCharge":-1,
          "soul":""
        },{
          "refId":"bonemold_cuirass",
          "count":1,
          "charge":-1,
          "enchantmentCharge":-1,
          "soul":""
        },{
          "refId":"iron warhammer",
          "count":1,
          "charge":-1,
          "enchantmentCharge":-1,
          "soul":""
        }]
    },
    "106844-0":{
      "refId":"flora_marshmerrow_02",
      "inventory":[{
          "refId":"ingred_marshmerrow_01",
          "count":1,
          "charge":-1,
          "enchantmentCharge":-1,
          "soul":""
        }]
    },
    "292026-0":{
      "refId":"flora_wickwheat_03",
      "inventory":[{
          "refId":"ingred_wickwheat_01",
          "count":1,
          "charge":-1,
          "enchantmentCharge":-1,
          "soul":""
        }]
    },
    "435399-0":{
      "refId":"kollop_01_pearl",
      "inventory":[{
          "refId":"ingred_pearl_01",
          "count":1,
          "charge":-1,
          "enchantmentCharge":-1,
          "soul":""
        }]
    },
    "292024-0":{
      "refId":"flora_wickwheat_04",
      "inventory":[]
    },
    "292030-0":{
      "refId":"flora_wickwheat_01",
      "inventory":[{
          "refId":"ingred_wickwheat_01",
          "count":1,
          "charge":-1,
          "enchantmentCharge":-1,
          "soul":""
        }]
    },
    "0-3302":{
      "refId":"atronach_flame",
      "location":{
        "posX":80150.296875,
        "posZ":283.02642822266,
        "posY":134496.015625,
        "rotX":0.011144283227623,
        "rotY":0,
        "rotZ":0.40178751945496
      },
      "stats":{
        "healthCurrent":75,
        "magickaCurrent":105,
        "healthModified":75,
        "fatigueBase":600,
        "fatigueModified":600,
        "healthBase":75,
        "magickaModified":105,