{
  "packets":{
    "actorList":["0-40","365485-0","365484-0","282955-0","365483-0","282953-0","282952-0"],
    "ai":[],
    "cellChangeFrom":[],
    "cellChangeTo":[],
    "container":["282960-0","356210-0","356212-0","365588-0","365589-0","365590-0","365591-0","365592-0","365600-0","365611-0","365612-0","365613-0","367709-0","376805-0","376806-0","376807-0","376808-0","89904-0","282957-0","481164-0","282952-0","282955-0","282953-0","365483-0","365484-0","365485-0","0-40"],
    "death":["282955-0"],
    "delete":[],
    "doorState":["89886-0"],
    "equipment":["365485-0","365484-0","282952-0","365483-0","282953-0","282955-0"],
    "lock":[],
    "place":[],
    "position":["282952-0","282953-0","282955-0","365483-0","365484-0","365485-0","0-40"],
    "scale":[],
    "spawn":["0-40"],
    "state":[],
    "statsDynamic":["282952-0","282953-0","282955-0","365483-0","365484-0","365485-0","0-40"],
    "trap":[],
    "spellsActive":[],
    "miscellaneous":[],
    "clientScriptLocal":[]
  },
  "entry":{
    "creationTime":1696869771,
    "description":"Addamasartus"
  },
  "lastVisit":{
    "ZIR":1696869902
  },
  "recordLinks":[],
  "objectData":{
    "89886-0":{
      "refId":"door_cavern_doors00",
      "doorState":2
    },
    "365590-0":{
      "refId":"flora_bc_mushroom_08",
      "inventory":[{
          "refId":"ingred_coprinus_01",
          "count":2,
          "charge":-1,
          "enchantmentCharge":-1,
          "soul":""
        }]
    },
    "376805-0":{
      "refId":"crate_02_de_fclothes",
      "inventory":[{
          "refId":"common_shoes_02",
          "count":2,
          "charge":-1,
          "enchantmentCharge":-1,
          "soul":""
        },{
          "refId":"expensive_belt_02",
          "count":1,
          "charge":-1,
          "enchantmentCharge":-1,
          "soul":""
        }]
    },
    "282953-0":{
      "refId":"melar baram",
      "location":{
        "posX":-459.46627807617,
        "posZ":-545.17858886719,
        "posY":3577.44921875,
        "rotX":0.0158775690943,
        "rotY":0,
        "rotZ":-2.4579565525055
      },
      "stats":{
        "healthCurrent":45,
        "magickaCurrent":100,
        "healthModified":45,
        "fatigueBase":160,
        "fatigueModified":160,
        "healthBase":45,
        "magickaModified":100,
        "magickaBase":100,
        "fatigueCurrent":160
      },
      "equipment":{
        "7":{
          "refId":"netch_leather_boots",
          "count":1,
          "charge":-1,
          "enchantmentCharge":-1
        },
        "16":{
          "refId":"chitin dagger",
          "count":1,
          "charge":-1,
          "enchantmentCharge":-1
        },
        "11":{
          "refId":"common_robe_01",
          "count":1,
          "charge":-1,
          "enchantmentCharge":-1
        }
      },
      "inventory":[{
          "refId":"netch_leather_boots",
          "count":1,
          "charge":-1,
          "enchantmentCharge":-1,
          "soul":""
        },{
          "refId":"common_robe_01",
          "count":1,
          "charge":-1,
          "enchantmentCharge":-1,
          "soul":""
        },{
          "refId":"chitin dagger",
          "count":1,
          "charge":-1,
          "enchantmentCharge":-1,
          "soul":""
        }]
    },
    "282955-0":{
      "refId":"tanisie verethi",
      "location":{
        "posX":1139.3217773438,
        "posZ":418.78454589844,
        "posY":1033.7406005859,
        "rotX":0,
        "rotY":0,
        "rotZ":2.1503169536591
      },
      "stats":{
        "healthCurrent":0,
        "magickaCurrent":80,
        "healthModified":35,
        "fatigueBase":150,
        "fatigueModified":150,
        "healthBase":35,
        "magickaModified":80,
        "magickaBase":80,
        "fatigueCurrent":146.94763183594
      },
      "equipment":[null,null,null,null,null,null,{
          "refId":"netch_leather_boots",
          "count":1,
          "charge":-1,
          "enchantmentCharge":-1
        },{
          "refId":"common_shirt_05",
          "count":1,
          "charge":-1,
          "enchantmentCharge":-1
        },{
          "refId":"common_pants_03_c",
          "count":1,
          "charge":-1,
          "enchantmentCharge":-1
        }],
      "inventory":[{
          "refId":"netch_leather_boots",
          "count":1,
          "charge":-1,
          "enchantmentCharge":-1,
          "soul":""
        },{
          "refId":"common_shirt_05",
          "count":1,
          "charge":-1,
          "enchantmentCharge":-1,
          "soul":""
        },{
          "refId":"common_pants_03_c",
          "count":1,
          "charge":-1,
          "enchantmentCharge":-1,
          "soul":""
        }],
      "killer":{
        "playerName":"ZIR"
      },
      "spellsActive":[],
      "deathState":41
    },
    "356210-0":{
      "refId":"crate_01_skooma",
      "inventory":[{
          "refId":"potion_skooma_01",
          "count":2,
          "charge":-1,
          "enchantmentCharge":-1,
          "soul":""
        },{
          "refId":"common_shirt_03",
          "count":1,
          "charge":-1,
          "enchantmentCharge":-1,
          "soul":""
        },{
          "refId":"common_shirt_01",
          "count":1,
          "charge":-1,
          "enchantmentCharge":-1,
          "soul":""
        },{
          "refId":"common_pants_02",
          "count":2,
          "charge":-1,
          "enchantmentCharge":-1,
          "soul":""
        },{
          "refId":"common_pants_05",
          "count":1,
          "charge":-1,
          "enchantmentCharge":-1,
          "soul":""
        },{
          "refId":"misc_uni_pillow_01",
          "count":4,
          "charge":-1,
          "enchantmentCharge":-1,
          "soul":""
        }]
    },
    "365591-0":{
      "refId":"flora_bc_mushroom_02",
      "inventory":[{
          "refId":"ingred_russula_01",
          "count":2,
          "charge":-1,
          "enchantmentCharge":-1,
          "soul":""
        }]
    },
    "365611-0":{
      "refId":"flora_bc_mushroom_02",
      "inventory":[{
          "refId":"ingred_russula_01",
          "count":1,
          "charge":-1,
          "enchantmentCharge":-1,
          "soul":""
        }]
    },
    "282960-0":{
      "refId":"barrel_01_moonsugar",
      "inventory":[{
          "refId":"ingred_moon_sugar_01",
          "count":4,
          "charge":-1,
          "enchantmentCharge":-1,
          "soul":""
        },{
          "refId":"ingred_ash_yam_01",
          "count":2,
          "charge":-1,
          "enchantmentCharge":-1,
          "soul":""
        },{
          "refId":"ingred_heather_01",
          "count":1,
          "charge":-1,
          "enchantmentCharge":-1,
          "soul":""
        },{
          "refId":"ingred_kresh_fiber_01",
          "count":1,
          "charge":-1,
          "enchantmentCharge":-1,
          "soul":""
        },{
          "refId":"ingred_marshmerrow_01",
          "count":1,
          "charge":-1,
          "enchantmentCharge":-1,
          "soul":""
        },{
          "refId":"ingred_saltrice_01",
          "count":1,
          "charge":-1,
          "enchantmentCharge":-1,
          "soul":""
        },{
          "refId":"ingred_wickwheat_01",
          "count":1,
          "charge":-1,
          "enchantmentCharge":-1,
          "soul":""
        }]
    },
    "365483-0":{
      "refId":"okaw",
      "location":{
        "posX":-155.14920043945,
        "posZ":328.17782592773,
        "posY":-27.708290100098,
        "rotX":0,
        "rotY":0,
        "rotZ":0
      },
      "stats":{
        "healthCurrent":40,
        "magickaCurrent":56,
        "healthModified":40,
        "fatigueBase":160,
        "fatigueModified":160,
        "healthBase":40,
        "magickaModified":77,
        "magickaBase":80,
        "fatigueCurrent":160
      },
      "equipment":[null,null,null,null,null,{
          "refId":"slave_bracer_right",