{
  "packets":{
    "actorList":["452516-0","356214-0","441376-0","331123-0","441377-0","331124-0"],
    "ai":[],
    "cellChangeFrom":[],
    "cellChangeTo":[],
    "container":["379641-0","379642-0","379643-0","379653-0","379655-0","379656-0","379657-0","379670-0","379680-0","379681-0","379682-0","379683-0","379684-0","379685-0","379686-0","379687-0","379688-0","379689-0","379690-0","379691-0","379692-0","452517-0","356214-0","331123-0","331124-0","441376-0","441377-0","452516-0"],
    "death":["441377-0","441376-0","331124-0","452516-0","331123-0"],
    "delete":["379665-0","379666-0","379667-0","441378-0","441380-0","452515-0","379660-0","379659-0","379668-0","379669-0","376619-0","376620-0","483322-0"],
    "doorState":["332323-0","322677-0","332333-0","332331-0","332335-0","332329-0","332327-0"],
    "equipment":["452516-0","356214-0","441376-0"],
    "lock":[],
    "place":[],
    "position":["331123-0","331124-0","356214-0","441376-0","441377-0","441378-0","441380-0","452515-0","452516-0"],
    "scale":[],
    "spawn":[],
    "state":[],
    "statsDynamic":["331123-0","331124-0","356214-0","441376-0","441377-0","441378-0","441380-0","452515-0","452516-0"],
    "trap":[],
    "spellsActive":["331123-0"],
    "miscellaneous":[],
    "clientScriptLocal":[]
  },
  "entry":{
    "creationTime":1696090631,
    "description":"Andrano Ancestral Tomb"
  },
  "lastVisit":{
    "ZIR":1696174270,
    "Violetta":1696174260
  },
  "recordLinks":[],
  "objectData":{
    "322677-0":{
      "refId":"in_velothismall_ndoor_01",
      "doorState":1
    },
    "331124-0":{
      "refId":"bonewalker_weak",
      "location":{
        "posX":2757.9370117188,
        "posZ":14017,
        "posY":6169.15625,
        "rotX":0,
        "rotY":0,
        "rotZ":0
      },
      "stats":{
        "healthCurrent":0,
        "magickaCurrent":32,
        "healthModified":45,
        "fatigueBase":200,
        "fatigueModified":200,
        "healthBase":45,
        "magickaModified":60,
        "magickaBase":60,
        "fatigueCurrent":178.88613891602
      },
      "inventory":[],
      "spellsActive":[],
      "killer":{
        "playerName":"ZIR"
      },
      "deathState":38
    },
    "332327-0":{
      "refId":"in_velothismall_ndoor_01",
      "doorState":1
    },
    "483322-0":{
      "refId":"bookskill_unarmored4"
    },
    "376620-0":{
      "refId":"misc_skull_llevule"
    },
    "452516-0":{
      "refId":"skeleton_weak",
      "location":{
        "posX":2564.4125976563,
        "posZ":13249.0078125,
        "posY":4925.8666992188,
        "rotX":-0.031435862183571,
        "rotY":0,
        "rotZ":-1.3391659259796
      },
      "stats":{
        "healthCurrent":0,
        "magickaCurrent":20,
        "healthModified":30,
        "fatigueBase":1000,
        "fatigueModified":1000,
        "healthBase":30,
        "magickaModified":20,
        "magickaBase":20,
        "fatigueCurrent":928.11181640625
      },
      "equipment":{
        "17":{
          "refId":"iron_shield",
          "count":1,
          "charge":188,
          "enchantmentCharge":-1
        },
        "16":{
          "refId":"iron dagger",
          "count":1,
          "charge":396,
          "enchantmentCharge":-1
        }
      },
      "inventory":[{
          "refId":"iron_shield",
          "count":1,
          "charge":188,
          "enchantmentCharge":-1,
          "soul":""
        },{
          "refId":"iron dagger",
          "count":1,
          "charge":396,
          "enchantmentCharge":-1,
          "soul":""
        }],
      "killer":{
        "playerName":"Violetta"
      },
      "spellsActive":[],
      "deathState":41
    },
    "452517-0":{
      "refId":"chest_andrano01",
      "inventory":[]
    },
    "379657-0":{
      "refId":"chest_tomb_andrano02",
      "inventory":[]
    },
    "379681-0":{
      "refId":"urn_ash00",
      "inventory":[]
    },
    "379690-0":{
      "refId":"urn_ash00",
      "inventory":[]
    },
    "379641-0":{
      "refId":"urn_ash00",
      "inventory":[]
    },
    "376619-0":{
      "refId":"dagger of judgement"
    },
    "379655-0":{
      "refId":"sack_tomb_ingred",
      "inventory":[]
    },
    "379653-0":{
      "refId":"sack_tomb_ingred",
      "inventory":[]
    },
    "332329-0":{
      "refId":"in_velothismall_ndoor_01",
      "doorState":2
    },
    "379643-0":{
      "refId":"urn_ash00",
      "inventory":[]
    },
    "379642-0":{
      "refId":"urn_ash00",
      "inventory":[]
    },
    "379684-0":{
      "refId":"urn_ash00",
      "inventory":[]
    },
    "379669-0":{
      "refId":"ingred_hound_meat_01"
    },
    "379668-0":{
      "refId":"ingred_ghoul_heart_01"
    },
    "332335-0":{
      "refId":"in_velothismall_ndoor_01",
      "doorState":1
    },
    "379656-0":{
      "refId":"chest_tomb_andrano03",
      "inventory":[]
    },
    "332331-0":{
      "refId":"in_velothismall_ndoor_01",
      "doorState":2
    },
    "379688-0":{
      "refId":"urn_ash00",
      "inventory":[]
    },
    "379685-0":{
      "refId":"urn_ash00",
      "inventory":[]
    },
    "379665-0":{
      "refId":"ingred_coprinus_01"
    },
    "379687-0":{
      "refId":"urn_ash00",
      "inventory":[]
    },
    "379660-0":{
      "refId":"ingred_chokeweed_01"
    },
    "441376-0":{
      "refId":"skeleton archer",
      "location":{
        "posX":2769.7573242188,
        "posZ":14017.009765625,
        "posY":6186.9150390625,
        "rotX":0,
        "rotY":0,
        "rotZ":0
      },
      "stats":{
        "healthCurrent":0,
        "magickaCurrent":30,
        "healthModified":38,
        "fatigueBase":1000,
        "fatigueModified":1000,
        "healthBase":38,
        "magickaModified":30,
        "magickaBase":30,
        "fatigueCurrent":995.80535888672
      },
      "equipment":[],
      "inventory":[],
      "killer":{
        "playerName":"ZIR"
      },
      "deathState":38
    },
    "331123-0":{
      "refId":"bonewalker",
      "location":{
        "posX":2499.6247558594,
        "posZ":13249.015625,
        "posY":4663.119140625,
        "rotX":0.12065401673317,
        "rotY":0,
        "rotZ":1.0322554111481
      },
      "stats":{
        "healthCurrent":0,
        "magickaCurrent":10,
        "healthModified":60,
        "fatigueBase":250,
        "fatigueModified":250,
        "healthBase":60,
        "magickaModified":80,
        "magickaBase":80,
        "fatigueCurrent":250
      },
      "inventory":[],
      "spellsActive":{
        "fire bite":[{
            "startTime":1696174059,
            "caster":{
              "playerName":"Violetta"
            },
            "displayName":"Огненный укус",
            "stackingState":false,
            "effects":[{
                "arg":-1,
                "duration":1,
                "id":14,
                "timeLeft":1,
                "magnitude":25
              }]
          }]
      },
      "killer":{
        "playerName":"ZIR"
      },
      "deathState":38
    },
    "441377-0":{
      "refId":"ancestor_ghost",
      "location":{
        "posX":3038.8071289063,
        "posZ":14017.00390625,
        "posY":7359.0615234375,
        "rotX":0,
        "rotY":0,
        "rotZ":-0.78539776802063
      },
      "stats":{
        "healthCurrent":0,
        "magickaCurrent":360,
        "healthModified":23,
        "fatigueBase":400,
        "fatigueModified":400,
        "healthBase":23,
        "magickaModified":400,
        "magickaBase":400,
        "fatigueCurrent":400
      },
      "inventory":[],
      "spellsActive":[],
      "killer":{
        "playerName":"Violetta"
      },
      "deathState":38
    },
    "379666-0":{
      "refId":"ingred_dreugh_wax_01"
    },
    "379659-0":{
      "refId":"ingred_bc_bungler's_bane"
    },
    "379670-0":{
      "refId":"chest_andrano00",
      "inventory":[]
    },
    "379689-0":{
      "refId":"urn_ash00",
      "inventory":[]
    },
    "356214-0":{
      "refId":"dead de male_tomb01",