{
  "packets":{
    "actorList":["369591-0","369590-0","369592-0"],
    "ai":[],
    "cellChangeFrom":[],
    "cellChangeTo":[],
    "container":["369603-0","369681-0","369682-0","369683-0","369684-0","369693-0","369696-0","369699-0","369700-0","369701-0","369706-0","369711-0","374737-0","374738-0","374739-0","374740-0","374741-0","374742-0","374743-0","374746-0","374747-0","374748-0","374749-0","369590-0","369591-0","369592-0"],
    "death":["369591-0","369592-0","369590-0"],
    "delete":["369690-0","369687-0","369688-0","369686-0","369674-0"],
    "doorState":[],
    "equipment":["369591-0","369590-0","369592-0"],
    "lock":["369681-0","369712-0"],
    "place":[],
    "position":["369590-0","369591-0","369592-0"],
    "scale":[],
    "spawn":[],
    "state":[],
    "statsDynamic":["369590-0","369591-0","369592-0"],
    "trap":[],
    "spellsActive":[],
    "miscellaneous":[],
    "clientScriptLocal":[]
  },
  "entry":{
    "creationTime":1696161968,
    "description":"Arkngthand, Heaven's Gallery"
  },
  "lastVisit":{
    "ZIR":1697353873,
    "Violetta":1696163694
  },
  "recordLinks":[],
  "objectData":{
    "369682-0":{
      "refId":"dwrv_barrel00",
      "inventory":[]
    },
    "369701-0":{
      "refId":"dwrv_desk00",
      "inventory":[]
    },
    "374741-0":{
      "refId":"crate_01_empty",
      "inventory":[]
    },
    "369699-0":{
      "refId":"dwrv_desk00",
      "inventory":[]
    },
    "369592-0":{
      "refId":"irbran kirbatha",
      "location":{
        "posX":2585.248046875,
        "posZ":11969.0078125,
        "posY":4535.0556640625,
        "rotX":0,
        "rotY":0,
        "rotZ":0
      },
      "stats":{
        "healthCurrent":0,
        "magickaCurrent":104,
        "healthModified":48,
        "fatigueBase":162,
        "fatigueModified":162,
        "healthBase":48,
        "magickaModified":104,
        "magickaBase":104,
        "fatigueCurrent":162
      },
      "equipment":{
        "5":{
          "refId":"cloth bracer left",
          "count":1,
          "charge":-1,
          "enchantmentCharge":-1
        },
        "6":{
          "refId":"cloth bracer right",
          "count":1,
          "charge":18,
          "enchantmentCharge":-1
        },
        "7":{
          "refId":"common_shoes_01",
          "count":1,
          "charge":-1,
          "enchantmentCharge":-1
        },
        "8":{
          "refId":"common_shirt_02",
          "count":1,
          "charge":-1,
          "enchantmentCharge":-1
        },
        "9":{
          "refId":"common_pants_01",
          "count":1,
          "charge":-1,
          "enchantmentCharge":-1
        },
        "15":{
          "refId":"common_belt_02",
          "count":1,
          "charge":-1,
          "enchantmentCharge":-1
        },
        "16":{
          "refId":"iron dagger",
          "count":1,
          "charge":394,
          "enchantmentCharge":-1
        }
      },
      "inventory":[{
          "refId":"cloth bracer right",
          "count":1,
          "charge":18,
          "enchantmentCharge":-1,
          "soul":""
        },{
          "refId":"cloth bracer left",
          "count":1,
          "charge":-1,
          "enchantmentCharge":-1,
          "soul":""
        },{
          "refId":"common_belt_02",
          "count":1,
          "charge":-1,
          "enchantmentCharge":-1,
          "soul":""
        },{
          "refId":"common_shirt_02",
          "count":1,
          "charge":-1,
          "enchantmentCharge":-1,
          "soul":""
        },{
          "refId":"common_shoes_01",
          "count":1,
          "charge":-1,
          "enchantmentCharge":-1,
          "soul":""
        },{
          "refId":"common_pants_01",
          "count":1,
          "charge":-1,
          "enchantmentCharge":-1,
          "soul":""
        },{
          "refId":"iron dagger",
          "count":1,
          "charge":394,
          "enchantmentCharge":-1,
          "soul":""
        }],
      "killer":{
        "playerName":"Violetta"
      },
      "deathState":40
    },
    "369681-0":{
      "refId":"dwrv_chest10_rare",
      "inventory":[{
          "refId":"misc_dwrv_artifact00",
          "count":1,
          "charge":-1,
          "enchantmentCharge":-1,
          "soul":""
        },{
          "refId":"ingred_scrap_metal_01",
          "count":3,
          "charge":-1,
          "enchantmentCharge":-1,
          "soul":""
        }],
      "lockLevel":0
    },
    "374743-0":{
      "refId":"crate_01_empty",
      "inventory":[]
    },
    "369690-0":{
      "refId":"misc_dwrv_mug00"
    },
    "374747-0":{
      "refId":"dwrv_barrel00_empty",
      "inventory":[]
    },
    "374739-0":{
      "refId":"dwrv_barrel00_empty",
      "inventory":[]
    },
    "374737-0":{
      "refId":"crate_01_empty",
      "inventory":[]
    },
    "369684-0":{
      "refId":"dwrv_cabinet10",
      "inventory":[{
          "refId":"misc_dwrv_gear00",
          "count":1,
          "charge":-1,
          "enchantmentCharge":-1,
          "soul":""
        }]
    },
    "374742-0":{
      "refId":"crate_01_empty",
      "inventory":[]
    },
    "369706-0":{
      "refId":"dwrv_cabinet10",
      "inventory":[{
          "refId":"misc_dwrv_coin00",
          "count":1,
          "charge":-1,
          "enchantmentCharge":-1,
          "soul":""
        },{
          "refId":"misc_dwrv_gear00",
          "count":1,
          "charge":-1,
          "enchantmentCharge":-1,
          "soul":""
        }]
    },
    "369687-0":{
      "refId":"misc_dwrv_goblet10"
    },
    "369693-0":{
      "refId":"crate_de_dwrv00",
      "inventory":[{
          "refId":"misc_dwrv_bowl00",
          "count":1,
          "charge":-1,
          "enchantmentCharge":-1,
          "soul":""
        },{
          "refId":"misc_dwrv_goblet00",
          "count":2,
          "charge":-1,
          "enchantmentCharge":-1,
          "soul":""
        }]
    },
    "369688-0":{
      "refId":"misc_dwrv_goblet10"
    },
    "374740-0":{
      "refId":"dwrv_barrel00_empty",
      "inventory":[]
    },
    "374738-0":{
      "refId":"dwrv_barrel00_empty",
      "inventory":[]
    },
    "369603-0":{
      "refId":"crate_01",
      "inventory":[{
          "refId":"gold_001",
          "count":9,
          "charge":-1,
          "enchantmentCharge":-1,
          "soul":""
        }]
    },
    "369683-0":{
      "refId":"dwrv_cabinet10",
      "inventory":[{
          "refId":"misc_dwrv_gear00",
          "count":1,
          "charge":-1,
          "enchantmentCharge":-1,
          "soul":""
        }]
    },
    "374748-0":{
      "refId":"dwrv_barrel00_empty",
      "inventory":[]
    },
    "369590-0":{
      "refId":"bato veranius",
      "location":{
        "posX":3098.3471679688,
        "posZ":12257.00390625,
        "posY":1106.4956054688,
        "rotX":-4.9099326133728e-06,
        "rotY":0,
        "rotZ":0.06787109375
      },
      "stats":{
        "healthCurrent":0,
        "magickaCurrent":16,
        "healthModified":60,
        "fatigueBase":183,
        "fatigueModified":183,
        "healthBase":60,
        "magickaModified":16,
        "magickaBase":16,
        "fatigueCurrent":170.95742797852
      },
      "equipment":{
        "7":{
          "refId":"common_shoes_02",
          "count":1,
          "charge":-1,
          "enchantmentCharge":-1
        },
        "8":{
          "refId":"common_shirt_04_b",
          "count":1,
          "charge":-1,
          "enchantmentCharge":-1
        },
        "9":{
          "refId":"common_pants_03",
          "count":1,
          "charge":-1,
          "enchantmentCharge":-1
        },
        "15":{
          "refId":"common_belt_05",
          "count":1,
          "charge":-1,
          "enchantmentCharge":-1
        },
        "16":{
          "refId":"steel warhammer",
          "count":1,
          "charge":2995,
          "enchantmentCharge":-1
        }
      },