{
  "packets":{
    "actorList":["0-403","0-404","0-402","369714-0"],
    "ai":[],
    "cellChangeFrom":[],
    "cellChangeTo":[],
    "container":["369733-0","369734-0","369739-0","369740-0","369844-0","369847-0","369851-0","369852-0","374750-0","374751-0","374752-0","374753-0","374754-0","374755-0","476751-0","369714-0","0-403","0-404","0-402"],
    "death":["0-403","0-402","0-404","369714-0"],
    "delete":["369713-0","369853-0"],
    "doorState":["369729-0","369728-0","369730-0","369727-0","369731-0","369732-0"],
    "equipment":[],
    "lock":[],
    "place":["0-409"],
    "position":["369714-0","0-402","0-403","0-404","369713-0"],
    "scale":[],
    "spawn":["0-403","0-404","0-402"],
    "state":[],
    "statsDynamic":["369714-0","0-402","0-403","0-404","369713-0"],
    "trap":["369728-0","369730-0"],
    "spellsActive":[],
    "miscellaneous":[],
    "clientScriptLocal":[]
  },
  "entry":{
    "creationTime":1696162196,
    "description":"Arkngthand, Land's Blood Gallery"
  },
  "lastVisit":{
    "ZIR":1697353863,
    "Violetta":1696163634
  },
  "recordLinks":[],
  "objectData":{
    "0-404":{
      "refId":"centurion_spider",
      "location":{
        "posX":664.01654052734,
        "posZ":1009.0132446289,
        "posY":-2248.4587402344,
        "rotX":-0.28302532434464,
        "rotY":0,
        "rotZ":-1.7111012935638
      },
      "stats":{
        "healthCurrent":0,
        "magickaCurrent":20,
        "healthModified":38,
        "fatigueBase":400,
        "fatigueModified":400,
        "healthBase":38,
        "magickaModified":20,
        "magickaBase":20,
        "fatigueCurrent":400
      },
      "inventory":[],
      "spellsActive":[],
      "killer":{
        "playerName":"Violetta"
      },
      "deathState":39
    },
    "369740-0":{
      "refId":"dwrv_barrel10",
      "inventory":[]
    },
    "369714-0":{
      "refId":"dwarven ghost",
      "location":{
        "posX":448.61407470703,
        "posZ":1009.0130615234,
        "posY":-2204.3024902344,
        "rotX":0,
        "rotY":0,
        "rotZ":4.6831870079041
      },
      "stats":{
        "healthCurrent":0,
        "magickaCurrent":5,
        "healthModified":60,
        "fatigueBase":400,
        "fatigueModified":400,
        "healthBase":60,
        "magickaModified":75,
        "magickaBase":75,
        "fatigueCurrent":398.40823364258
      },
      "inventory":[],
      "spellsActive":[],
      "killer":{
        "playerName":"Violetta"
      },
      "deathState":39
    },
    "369847-0":{
      "refId":"dwrv_barrel10",
      "inventory":[{
          "refId":"ingred_scrap_metal_01",
          "count":1,
          "charge":-1,
          "enchantmentCharge":-1,
          "soul":""
        }]
    },
    "369729-0":{
      "refId":"door_dwrv_inner00",
      "doorState":1
    },
    "369734-0":{
      "refId":"dwrv_closet00",
      "inventory":[{
          "refId":"ingred_scrap_metal_01",
          "count":1,
          "charge":-1,
          "enchantmentCharge":-1,
          "soul":""
        }]
    },
    "369731-0":{
      "refId":"door_dwrv_inner00",
      "doorState":1
    },
    "374750-0":{
      "refId":"dwrv_barrel00_empty",
      "inventory":[]
    },
    "369853-0":{
      "refId":"misc_dwrv_coin00"
    },
    "369727-0":{
      "refId":"door_dwrv_inner00",
      "doorState":1
    },
    "374751-0":{
      "refId":"dwrv_barrel10_empty",
      "inventory":[]
    },
    "0-402":{
      "refId":"centurion_spider",
      "location":{
        "posX":442.03875732422,
        "posZ":1393.0068359375,
        "posY":-1367.7219238281,
        "rotX":-0.24691216647625,
        "rotY":0,
        "rotZ":-2.0845677852631
      },
      "stats":{
        "healthCurrent":0,
        "magickaCurrent":20,
        "healthModified":38,
        "fatigueBase":400,
        "fatigueModified":400,
        "healthBase":38,
        "magickaModified":20,
        "magickaBase":20,
        "fatigueCurrent":399.22470092773
      },
      "inventory":[],
      "spellsActive":[],
      "killer":{
        "playerName":"Violetta"
      },
      "deathState":39
    },
    "369851-0":{
      "refId":"dwrv_desk00",
      "inventory":[]
    },
    "374754-0":{
      "refId":"dwrv_barrel10_empty",
      "inventory":[]
    },
    "476751-0":{
      "refId":"dwrv_chest00",
      "inventory":[{
          "refId":"dwemer_boots",
          "count":1,
          "charge":-1,
          "enchantmentCharge":-1,
          "soul":""
        },{
          "refId":"dwemer_bracer_right",
          "count":1,
          "charge":-1,
          "enchantmentCharge":-1,
          "soul":""
        }]
    },
    "374753-0":{
      "refId":"dwrv_barrel00_empty",
      "inventory":[]
    },
    "0-409":{
      "refId":"iron_cuirass",
      "location":{
        "posX":1865.9736328125,
        "posZ":816.28088378906,
        "posY":-2482.08984375,
        "rotX":0,
        "rotY":0,
        "rotZ":-0.367671251297
      }
    },
    "369733-0":{
      "refId":"dwrv_chest10",
      "inventory":[]
    },
    "369730-0":{
      "refId":"door_dwrv_inner00",
      "doorState":1
    },
    "369739-0":{
      "refId":"dwrv_barrel10_empty",
      "inventory":[]
    },
    "369732-0":{
      "refId":"door_dwrv_inner00",
      "doorState":1
    },
    "369844-0":{
      "refId":"dwrv_barrel00",
      "inventory":[{
          "refId":"ingred_scrap_metal_01",
          "count":2,
          "charge":-1,
          "enchantmentCharge":-1,
          "soul":""
        }]
    },
    "369852-0":{
      "refId":"dwrv_table00",
      "inventory":[]
    },
    "0-403":{
      "refId":"centurion_spider",
      "location":{
        "posX":267.58807373047,
        "posZ":1393,
        "posY":-253.63220214844,
        "rotX":-0.25852710008621,
        "rotY":0,
        "rotZ":-0.017430305480957
      },
      "stats":{
        "healthCurrent":0,
        "magickaCurrent":20,
        "healthModified":38,
        "fatigueBase":400,
        "fatigueModified":400,
        "healthBase":38,
        "magickaModified":20,
        "magickaBase":20,
        "fatigueCurrent":382.7497253418
      },
      "inventory":[{
          "refId":"ingred_scrap_metal_01",
          "count":1,
          "charge":-1,
          "enchantmentCharge":-1,
          "soul":""
        }],
      "spellsActive":[],
      "killer":{
        "playerName":"Violetta"
      },
      "deathState":38
    },
    "374755-0":{
      "refId":"dwrv_barrel10_empty",
      "inventory":[]
    },
    "374752-0":{
      "refId":"dwrv_barrel10_empty",
      "inventory":[]
    },
    "369728-0":{
      "refId":"door_dwrv_inner00",
      "doorState":1
    },
    "369713-0":{
      "refId":"dwarven ghost",
      "location":{
        "posX":449.02008056641,
        "posZ":1393.0144042969,
        "posY":-271.3860168457,
        "rotX":0.039414614439011,
        "rotY":0,
        "rotZ":-1.6528437137604
      },
      "stats":{
        "healthCurrent":0,
        "magickaCurrent":5,
        "fatigueModified":400,
        "fatigueBase":400,
        "healthBase":60,
        "healthModified":60,
        "magickaModified":75,
        "magickaBase":75,
        "fatigueCurrent":400
      }
    }
  },
  "loadState":{
    "hasFullContainerData":true,
    "hasFullActorList":true
  }
}