{
  "packets":{
    "actorList":["67599-0","84444-0","67601-0","67600-0"],
    "ai":[],
    "cellChangeFrom":[],
    "cellChangeTo":["377937-0"],
    "container":["56665-0","56692-0","56693-0","56694-0","56696-0","56697-0","56698-0","56699-0","56700-0","56701-0","56702-0","56703-0","56704-0","56705-0","378178-0","378180-0","378181-0","67599-0","67600-0","67601-0","84444-0"],
    "death":[],
    "delete":[],
    "doorState":["56691-0","244039-0","56661-0"],
    "equipment":["67599-0","84444-0","67601-0","67600-0"],
    "lock":["56691-0","378181-0","378180-0","56661-0","244039-0"],
    "place":[],
    "position":["67599-0","67600-0","67601-0","84444-0"],
    "scale":[],
    "spawn":[],
    "state":["325518-0"],
    "statsDynamic":["67599-0","67600-0","67601-0","84444-0"],
    "trap":[],
    "spellsActive":[],
    "miscellaneous":["67599-0","67601-0","67600-0"],
    "clientScriptLocal":[]
  },
  "entry":{
    "creationTime":1696448704,
    "description":"Balmora, Eight Plates"
  },
  "lastVisit":{
    "Adamast":1697223717,
    "ZIR":1697227683
  },
  "recordLinks":[],
  "objectData":{
    "56696-0":{
      "refId":"com_basket_01_food",
      "inventory":[]
    },
    "56700-0":{
      "refId":"com_sack_01_saltrice_10",
      "inventory":[]
    },
    "56699-0":{
      "refId":"com_sack_02_saltrice_10",
      "inventory":[]
    },
    "56703-0":{
      "refId":"crate_01_de_mclothes",
      "inventory":[{
          "refId":"expensive_shoes_02",
          "count":1,
          "charge":-1,
          "enchantmentCharge":-1,
          "soul":""
        },{
          "refId":"common_ring_02",
          "count":1,
          "charge":-1,
          "enchantmentCharge":-1,
          "soul":""
        },{
          "refId":"common_shoes_02",
          "count":1,
          "charge":-1,
          "enchantmentCharge":-1,
          "soul":""
        }]
    },
    "67599-0":{
      "refId":"dulnea ralaal",
      "location":{
        "posX":15.659030914307,
        "posZ":-250.00001525879,
        "posY":1104.3922119141,
        "rotX":0.012756884098053,
        "rotY":0,
        "rotZ":2.7126109600067
      },
      "stats":{
        "healthCurrent":71,
        "magickaCurrent":122,
        "healthModified":71,
        "fatigueBase":182,
        "fatigueModified":182,
        "healthBase":71,
        "magickaModified":122,
        "magickaBase":122,
        "fatigueCurrent":182
      },
      "equipment":{
        "5":{
          "refId":"extravagant_glove_left_01",
          "count":1,
          "charge":-1,
          "enchantmentCharge":-1
        },
        "6":{
          "refId":"extravagant_glove_right_01",
          "count":1,
          "charge":-1,
          "enchantmentCharge":-1
        },
        "7":{
          "refId":"extravagant_shoes_01",
          "count":1,
          "charge":-1,
          "enchantmentCharge":-1
        },
        "8":{
          "refId":"extravagant_shirt_01",
          "count":1,
          "charge":-1,
          "enchantmentCharge":-1
        },
        "10":{
          "refId":"extravagant_skirt_01",
          "count":1,
          "charge":-1,
          "enchantmentCharge":-1
        },
        "14":{
          "refId":"extravagant_amulet_01",
          "count":1,
          "charge":-1,
          "enchantmentCharge":-1
        }
      },
      "inventory":[{
          "refId":"potion_comberry_brandy_01",
          "count":5,
          "charge":-1,
          "enchantmentCharge":-1,
          "soul":""
        },{
          "refId":"potion_comberry_wine_01",
          "count":5,
          "charge":-1,
          "enchantmentCharge":-1,
          "soul":""
        },{
          "refId":"potion_cyro_brandy_01",
          "count":3,
          "charge":-1,
          "enchantmentCharge":-1,
          "soul":""
        },{
          "refId":"potion_cyro_whiskey_01",
          "count":3,
          "charge":-1,
          "enchantmentCharge":-1,
          "soul":""
        },{
          "refId":"potion_local_brew_01",
          "count":5,
          "charge":-1,
          "enchantmentCharge":-1,
          "soul":""
        },{
          "refId":"potion_local_liquor_01",
          "count":5,
          "charge":-1,
          "enchantmentCharge":-1,
          "soul":""
        },{
          "refId":"extravagant_amulet_01",
          "count":1,
          "charge":-1,
          "enchantmentCharge":-1,
          "soul":""
        },{
          "refId":"extravagant_skirt_01",
          "count":1,
          "charge":-1,
          "enchantmentCharge":-1,
          "soul":""
        },{
          "refId":"extravagant_glove_left_01",
          "count":1,
          "charge":-1,
          "enchantmentCharge":-1,
          "soul":""
        },{
          "refId":"extravagant_glove_right_01",
          "count":1,
          "charge":-1,
          "enchantmentCharge":-1,
          "soul":""
        },{
          "refId":"extravagant_shirt_01",
          "count":1,
          "charge":-1,
          "enchantmentCharge":-1,
          "soul":""
        },{
          "refId":"extravagant_shoes_01",
          "count":1,
          "charge":-1,
          "enchantmentCharge":-1,
          "soul":""
        },{
          "refId":"ingred_hound_meat_01",
          "count":12,
          "charge":-1,
          "enchantmentCharge":-1,
          "soul":""
        }],
      "goldPool":350,
      "lastGoldRestockHour":14.791062355042,
      "lastGoldRestockDay":34
    },
    "56691-0":{
      "refId":"in_hlaalu_door",
      "doorState":1,
      "lockLevel":0
    },
    "56702-0":{
      "refId":"com_sack_01_saltrice_10",
      "inventory":[]
    },
    "56692-0":{
      "refId":"barrel_01_random_pos",
      "inventory":[{
          "refId":"misc_com_bottle_15",
          "count":2,
          "charge":-1,
          "enchantmentCharge":-1,
          "soul":""
        },{
          "refId":"misc_com_basket_02",
          "count":2,
          "charge":-1,
          "enchantmentCharge":-1,
          "soul":""
        }]
    },
    "378180-0":{
      "refId":"de_p_chest_02_pos4",
      "inventory":[{
          "refId":"misc_de_pot_green_01",
          "count":2,
          "charge":-1,
          "enchantmentCharge":-1,
          "soul":""
        },{
          "refId":"misc_de_pot_glass_peach_02",
          "count":1,
          "charge":-1,
          "enchantmentCharge":-1,
          "soul":""
        }],
      "lockLevel":0
    },
    "377937-0":{
      "cellChangeTo":"Pelagiad, Halfway Tavern"
    },
    "67601-0":{
      "refId":"meril hlaano",
      "location":{
        "posX":327.60610961914,
        "posZ":-249.99990844727,
        "posY":516.66650390625,
        "rotX":0.0084724361076951,
        "rotY":0,
        "rotZ":-1.2672374248505
      },
      "stats":{
        "healthCurrent":83,
        "magickaCurrent":106,
        "healthModified":83,
        "fatigueBase":188,
        "fatigueModified":188,
        "healthBase":83,
        "magickaModified":106,
        "magickaBase":106,
        "fatigueCurrent":188
      },
      "equipment":{
        "7":{
          "refId":"extravagant_shoes_01",
          "count":1,
          "charge":-1,
          "enchantmentCharge":-1
        },
        "8":{
          "refId":"extravagant_shirt_01_h",
          "count":1,
          "charge":-1,
          "enchantmentCharge":-1
        },
        "9":{
          "refId":"common_pants_03_c",
          "count":1,
          "charge":-1,
          "enchantmentCharge":-1
        },
        "12":{
          "refId":"common_ring_02",
          "count":1,
          "charge":-1,
          "enchantmentCharge":-1
        },
        "16":{
          "refId":"iron longsword",
          "count":1,
          "charge":-1,
          "enchantmentCharge":-1
        }
      },
      "inventory":[{
          "refId":"common_ring_02",
          "count":1,
          "charge":-1,
          "enchantmentCharge":-1,
          "soul":""
        },{
          "refId":"extravagant_shirt_01_h",
          "count":1,