{
  "packets":{
    "actorList":["0-1112","440324-0","440325-0","440327-0","440326-0","440323-0","440328-0"],
    "ai":[],
    "cellChangeFrom":[],
    "cellChangeTo":[],
    "container":["440459-0","440460-0","440461-0","440462-0","440463-0","440464-0","440467-0","440323-0","440324-0","440325-0","440326-0","440327-0","440328-0","0-1112"],
    "death":["0-1112"],
    "delete":[],
    "doorState":[],
    "equipment":["440324-0","440325-0","440327-0","440326-0","440323-0","440328-0"],
    "lock":[],
    "place":[],
    "position":["440323-0","440324-0","440325-0","440326-0","440327-0","440328-0","0-1112"],
    "scale":[],
    "spawn":["0-1112"],
    "state":[],
    "statsDynamic":["440323-0","440324-0","440325-0","440326-0","440327-0","440328-0","0-1112"],
    "trap":[],
    "spellsActive":["0-1112"],
    "miscellaneous":["440326-0","440323-0","440328-0","440324-0"],
    "clientScriptLocal":[]
  },
  "entry":{
    "creationTime":1696520824,
    "description":"Ginith Ancestral Tomb"
  },
  "lastVisit":{
    "Violetta":1696520950,
    "ZIR":1696520947
  },
  "recordLinks":[],
  "objectData":{
    "440324-0":{
      "refId":"tredere llaren",
      "location":{
        "posX":1450.8685302734,
        "posZ":257,
        "posY":1036.8736572266,
        "rotX":-0.077445857226849,
        "rotY":0,
        "rotZ":0.12459278106689
      },
      "stats":{
        "healthCurrent":50,
        "magickaCurrent":88,
        "healthModified":50,
        "fatigueBase":176,
        "fatigueModified":176,
        "healthBase":50,
        "magickaModified":88,
        "magickaBase":88,
        "fatigueCurrent":176
      },
      "equipment":{
        "8":{
          "refId":"common_shirt_03_c",
          "count":1,
          "charge":-1,
          "enchantmentCharge":-1
        },
        "7":{
          "refId":"common_shoes_03",
          "count":1,
          "charge":-1,
          "enchantmentCharge":-1
        },
        "16":{
          "refId":"cruel viperblade",
          "count":1,
          "charge":-1,
          "enchantmentCharge":-1
        },
        "17":{
          "refId":"chitin_shield",
          "count":1,
          "charge":-1,
          "enchantmentCharge":-1
        },
        "9":{
          "refId":"common_pants_03_c",
          "count":1,
          "charge":-1,
          "enchantmentCharge":-1
        }
      },
      "inventory":[{
          "refId":"chitin_shield",
          "count":1,
          "charge":-1,
          "enchantmentCharge":-1,
          "soul":""
        },{
          "refId":"common_shirt_03_c",
          "count":1,
          "charge":-1,
          "enchantmentCharge":-1,
          "soul":""
        },{
          "refId":"common_shoes_03",
          "count":1,
          "charge":-1,
          "enchantmentCharge":-1,
          "soul":""
        },{
          "refId":"common_pants_03_c",
          "count":1,
          "charge":-1,
          "enchantmentCharge":-1,
          "soul":""
        },{
          "refId":"cruel viperblade",
          "count":1,
          "charge":-1,
          "enchantmentCharge":-1,
          "soul":""
        }],
      "lastGoldRestockDay":19,
      "lastGoldRestockHour":0.60582780838013,
      "goldPool":0
    },
    "440325-0":{
      "refId":"vulyne rothari",
      "location":{
        "posX":1311.5895996094,
        "posZ":257,
        "posY":1289.3626708984,
        "rotX":0.010245025157928,
        "rotY":0,
        "rotZ":-1.720379114151
      },
      "stats":{
        "healthCurrent":50,
        "magickaCurrent":88,
        "healthModified":50,
        "fatigueBase":174,
        "fatigueModified":174,
        "healthBase":50,
        "magickaModified":88,
        "magickaBase":88,
        "fatigueCurrent":174
      },
      "equipment":[null,null,null,null,null,null,{
          "refId":"common_shoes_03",
          "count":1,
          "charge":-1,
          "enchantmentCharge":-1
        },{
          "refId":"common_shirt_03_c",
          "count":1,
          "charge":-1,
          "enchantmentCharge":-1
        },{
          "refId":"common_pants_03_c",
          "count":1,
          "charge":-1,
          "enchantmentCharge":-1
        }],
      "inventory":[{
          "refId":"common_shirt_03_c",
          "count":1,
          "charge":-1,
          "enchantmentCharge":-1,
          "soul":""
        },{
          "refId":"common_shoes_03",
          "count":1,
          "charge":-1,
          "enchantmentCharge":-1,
          "soul":""
        },{
          "refId":"common_pants_03_c",
          "count":1,
          "charge":-1,
          "enchantmentCharge":-1,
          "soul":""
        }]
    },
    "440460-0":{
      "refId":"urn_ash00",
      "inventory":[]
    },
    "440461-0":{
      "refId":"urn_ash00",
      "inventory":[{
          "refId":"ingred_bonemeal_01",
          "count":1,
          "charge":-1,
          "enchantmentCharge":-1,
          "soul":""
        }]
    },
    "440323-0":{
      "refId":"irarak",
      "location":{
        "posX":1508.8869628906,
        "posZ":257,
        "posY":1040.4768066406,
        "rotX":-0.11940746754408,
        "rotY":0,
        "rotZ":-1.2914917469025
      },
      "stats":{
        "healthCurrent":102,
        "magickaCurrent":94,
        "healthModified":102,
        "fatigueBase":288,
        "fatigueModified":288,
        "healthBase":102,
        "magickaModified":94,
        "magickaBase":94,
        "fatigueCurrent":288
      },
      "equipment":{
        "5":{
          "refId":"extravagant_glove_left_01",
          "count":1,
          "charge":-1,
          "enchantmentCharge":-1
        },
        "6":{
          "refId":"extravagant_glove_right_01",
          "count":1,
          "charge":-1,
          "enchantmentCharge":-1
        },
        "7":{
          "refId":"extravagant_shoes_01",
          "count":1,
          "charge":-1,
          "enchantmentCharge":-1
        },
        "11":{
          "refId":"extravagant_robe_01_r",
          "count":1,
          "charge":-1,
          "enchantmentCharge":-1
        }
      },
      "inventory":[{
          "refId":"extravagant_glove_left_01",
          "count":1,
          "charge":-1,
          "enchantmentCharge":-1,
          "soul":""
        },{
          "refId":"extravagant_glove_right_01",
          "count":1,
          "charge":-1,
          "enchantmentCharge":-1,
          "soul":""
        },{
          "refId":"extravagant_robe_01_r",
          "count":1,
          "charge":-1,
          "enchantmentCharge":-1,
          "soul":""
        },{
          "refId":"extravagant_shoes_01",
          "count":1,
          "charge":-1,
          "enchantmentCharge":-1,
          "soul":""
        }],
      "lastGoldRestockDay":19,
      "lastGoldRestockHour":0.34073749184608,
      "goldPool":0
    },
    "440328-0":{
      "refId":"anden thilarvel",
      "location":{
        "posX":1357.96875,
        "posZ":257,
        "posY":998.00988769531,
        "rotX":0.008595809340477,
        "rotY":0,
        "rotZ":-1.5607044696808
      },
      "stats":{
        "healthCurrent":61,
        "magickaCurrent":86,
        "healthModified":61,
        "fatigueBase":194,
        "fatigueModified":194,
        "healthBase":61,
        "magickaModified":86,
        "magickaBase":86,
        "fatigueCurrent":194
      },
      "equipment":[null,null,null,null,null,null,{
          "refId":"common_shoes_03",
          "count":1,
          "charge":-1,
          "enchantmentCharge":-1
        },{
          "refId":"common_shirt_03_c",
          "count":1,
          "charge":-1,
          "enchantmentCharge":-1
        },{
          "refId":"common_pants_03_c",
          "count":1,
          "charge":-1,
          "enchantmentCharge":-1
        }],
      "inventory":[{
          "refId":"common_shirt_03_c",
          "count":1,
          "charge":-1,
          "enchantmentCharge":-1,
          "soul":""
        },{
          "refId":"common_shoes_03",