{
  "packets":{
    "actorList":["0-1871","0-1870","282237-0","282235-0","413161-0","282236-0"],
    "ai":[],
    "cellChangeFrom":[],
    "cellChangeTo":[],
    "container":["282240-0","282253-0","282254-0","282255-0","282256-0","282257-0","282237-0","282235-0","282236-0","413161-0","0-1871","0-1870"],
    "death":["0-1870","413161-0"],
    "delete":[],
    "doorState":[],
    "equipment":["282237-0"],
    "lock":[],
    "place":[],
    "position":["282235-0","282236-0","282237-0","413161-0","0-1870","0-1871"],
    "scale":[],
    "spawn":["0-1871","0-1870"],
    "state":["413161-0"],
    "statsDynamic":["282235-0","282236-0","282237-0","413161-0","0-1870","0-1871"],
    "trap":[],
    "spellsActive":[],
    "miscellaneous":[],
    "clientScriptLocal":[]
  },
  "entry":{
    "creationTime":1697215171,
    "description":"Gnisis, Underground Stream"
  },
  "lastVisit":{
    "ZIR":1697355431,
    "Adamast":1697215314,
    "Violetta":1697215318
  },
  "recordLinks":[],
  "objectData":{
    "0-1871":{
      "refId":"scrib diseased",
      "location":{
        "posX":4064.6125488281,
        "posZ":136.46923828125,
        "posY":5504.6254882813,
        "rotX":0.059046022593975,
        "rotY":0,
        "rotZ":0.24281430244446
      },
      "stats":{
        "healthCurrent":8,
        "magickaCurrent":12,
        "healthModified":8,
        "fatigueBase":64,
        "fatigueModified":64,
        "healthBase":8,
        "magickaModified":12,
        "magickaBase":12,
        "fatigueCurrent":64
      },
      "inventory":[{
          "refId":"ingred_scrib_jelly_01",
          "count":2,
          "charge":-1,
          "enchantmentCharge":-1,
          "soul":""
        }]
    },
    "282236-0":{
      "refId":"slaughterfish",
      "location":{
        "posX":5474.513671875,
        "posZ":-101.40116119385,
        "posY":2715.9475097656,
        "rotX":0,
        "rotY":0,
        "rotZ":-0.59454274177551
      },
      "stats":{
        "healthCurrent":23,
        "magickaCurrent":10,
        "healthModified":23,
        "fatigueBase":400,
        "fatigueModified":400,
        "healthBase":23,
        "magickaModified":10,
        "magickaBase":10,
        "fatigueCurrent":400
      },
      "inventory":[]
    },
    "282240-0":{
      "refId":"egg_kwama00",
      "inventory":[]
    },
    "282253-0":{
      "refId":"egg_kwama00",
      "inventory":[]
    },
    "282237-0":{
      "refId":"mansilamat vabdas",
      "location":{
        "posX":2577.1767578125,
        "posZ":-584.15979003906,
        "posY":5464.505859375,
        "rotX":0,
        "rotY":0,
        "rotZ":4.6146001815796
      },
      "stats":{
        "healthCurrent":0,
        "magickaCurrent":20,
        "healthModified":0,
        "fatigueBase":187,
        "fatigueModified":187,
        "healthBase":0,
        "magickaModified":20,
        "magickaBase":20,
        "fatigueCurrent":187
      },
      "equipment":[null,null,null,null,null,null,{
          "refId":"common_shoes_05",
          "count":1,
          "charge":-1,
          "enchantmentCharge":-1
        },{
          "refId":"common_shirt_02_rr",
          "count":1,
          "charge":-1,
          "enchantmentCharge":-1
        },{
          "refId":"common_pants_03_c",
          "count":1,
          "charge":-1,
          "enchantmentCharge":-1
        }],
      "inventory":[{
          "refId":"common_shirt_02_rr",
          "count":1,
          "charge":-1,
          "enchantmentCharge":-1,
          "soul":""
        },{
          "refId":"common_shoes_05",
          "count":1,
          "charge":-1,
          "enchantmentCharge":-1,
          "soul":""
        },{
          "refId":"common_pants_03_c",
          "count":1,
          "charge":-1,
          "enchantmentCharge":-1,
          "soul":""
        }]
    },
    "282257-0":{
      "refId":"egg_kwama00",
      "inventory":[]
    },
    "282235-0":{
      "refId":"slaughterfish",
      "location":{
        "posX":4990.4091796875,
        "posZ":-100.02233886719,
        "posY":2933.4448242188,
        "rotX":0,
        "rotY":0,
        "rotZ":5.5831861495972
      },
      "stats":{
        "healthCurrent":23,
        "magickaCurrent":10,
        "healthModified":23,
        "fatigueBase":400,
        "fatigueModified":400,
        "healthBase":23,
        "magickaModified":10,
        "magickaBase":10,
        "fatigueCurrent":400
      },
      "inventory":[]
    },
    "0-1870":{
      "refId":"kwama forager",
      "location":{
        "posX":3383.6530761719,
        "posZ":102.18614196777,
        "posY":3673.0771484375,
        "rotX":-1.059999704361,
        "rotY":0,
        "rotZ":-2.1725051403046
      },
      "stats":{
        "healthCurrent":0,
        "magickaCurrent":15,
        "healthModified":23,
        "fatigueBase":300,
        "fatigueModified":300,
        "healthBase":23,
        "magickaModified":15,
        "magickaBase":15,
        "fatigueCurrent":291.57287597656
      },
      "inventory":[],
      "spellsActive":[],
      "killer":{
        "playerName":"ZIR"
      },
      "deathState":46
    },
    "413161-0":{
      "refId":"ancestor_ghost_vabdas",
      "location":{
        "posX":2563.0720214844,
        "posZ":-119.99215698242,
        "posY":5154.46484375,
        "rotX":0,
        "rotY":0,
        "rotZ":4.8431844711304
      },
      "stats":{
        "healthCurrent":0,
        "magickaCurrent":280,
        "healthModified":220,
        "fatigueBase":400,
        "fatigueModified":400,
        "healthBase":220,
        "magickaModified":280,
        "magickaBase":280,
        "fatigueCurrent":400
      },
      "inventory":[],
      "state":false,
      "spellsActive":[],
      "killer":{
        "playerName":"Violetta"
      },
      "deathState":38
    },
    "282256-0":{
      "refId":"egg_kwama00",
      "inventory":[]
    },
    "282255-0":{
      "refId":"egg_kwama00",
      "inventory":[]
    },
    "282254-0":{
      "refId":"egg_kwama00",
      "inventory":[]
    }
  },
  "loadState":{
    "hasFullContainerData":true,
    "hasFullActorList":true
  }
}