{
  "packets":{
    "actorList":["13302-0","13277-0","13281-0","13305-0","13304-0","13280-0","13278-0","13279-0","13303-0"],
    "ai":[],
    "cellChangeFrom":[],
    "cellChangeTo":[],
    "container":["13267-0","13268-0","13269-0","13285-0","13286-0","13287-0","13288-0","13289-0","13290-0","13291-0","22992-0","22993-0","22994-0","22995-0","13302-0","13303-0","13304-0","13305-0","13277-0","13278-0","13279-0","13280-0","13281-0"],
    "death":["13280-0","13281-0"],
    "delete":["22999-0"],
    "doorState":[],
    "equipment":["13302-0","13304-0","13305-0","13303-0"],
    "lock":[],
    "place":[],
    "position":["13277-0","13278-0","13279-0","13280-0","13281-0","13302-0","13303-0","13304-0","13305-0"],
    "scale":[],
    "spawn":[],
    "state":[],
    "statsDynamic":["13277-0","13278-0","13279-0","13280-0","13281-0","13302-0","13303-0","13304-0","13305-0"],
    "trap":[],
    "spellsActive":[],
    "miscellaneous":["13303-0","13305-0","13304-0"],
    "clientScriptLocal":[]
  },
  "entry":{
    "creationTime":1697214804,
    "description":"Gnisis, Eggmine"
  },
  "lastVisit":{
    "ZIR":1697355455,
    "Adamast":1697215335,
    "Violetta":1697214963
  },
  "recordLinks":[],
  "objectData":{
    "13277-0":{
      "refId":"scrib",
      "location":{
        "posX":5901.9711914063,
        "posZ":652.60974121094,
        "posY":1634.5681152344,
        "rotX":0.22565869987011,
        "rotY":0,
        "rotZ":-3.0654852390289
      },
      "stats":{
        "healthCurrent":8,
        "magickaCurrent":12,
        "healthModified":8,
        "fatigueBase":300,
        "fatigueModified":300,
        "healthBase":8,
        "magickaModified":12,
        "magickaBase":12,
        "fatigueCurrent":300
      },
      "inventory":[]
    },
    "13278-0":{
      "refId":"scrib",
      "location":{
        "posX":5887.384765625,
        "posZ":632.37872314453,
        "posY":2029.9892578125,
        "rotX":-0.14413625001907,
        "rotY":0,
        "rotZ":3.1389682292938
      },
      "stats":{
        "healthCurrent":8,
        "magickaCurrent":12,
        "healthModified":8,
        "fatigueBase":300,
        "fatigueModified":300,
        "healthBase":8,
        "magickaModified":12,
        "magickaBase":12,
        "fatigueCurrent":300
      },
      "inventory":[]
    },
    "13289-0":{
      "refId":"egg_kwama00",
      "inventory":[{
          "refId":"food_kwama_egg_02",
          "count":1,
          "charge":-1,
          "enchantmentCharge":-1,
          "soul":""
        }]
    },
    "22992-0":{
      "refId":"crate_01_eggs",
      "inventory":[]
    },
    "13268-0":{
      "refId":"egg_kwama00",
      "inventory":[{
          "refId":"food_kwama_egg_02",
          "count":1,
          "charge":-1,
          "enchantmentCharge":-1,
          "soul":""
        }]
    },
    "13285-0":{
      "refId":"egg_kwama00",
      "inventory":[{
          "refId":"food_kwama_egg_02",
          "count":1,
          "charge":-1,
          "enchantmentCharge":-1,
          "soul":""
        }]
    },
    "13279-0":{
      "refId":"scrib",
      "location":{
        "posX":5579.0854492188,
        "posZ":653.65661621094,
        "posY":2078.3312988281,
        "rotX":-0.083603374660015,
        "rotY":0,
        "rotZ":-1.6878578662872
      },
      "stats":{
        "healthCurrent":8,
        "magickaCurrent":12,
        "healthModified":8,
        "fatigueBase":300,
        "fatigueModified":300,
        "healthBase":8,
        "magickaModified":12,
        "magickaBase":12,
        "fatigueCurrent":300
      },
      "inventory":[]
    },
    "13290-0":{
      "refId":"egg_kwama00",
      "inventory":[{
          "refId":"food_kwama_egg_02",
          "count":1,
          "charge":-1,
          "enchantmentCharge":-1,
          "soul":""
        }]
    },
    "13302-0":{
      "refId":"kummi-namus almu",
      "location":{
        "posX":3837.9506835938,
        "posZ":145.83404541016,
        "posY":884.20733642578,
        "rotX":-0.43366086483002,
        "rotY":0,
        "rotZ":1.6993634700775
      },
      "stats":{
        "healthCurrent":82,
        "magickaCurrent":86,
        "healthModified":82,
        "fatigueBase":201,
        "fatigueModified":201,
        "healthBase":82,
        "magickaModified":86,
        "magickaBase":86,
        "fatigueCurrent":201
      },
      "equipment":{
        "7":{
          "refId":"common_shoes_02",
          "count":1,
          "charge":-1,
          "enchantmentCharge":-1
        },
        "8":{
          "refId":"common_shirt_03",
          "count":1,
          "charge":-1,
          "enchantmentCharge":-1
        },
        "16":{
          "refId":"miner's pick",
          "count":1,
          "charge":-1,
          "enchantmentCharge":-1
        },
        "9":{
          "refId":"common_pants_02",
          "count":1,
          "charge":-1,
          "enchantmentCharge":-1
        }
      },
      "inventory":[{
          "refId":"common_shirt_03",
          "count":1,
          "charge":-1,
          "enchantmentCharge":-1,
          "soul":""
        },{
          "refId":"common_shoes_02",
          "count":1,
          "charge":-1,
          "enchantmentCharge":-1,
          "soul":""
        },{
          "refId":"common_pants_02",
          "count":1,
          "charge":-1,
          "enchantmentCharge":-1,
          "soul":""
        },{
          "refId":"food_kwama_egg_01",
          "count":1,
          "charge":-1,
          "enchantmentCharge":-1,
          "soul":""
        },{
          "refId":"miner's pick",
          "count":1,
          "charge":-1,
          "enchantmentCharge":-1,
          "soul":""
        }]
    },
    "13287-0":{
      "refId":"egg_kwama00",
      "inventory":[{
          "refId":"food_kwama_egg_02",
          "count":1,
          "charge":-1,
          "enchantmentCharge":-1,
          "soul":""
        }]
    },
    "13281-0":{
      "refId":"rat",
      "location":{
        "posX":5822.7666015625,
        "posZ":106.11109924316,
        "posY":4763.7734375,
        "rotX":-0.48247262835503,
        "rotY":0,
        "rotZ":2.7656409740448
      },
      "stats":{
        "healthCurrent":0,
        "magickaCurrent":10,
        "healthModified":23,
        "fatigueBase":300,
        "fatigueModified":300,
        "healthBase":23,
        "magickaModified":10,
        "magickaBase":10,
        "fatigueCurrent":300
      },
      "inventory":[{
          "refId":"ingred_rat_meat_01",
          "count":1,
          "charge":-1,
          "enchantmentCharge":-1,
          "soul":""
        }],
      "spellsActive":[],
      "killer":{
        "playerName":"ZIR"
      },
      "deathState":38
    },
    "22994-0":{
      "refId":"crate_01_eggs",
      "inventory":[{
          "refId":"food_kwama_egg_02",
          "count":1,
          "charge":-1,
          "enchantmentCharge":-1,
          "soul":""
        }]
    },
    "13291-0":{
      "refId":"egg_kwama00",
      "inventory":[{
          "refId":"food_kwama_egg_02",
          "count":1,
          "charge":-1,
          "enchantmentCharge":-1,
          "soul":""
        }]
    },
    "22995-0":{
      "refId":"crate_01_eggs",
      "inventory":[]
    },
    "22993-0":{
      "refId":"crate_01_eggs",
      "inventory":[]
    },
    "13269-0":{
      "refId":"egg_kwama00",
      "inventory":[{
          "refId":"food_kwama_egg_02",
          "count":1,
          "charge":-1,
          "enchantmentCharge":-1,
          "soul":""
        }]
    },
    "22999-0":{
      "refId":"gold_025"
    },
    "13304-0":{
      "refId":"shanud ududnabia",
      "location":{
        "posX":4766.5073242188,
        "posZ":145.84146118164,
        "posY":898.85394287109,
        "rotX":0,
        "rotY":0,
        "rotZ":5.4977874755859
      },
      "stats":{
        "healthCurrent":82,
        "magickaCurrent":86,
        "healthModified":82,
        "fatigueBase":201,
        "fatigueModified":201,