{
  "packets":{
    "actorList":["0-2185","0-2184","0-2188","0-2183","0-2187","0-2186"],
    "ai":[],
    "cellChangeFrom":[],
    "cellChangeTo":[],
    "container":["206011-0","206078-0","206080-0","206081-0","206120-0","206121-0","206122-0","206123-0","206124-0","206125-0","206137-0","206138-0","206139-0","206140-0","354678-0","354679-0","414434-0","206059-0","0-2185","0-2184","0-2188","0-2183","0-2187","0-2186"],
    "death":["0-2185","0-2184","0-2187","0-2183","0-2186","0-2188"],
    "delete":[],
    "doorState":[],
    "equipment":[],
    "lock":["414434-0"],
    "place":["0-2190"],
    "position":["0-2183","0-2184","0-2185","0-2186","0-2187","0-2188"],
    "scale":[],
    "spawn":["0-2185","0-2184","0-2188","0-2183","0-2187","0-2186"],
    "state":[],
    "statsDynamic":["0-2183","0-2184","0-2185","0-2186","0-2187","0-2188"],
    "trap":["206078-0","206059-0"],
    "spellsActive":["0-2185","0-2187","0-2188"],
    "miscellaneous":[],
    "clientScriptLocal":[]
  },
  "entry":{
    "creationTime":1697224136,
    "description":"Mzahnch"
  },
  "lastVisit":{
    "ZIR":1697224416
  },
  "recordLinks":[],
  "objectData":{
    "0-2185":{
      "refId":"centurion_spider",
      "location":{
        "posX":3208.9875488281,
        "posZ":257.00610351563,
        "posY":2399.4477539063,
        "rotX":-0.21777048707008,
        "rotY":0,
        "rotZ":1.0091421604156
      },
      "stats":{
        "healthCurrent":0,
        "magickaCurrent":20,
        "healthModified":38,
        "fatigueBase":400,
        "fatigueModified":400,
        "healthBase":38,
        "magickaModified":20,
        "magickaBase":20,
        "fatigueCurrent":400
      },
      "inventory":[{
          "refId":"ingred_scrap_metal_01",
          "count":1,
          "charge":-1,
          "enchantmentCharge":-1,
          "soul":""
        }],
      "spellsActive":{
        "$custom_weapon_1":[{
            "startTime":1697224141,
            "caster":{
              "playerName":"ZIR"
            },
            "displayName":"Гномская секира",
            "stackingState":false,
            "effects":[{
                "arg":-1,
                "duration":1,
                "id":14,
                "timeLeft":1,
                "magnitude":26.744682312012
              }]
          }]
      },
      "killer":{
        "playerName":"ZIR"
      },
      "deathState":39
    },
    "206120-0":{
      "refId":"dwrv_barrel00",
      "inventory":[{
          "refId":"ingred_emerald_01",
          "count":1,
          "charge":-1,
          "enchantmentCharge":-1,
          "soul":""
        }]
    },
    "206081-0":{
      "refId":"dwrv_barrel10",
      "inventory":[{
          "refId":"ingred_scrap_metal_01",
          "count":1,
          "charge":-1,
          "enchantmentCharge":-1,
          "soul":""
        }]
    },
    "206080-0":{
      "refId":"dwrv_barrel10",
      "inventory":[{
          "refId":"ingred_scrap_metal_01",
          "count":1,
          "charge":-1,
          "enchantmentCharge":-1,
          "soul":""
        }]
    },
    "0-2190":{
      "refId":"imperial_greaves",
      "charge":148,
      "location":{
        "posX":4552.6064453125,
        "posZ":-126.67784118652,
        "posY":2134.2900390625,
        "rotX":0,
        "rotY":0,
        "rotZ":-1.4364969730377
      }
    },
    "206078-0":{
      "refId":"dwrv_closet00",
      "inventory":[]
    },
    "0-2188":{
      "refId":"centurion_spider",
      "location":{
        "posX":3785.9040527344,
        "posZ":257.01470947266,
        "posY":2406.7629394531,
        "rotX":-0.26527893543243,
        "rotY":0,
        "rotZ":-0.15703225135803
      },
      "stats":{
        "healthCurrent":0,
        "magickaCurrent":20,
        "healthModified":38,
        "fatigueBase":400,
        "fatigueModified":400,
        "healthBase":38,
        "magickaModified":20,
        "magickaBase":20,
        "fatigueCurrent":400
      },
      "inventory":[{
          "refId":"ingred_scrap_metal_01",
          "count":1,
          "charge":-1,
          "enchantmentCharge":-1,
          "soul":""
        }],
      "spellsActive":{
        "$custom_weapon_1":[{
            "startTime":1697224334,
            "caster":{
              "playerName":"ZIR"
            },
            "displayName":"Гномская секира",
            "stackingState":false,
            "effects":[{
                "arg":-1,
                "duration":1,
                "id":14,
                "timeLeft":1,
                "magnitude":22
              }]
          }]
      },
      "killer":{
        "playerName":"ZIR"
      },
      "deathState":39
    },
    "0-2183":{
      "refId":"dwarven ghost",
      "location":{
        "posX":3530.0302734375,
        "posZ":257.01141357422,
        "posY":2383.7216796875,
        "rotX":-0.045915704220533,
        "rotY":0,
        "rotZ":1.0091416835785
      },
      "stats":{
        "healthCurrent":0,
        "magickaCurrent":47,
        "healthModified":60,
        "fatigueBase":400,
        "fatigueModified":400,
        "healthBase":60,
        "magickaModified":75,
        "magickaBase":75,
        "fatigueCurrent":400
      },
      "inventory":[{
          "refId":"ingred_ectoplasm_01",
          "count":2,
          "charge":-1,
          "enchantmentCharge":-1,
          "soul":""
        }],
      "spellsActive":[],
      "killer":{
        "playerName":"ZIR"
      },
      "deathState":46
    },
    "206125-0":{
      "refId":"dwrv_barrel00",
      "inventory":[{
          "refId":"ingred_scrap_metal_01",
          "count":1,
          "charge":-1,
          "enchantmentCharge":-1,
          "soul":""
        },{
          "refId":"ingred_fire_salts_01",
          "count":1,
          "charge":-1,
          "enchantmentCharge":-1,
          "soul":""
        }]
    },
    "206137-0":{
      "refId":"dwrv_barrel10",
      "inventory":[]
    },
    "354678-0":{
      "refId":"dwrv_barrel00",
      "inventory":[{
          "refId":"ingred_scrap_metal_01",
          "count":1,
          "charge":-1,
          "enchantmentCharge":-1,
          "soul":""
        },{
          "refId":"ingred_raw_ebony_01",
          "count":1,
          "charge":-1,
          "enchantmentCharge":-1,
          "soul":""
        }]
    },
    "206123-0":{
      "refId":"dwrv_barrel00",
      "inventory":[{
          "refId":"ingred_scrap_metal_01",
          "count":1,
          "charge":-1,
          "enchantmentCharge":-1,
          "soul":""
        }]
    },
    "206124-0":{
      "refId":"dwrv_barrel00",
      "inventory":[{
          "refId":"ingred_diamond_01",
          "count":1,
          "charge":-1,
          "enchantmentCharge":-1,
          "soul":""
        }]
    },
    "206138-0":{
      "refId":"dwrv_barrel10",
      "inventory":[{
          "refId":"ingred_scrap_metal_01",
          "count":1,
          "charge":-1,
          "enchantmentCharge":-1,
          "soul":""
        }]
    },
    "414434-0":{
      "refId":"dwrv_chest_small",
      "inventory":[],
      "lockLevel":0
    },
    "0-2187":{
      "refId":"centurion_sphere",
      "location":{
        "posX":3759.2451171875,
        "posZ":257.01068115234,
        "posY":2466.8881835938,
        "rotX":0.14602254331112,
        "rotY":0,
        "rotZ":-1.202873468399
      },
      "stats":{
        "healthCurrent":0,
        "magickaCurrent":61,
        "healthModified":75,
        "fatigueBase":800,
        "fatigueModified":800,
        "healthBase":75,
        "magickaModified":70,
        "magickaBase":70,
        "fatigueCurrent":800
      },
      "inventory":[{
          "refId":"ingred_scrap_metal_01",
          "count":1,
          "charge":-1,
          "enchantmentCharge":-1,
          "soul":""
        }],
      "spellsActive":{
        "shock shield":[{
            "startTime":1697224167,
            "caster":{
              "refId":"centurion_sphere",
              "uniqueIndex":"0-0"
            },