{
  "packets":{
    "actorList":["274585-0","274589-0","274590-0","274591-0","274587-0","274588-0","274586-0"],
    "ai":[],
    "cellChangeFrom":[],
    "cellChangeTo":[],
    "container":["221742-0","221778-0","221779-0","221892-0","221898-0","221903-0","221904-0","274585-0","274586-0","274587-0","274589-0","274590-0","274591-0","274588-0"],
    "death":["274589-0","274585-0","274591-0","274588-0","274590-0","274587-0","274586-0"],
    "delete":["468308-0","468309-0","468310-0"],
    "doorState":["221806-0","221807-0","221841-0","221840-0"],
    "equipment":["274585-0","274589-0","274590-0","274588-0","274587-0","274591-0","274586-0"],
    "lock":["221806-0","221807-0","221841-0","221840-0"],
    "place":["0-1832"],
    "position":["274585-0","274586-0","274587-0","274588-0","274589-0","274590-0","274591-0"],
    "scale":[],
    "spawn":[],
    "state":[],
    "statsDynamic":["274585-0","274586-0","274587-0","274588-0","274589-0","274590-0","274591-0"],
    "trap":["221806-0","221807-0","221892-0","221841-0","221840-0"],
    "spellsActive":["274591-0","274586-0"],
    "miscellaneous":[],
    "clientScriptLocal":[]
  },
  "entry":{
    "creationTime":1697211913,
    "description":"Mzuleft"
  },
  "lastVisit":{
    "Violetta":1697212616,
    "Adamast":1697212831,
    "ZIR":1697212606
  },
  "recordLinks":[],
  "objectData":{
    "221779-0":{
      "refId":"crate_02_random_pos",
      "inventory":[{
          "refId":"misc_com_redware_vase",
          "count":2,
          "charge":-1,
          "enchantmentCharge":-1,
          "soul":""
        },{
          "refId":"misc_com_wood_cup_01",
          "count":1,
          "charge":-1,
          "enchantmentCharge":-1,
          "soul":""
        },{
          "refId":"misc_com_bottle_10",
          "count":1,
          "charge":-1,
          "enchantmentCharge":-1,
          "soul":""
        },{
          "refId":"misc_com_redware_cup",
          "count":1,
          "charge":-1,
          "enchantmentCharge":-1,
          "soul":""
        }]
    },
    "221903-0":{
      "refId":"dwrv_barrel00",
      "inventory":[]
    },
    "274588-0":{
      "refId":"glasha gra-magar",
      "location":{
        "posX":169.62596130371,
        "posZ":-990.99896240234,
        "posY":1617.0770263672,
        "rotX":-0.029189174994826,
        "rotY":0,
        "rotZ":1.4891126155853
      },
      "stats":{
        "healthCurrent":0,
        "magickaCurrent":108,
        "healthModified":172,
        "fatigueBase":305,
        "fatigueModified":305,
        "healthBase":172,
        "magickaModified":108,
        "magickaBase":108,
        "fatigueCurrent":305
      },
      "equipment":[{
          "refId":"netch_leather_boiled_cuirass",
          "count":1,
          "charge":204,
          "enchantmentCharge":-1
        },null,null,null,null,null,null,null,{
          "refId":"common_pants_02",
          "count":1,
          "charge":-1,
          "enchantmentCharge":-1
        }],
      "inventory":[{
          "refId":"netch_leather_boots",
          "count":1,
          "charge":-1,
          "enchantmentCharge":-1,
          "soul":""
        },{
          "refId":"netch_leather_greaves",
          "count":1,
          "charge":-1,
          "enchantmentCharge":-1,
          "soul":""
        },{
          "refId":"netch_leather_boiled_cuirass",
          "count":1,
          "charge":204,
          "enchantmentCharge":-1,
          "soul":""
        },{
          "refId":"netch_leather_cuirass",
          "count":1,
          "charge":-1,
          "enchantmentCharge":-1,
          "soul":""
        },{
          "refId":"common_pants_02",
          "count":1,
          "charge":-1,
          "enchantmentCharge":-1,
          "soul":""
        }],
      "killer":{
        "playerName":"ZIR"
      },
      "spellsActive":[],
      "deathState":40
    },
    "221892-0":{
      "refId":"dwrv_chest10_rare",
      "inventory":[]
    },
    "468309-0":{
      "refId":"key_mzuleft"
    },
    "221807-0":{
      "refId":"door_dwrv_inner00",
      "doorState":1,
      "lockLevel":0
    },
    "221840-0":{
      "refId":"door_dwrv_inner00",
      "doorState":1,
      "lockLevel":0
    },
    "468308-0":{
      "refId":"misc_dwrv_artifact10"
    },
    "274587-0":{
      "refId":"duluk gro-ghash",
      "location":{
        "posX":-1093.7545166016,
        "posZ":-606.99896240234,
        "posY":3537.7121582031,
        "rotX":-0.012055227532983,
        "rotY":0,
        "rotZ":-0.49181318283081
      },
      "stats":{
        "healthCurrent":0,
        "magickaCurrent":84,
        "healthModified":160,
        "fatigueBase":301,
        "fatigueModified":301,
        "healthBase":160,
        "magickaModified":84,
        "magickaBase":84,
        "fatigueCurrent":301
      },
      "equipment":[{
          "refId":"netch_leather_boiled_cuirass",
          "count":1,
          "charge":200,
          "enchantmentCharge":-1
        }],
      "inventory":[{
          "refId":"netch_leather_gauntlet_right",
          "count":1,
          "charge":-1,
          "enchantmentCharge":-1,
          "soul":""
        },{
          "refId":"netch_leather_gauntlet_left",
          "count":1,
          "charge":-1,
          "enchantmentCharge":-1,
          "soul":""
        },{
          "refId":"netch_leather_boots",
          "count":1,
          "charge":-1,
          "enchantmentCharge":-1,
          "soul":""
        },{
          "refId":"netch_leather_greaves",
          "count":1,
          "charge":-1,
          "enchantmentCharge":-1,
          "soul":""
        },{
          "refId":"netch_leather_boiled_cuirass",
          "count":1,
          "charge":200,
          "enchantmentCharge":-1,
          "soul":""
        }],
      "killer":{
        "playerName":"ZIR"
      },
      "spellsActive":[],
      "deathState":40
    },
    "274586-0":{
      "refId":"bugrash gro-gorzog",
      "location":{
        "posX":-1764.0495605469,
        "posZ":-798.99896240234,
        "posY":3065.8815917969,
        "rotX":0.046150133013725,
        "rotY":0,
        "rotZ":1.3033468723297
      },
      "stats":{
        "healthCurrent":0,
        "magickaCurrent":78,
        "healthModified":152,
        "fatigueBase":288,
        "fatigueModified":288,
        "healthBase":152,
        "magickaModified":78,
        "magickaBase":78,
        "fatigueCurrent":288
      },
      "equipment":[null,null,null,null,null,null,{
          "refId":"orcish_boots",
          "count":1,
          "charge":-1,
          "enchantmentCharge":-1
        }],
      "inventory":[],
      "killer":{
        "playerName":"Violetta"
      },
      "spellsActive":{
        "sword of white woe":[{
            "startTime":1697212376,
            "caster":{
              "playerName":"Adamast"
            },
            "displayName":"Меч белой скорби",
            "stackingState":false,
            "effects":[{
                "arg":-1,
                "duration":30,
                "id":18,
                "timeLeft":30,
                "magnitude":0.75
              }]
          }],
        "iron spider dagger":[{
            "startTime":1697212377,
            "caster":{
              "playerName":"Violetta"
            },
            "stackingState":false,
            "displayName":"Железн паучий кинжал",
            "effects":[{
                "arg":-1,
                "duration":3,
                "id":23,
                "timeLeft":3,
                "magnitude":1.482013463974
              }]
          }]
      },
      "deathState":38
    },
    "274589-0":{
      "refId":"mugdul gro-yagarz",
      "location":{
        "posX":-159.53598022461,
        "posZ":-991,
        "posY":2087.5163574219,
        "rotX":-0.056067261844873,
        "rotY":0,
        "rotZ":-2.0222780704498
      },
      "stats":{
        "healthCurrent":0,
        "magickaCurrent":86,
        "healthModified":166,
        "fatigueBase":305,