{
  "packets":{
    "actorList":["0-1593","0-1590","0-1592","0-1591","193304-0","377938-0"],
    "ai":[],
    "cellChangeFrom":[],
    "cellChangeTo":[],
    "container":["193220-0","193221-0","193230-0","193236-0","193237-0","193266-0","193276-0","193277-0","193278-0","193279-0","193280-0","193284-0","193300-0","193304-0","377938-0","0-1593","0-1590","0-1592","0-1591"],
    "death":["0-1593","0-1590","0-1591","0-1592"],
    "delete":["377939-0","193274-0","193227-0"],
    "doorState":[],
    "equipment":["193304-0"],
    "lock":["193284-0"],
    "place":["0-1597"],
    "position":["193304-0","377938-0","0-1590","0-1591","0-1592","0-1593"],
    "scale":[],
    "spawn":["0-1593","0-1590","0-1592","0-1591"],
    "state":[],
    "statsDynamic":["193304-0","377938-0","0-1590","0-1591","0-1592","0-1593"],
    "trap":["193220-0"],
    "spellsActive":["0-1593","0-1591","0-1592"],
    "miscellaneous":[],
    "clientScriptLocal":[]
  },
  "entry":{
    "creationTime":1696790484,
    "description":"Nchuleftingth, Lower Levels"
  },
  "lastVisit":{
    "ZIR":1696791047,
    "Adamast":1696790613,
    "Violetta":1696791049
  },
  "recordLinks":{
    "armor":[]
  },
  "objectData":{
    "193277-0":{
      "refId":"dwrv_barrel00",
      "inventory":[]
    },
    "377938-0":{
      "refId":"centurion_fire_dead",
      "location":{
        "posX":1496.5516357422,
        "posZ":-511,
        "posY":2595.0014648438,
        "rotX":0,
        "rotY":0,
        "rotZ":2.8931846618652
      },
      "stats":{
        "healthCurrent":0,
        "magickaCurrent":50,
        "healthModified":0,
        "fatigueBase":50,
        "fatigueModified":50,
        "healthBase":0,
        "magickaModified":50,
        "magickaBase":50,
        "fatigueCurrent":50
      },
      "inventory":[]
    },
    "193284-0":{
      "refId":"dwrv_chest10",
      "inventory":[],
      "lockLevel":0
    },
    "193266-0":{
      "refId":"dwrv_barrel10",
      "inventory":[]
    },
    "193236-0":{
      "refId":"dwrv_barrel00",
      "inventory":[{
          "refId":"ingred_scrap_metal_01",
          "count":1,
          "charge":-1,
          "enchantmentCharge":-1,
          "soul":""
        }]
    },
    "193279-0":{
      "refId":"dwrv_barrel10",
      "inventory":[]
    },
    "193274-0":{
      "refId":"misc_dwrv_goblet10"
    },
    "0-1591":{
      "refId":"centurion_spider",
      "location":{
        "posX":1031.2001953125,
        "posZ":-126.99013519287,
        "posY":253.09326171875,
        "rotX":-0.24515236914158,
        "rotY":0,
        "rotZ":0.20541548728943
      },
      "stats":{
        "healthCurrent":0,
        "magickaCurrent":20,
        "healthModified":38,
        "fatigueBase":400,
        "fatigueModified":400,
        "healthBase":38,
        "magickaModified":20,
        "magickaBase":20,
        "fatigueCurrent":397.42459106445
      },
      "inventory":[{
          "refId":"ingred_scrap_metal_01",
          "count":1,
          "charge":-1,
          "enchantmentCharge":-1,
          "soul":""
        }],
      "spellsActive":{
        "$custom_weapon_1":[{
            "startTime":1696790754,
            "caster":{
              "playerName":"ZIR"
            },
            "stackingState":false,
            "displayName":"Гномская секира",
            "effects":[{
                "arg":-1,
                "duration":1,
                "id":14,
                "timeLeft":1,
                "magnitude":20.799787521362
              }]
          }]
      },
      "killer":{
        "playerName":"ZIR"
      },
      "deathState":39
    },
    "0-1592":{
      "refId":"centurion_spider",
      "location":{
        "posX":2618.017578125,
        "posZ":257.00231933594,
        "posY":861.36108398438,
        "rotX":-0.22940155863762,
        "rotY":0,
        "rotZ":0.58962845802307
      },
      "stats":{
        "healthCurrent":0,
        "magickaCurrent":20,
        "healthModified":38,
        "fatigueBase":400,
        "fatigueModified":400,
        "healthBase":38,
        "magickaModified":20,
        "magickaBase":20,
        "fatigueCurrent":400
      },
      "inventory":[{
          "refId":"ingred_scrap_metal_01",
          "count":1,
          "charge":-1,
          "enchantmentCharge":-1,
          "soul":""
        }],
      "spellsActive":{
        "$custom_weapon_1":[{
            "startTime":1696790983,
            "caster":{
              "playerName":"ZIR"
            },
            "displayName":"Гномская секира",
            "stackingState":false,
            "effects":[{
                "arg":-1,
                "duration":1,
                "id":14,
                "timeLeft":1,
                "magnitude":29
              }]
          }]
      },
      "killer":{
        "playerName":"ZIR"
      },
      "deathState":39
    },
    "193237-0":{
      "refId":"dwrv_barrel00",
      "inventory":[]
    },
    "0-1593":{
      "refId":"centurion_sphere",
      "location":{
        "posX":2343.7036132813,
        "posZ":-510.98684692383,
        "posY":2330.3520507813,
        "rotX":0.1543086618185,
        "rotY":0,
        "rotZ":-3.1338331699371
      },
      "stats":{
        "healthCurrent":0,
        "magickaCurrent":61,
        "healthModified":75,
        "fatigueBase":800,
        "fatigueModified":800,
        "healthBase":75,
        "magickaModified":70,
        "magickaBase":70,
        "fatigueCurrent":798.90649414063
      },
      "inventory":[],
      "spellsActive":{
        "shock shield":[{
            "startTime":1696790527,
            "caster":{
              "refId":"centurion_sphere",
              "uniqueIndex":"0-0"
            },
            "displayName":"Щит молний",
            "stackingState":false,
            "effects":[{
                "arg":-1,
                "duration":20,
                "id":5,
                "timeLeft":20,
                "magnitude":3
              }]
          }]
      },
      "killer":{
        "playerName":"ZIR"
      },
      "deathState":38
    },
    "193230-0":{
      "refId":"dwrv_barrel10",
      "inventory":[]
    },
    "193221-0":{
      "refId":"dwrv_closet00",
      "inventory":[]
    },
    "193304-0":{
      "refId":"anes vendu",
      "location":{
        "posX":1564.37109375,
        "posZ":-511,
        "posY":2387.8701171875,
        "rotX":0,
        "rotY":0,
        "rotZ":5.1731858253479
      },
      "stats":{
        "healthCurrent":0,
        "magickaCurrent":82,
        "healthModified":0,
        "fatigueBase":164,
        "fatigueModified":164,
        "healthBase":0,
        "magickaModified":82,
        "magickaBase":82,
        "fatigueCurrent":164
      },
      "equipment":{
        "7":{
          "refId":"common_shoes_02",
          "count":1,
          "charge":-1,
          "enchantmentCharge":-1
        },
        "8":{
          "refId":"common_shirt_02",
          "count":1,
          "charge":-1,
          "enchantmentCharge":-1
        },
        "9":{
          "refId":"common_pants_02",
          "count":1,
          "charge":-1,
          "enchantmentCharge":-1
        },
        "15":{
          "refId":"common_belt_02",
          "count":1,
          "charge":-1,
          "enchantmentCharge":-1
        },
        "16":{
          "refId":"chitin dagger",
          "count":1,
          "charge":-1,
          "enchantmentCharge":-1
        }
      },
      "inventory":[{
          "refId":"common_belt_02",
          "count":1,
          "charge":-1,
          "enchantmentCharge":-1,
          "soul":""
        },{
          "refId":"common_shirt_02",
          "count":1,
          "charge":-1,
          "enchantmentCharge":-1,
          "soul":""
        },{
          "refId":"common_shoes_02",
          "count":1,
          "charge":-1,
          "enchantmentCharge":-1,
          "soul":""
        },{
          "refId":"common_pants_02",
          "count":1,
          "charge":-1,
          "enchantmentCharge":-1,