{
  "packets":{
    "actorList":["0-2220","0-2221","0-2224","0-2222","0-2223"],
    "ai":[],
    "cellChangeFrom":[],
    "cellChangeTo":[],
    "container":["385669-0","385670-0","385671-0","385672-0","385673-0","385674-0","385675-0","385676-0","385677-0","385678-0","385679-0","385680-0","385681-0","385687-0","385688-0","385668-0","0-2220","0-2221","0-2224","0-2222","0-2223"],
    "death":["0-2224","0-2223","0-2221","0-2222","0-2220"],
    "delete":["385682-0","385683-0","385684-0","385685-0"],
    "doorState":["167477-0","167475-0"],
    "equipment":["0-2222","0-2220","0-2223"],
    "lock":["385687-0"],
    "place":[],
    "position":["0-2220","0-2221","0-2222","0-2223","0-2224"],
    "scale":[],
    "spawn":["0-2220","0-2221","0-2224","0-2222","0-2223"],
    "state":[],
    "statsDynamic":["0-2220","0-2221","0-2222","0-2223","0-2224"],
    "trap":["385668-0"],
    "spellsActive":["0-2221","0-2223","0-2222","0-2220"],
    "miscellaneous":[],
    "clientScriptLocal":[]
  },
  "entry":{
    "creationTime":1697224925,
    "description":"Samarys Ancestral Tomb"
  },
  "lastVisit":{
    "Adamast":1697225074,
    "ZIR":1697225081
  },
  "recordLinks":[],
  "objectData":{
    "385671-0":{
      "refId":"urn_ash00",
      "inventory":[]
    },
    "385676-0":{
      "refId":"urn_ash00",
      "inventory":[]
    },
    "385674-0":{
      "refId":"urn_ash00",
      "inventory":[]
    },
    "385684-0":{
      "refId":"ingred_kresh_fiber_01"
    },
    "0-2221":{
      "refId":"bonelord",
      "location":{
        "posX":-255.33871459961,
        "posZ":1.0166907310486,
        "posY":978.87353515625,
        "rotX":0.09229451417923,
        "rotY":0,
        "rotZ":-1.4604179859161
      },
      "stats":{
        "healthCurrent":0,
        "magickaCurrent":242,
        "healthModified":90,
        "fatigueBase":500,
        "fatigueModified":500,
        "healthBase":90,
        "magickaModified":400,
        "magickaBase":400,
        "fatigueCurrent":500
      },
      "inventory":[],
      "spellsActive":{
        "second barrier":[{
            "startTime":1697224937,
            "caster":{
              "refId":"bonelord",
              "uniqueIndex":"0-0"
            },
            "stackingState":false,
            "displayName":"Second Barrier",
            "effects":[{
                "arg":-1,
                "duration":30,
                "id":3,
                "timeLeft":30,
                "magnitude":20
              }]
          }]
      },
      "killer":{
        "playerName":"ZIR"
      },
      "deathState":38
    },
    "167475-0":{
      "refId":"in_velothismall_ndoor_01",
      "doorState":2
    },
    "385672-0":{
      "refId":"urn_ash00",
      "inventory":[]
    },
    "385683-0":{
      "refId":"ingred_bc_hypha_facia"
    },
    "385669-0":{
      "refId":"urn_ash00",
      "inventory":[]
    },
    "385682-0":{
      "refId":"sc_telvinscourage"
    },
    "167477-0":{
      "refId":"in_velothismall_ndoor_01",
      "doorState":1
    },
    "385680-0":{
      "refId":"urn_ash00",
      "inventory":[{
          "refId":"ingred_bonemeal_01",
          "count":1,
          "charge":-1,
          "enchantmentCharge":-1,
          "soul":""
        }]
    },
    "0-2223":{
      "refId":"skeleton warrior",
      "location":{
        "posX":-662.49700927734,
        "posZ":1.0133842229843,
        "posY":1041.9649658203,
        "rotX":0,
        "rotY":0,
        "rotZ":2.2593400478363
      },
      "stats":{
        "healthCurrent":0,
        "magickaCurrent":30,
        "healthModified":80,
        "fatigueBase":1000,
        "fatigueModified":1000,
        "healthBase":80,
        "magickaModified":30,
        "magickaBase":30,
        "fatigueCurrent":975.44647216797
      },
      "equipment":{
        "17":{
          "refId":"iron_shield",
          "count":1,
          "charge":156,
          "enchantmentCharge":-1
        },
        "16":{
          "refId":"steel katana",
          "count":1,
          "charge":1799,
          "enchantmentCharge":-1
        }
      },
      "inventory":[{
          "refId":"iron_shield",
          "count":1,
          "charge":156,
          "enchantmentCharge":-1,
          "soul":""
        },{
          "refId":"steel katana",
          "count":1,
          "charge":1799,
          "enchantmentCharge":-1,
          "soul":""
        }],
      "killer":{
        "playerName":"Adamast"
      },
      "spellsActive":{
        "arrow of wasting viper":[{
            "startTime":1697224950,
            "caster":{
              "playerName":"Adamast"
            },
            "displayName":"Arrow of Wasting Viper",
            "stackingState":false,
            "effects":[{
                "arg":-1,
                "duration":5,
                "id":35,
                "timeLeft":5,
                "magnitude":10
              },{
                "arg":-1,
                "duration":1,
                "id":27,
                "timeLeft":1,
                "magnitude":0.39418649673462
              }]
          }]
      },
      "deathState":42
    },
    "385677-0":{
      "refId":"urn_ash00",
      "inventory":[{
          "refId":"ingred_bonemeal_01",
          "count":1,
          "charge":-1,
          "enchantmentCharge":-1,
          "soul":""
        }]
    },
    "385670-0":{
      "refId":"urn_ash00",
      "inventory":[]
    },
    "385678-0":{
      "refId":"urn_ash00",
      "inventory":[]
    },
    "385681-0":{
      "refId":"urn_ash00",
      "inventory":[]
    },
    "385687-0":{
      "refId":"chest_tomb_large00",
      "inventory":[{
          "refId":"silver shardblade",
          "count":1,
          "charge":-1,
          "enchantmentCharge":-1,
          "soul":""
        },{
          "refId":"cruel sparksword",
          "count":1,
          "charge":-1,
          "enchantmentCharge":-1,
          "soul":""
        }],
      "lockLevel":0
    },
    "385675-0":{
      "refId":"urn_ash00",
      "inventory":[]
    },
    "0-2224":{
      "refId":"bonewalker_greater",
      "location":{
        "posX":-1180.9555664063,
        "posZ":1.0066195726395,
        "posY":1029.1387939453,
        "rotX":0.037749912589788,
        "rotY":0,
        "rotZ":2.9198405742645
      },
      "stats":{
        "healthCurrent":0,
        "magickaCurrent":72,
        "healthModified":100,
        "fatigueBase":260,
        "fatigueModified":260,
        "healthBase":100,
        "magickaModified":75,
        "magickaBase":75,
        "fatigueCurrent":260
      },
      "inventory":[{
          "refId":"ingred_bonemeal_01",
          "count":3,
          "charge":-1,
          "enchantmentCharge":-1,
          "soul":""
        },{
          "refId":"misc_soulgem_lesser",
          "count":1,
          "charge":-1,
          "enchantmentCharge":-1,
          "soul":""
        }],
      "spellsActive":[],
      "killer":{
        "playerName":"ZIR"
      },
      "deathState":38
    },
    "0-2220":{
      "refId":"skeleton champion",
      "location":{
        "posX":283.82962036133,
        "posZ":1.0166238546371,
        "posY":574.14141845703,
        "rotX":0,
        "rotY":0,
        "rotZ":2.7983973026276
      },
      "stats":{
        "healthCurrent":0,
        "magickaCurrent":30,
        "healthModified":150,
        "fatigueBase":1000,
        "fatigueModified":1000,
        "healthBase":150,
        "magickaModified":30,
        "magickaBase":30,
        "fatigueCurrent":865.96447753906
      },
      "equipment":{
        "17":{
          "refId":"iron_shield",
          "count":1,
          "charge":88,
          "enchantmentCharge":-1
        },
        "16":{
          "refId":"silver war axe",
          "count":1,
          "charge":715,
          "enchantmentCharge":-1
        }
      },
      "inventory":[{
          "refId":"iron_shield",
          "count":1,
          "charge":88,
          "enchantmentCharge":-1,