{
  "packets":{
    "actorList":["172858-0","119636-0","172857-0"],
    "ai":[],
    "cellChangeFrom":[],
    "cellChangeTo":[],
    "container":["414037-0","119529-0","119620-0","321345-0","119623-0","397572-0","397573-0","397574-0","397575-0","397576-0","397577-0","397578-0","172857-0","172858-0","119636-0"],
    "death":[],
    "delete":["454283-0","454281-0","454282-0","119577-0","454284-0","119619-0","119617-0","119618-0","483189-0","321408-0","321407-0","321406-0","119609-0","321384-0","321391-0","119580-0","119582-0","119583-0","119579-0","119581-0","454285-0"],
    "doorState":["397586-0"],
    "equipment":["172858-0","119636-0","172857-0"],
    "lock":["119623-0"],
    "place":[],
    "position":["119636-0","172857-0","172858-0"],
    "scale":[],
    "spawn":[],
    "state":[],
    "statsDynamic":["119636-0","172857-0","172858-0"],
    "trap":[],
    "spellsActive":[],
    "miscellaneous":["172858-0"],
    "clientScriptLocal":[]
  },
  "entry":{
    "creationTime":1696087816,
    "description":"Seyda Neen, Census and Excise Office"
  },
  "lastVisit":{
    "ZIR":1696089982,
    "Adamast":1696785726,
    "Violetta":1696089985
  },
  "recordLinks":[],
  "objectData":{
    "397577-0":{
      "refId":"com_sack_01_ingred",
      "inventory":[]
    },
    "397586-0":{
      "refId":"in_c_door_arched",
      "doorState":1
    },
    "119577-0":{
      "refId":"chargen dagger"
    },
    "397573-0":{
      "refId":"com_basket_01_chargen",
      "inventory":[{
          "refId":"misc_com_bottle_10",
          "count":1,
          "charge":-1,
          "enchantmentCharge":-1,
          "soul":""
        }]
    },
    "397578-0":{
      "refId":"com_sack_03_ingredients",
      "inventory":[]
    },
    "172857-0":{
      "refId":"chargen door guard",
      "location":{
        "posX":69.677291870117,
        "posZ":193.00001525879,
        "posY":180.36071777344,
        "rotX":0,
        "rotY":0,
        "rotZ":3.1415927410126
      },
      "stats":{
        "healthCurrent":170,
        "magickaCurrent":110,
        "healthModified":170,
        "fatigueBase":265,
        "fatigueModified":265,
        "healthBase":170,
        "magickaModified":110,
        "magickaBase":110,
        "fatigueCurrent":265
      },
      "equipment":{
        "0":{
          "refId":"imperial helmet armor",
          "count":1,
          "charge":-1,
          "enchantmentCharge":-1
        },
        "1":{
          "refId":"imperial cuirass_armor",
          "count":1,
          "charge":-1,
          "enchantmentCharge":-1
        },
        "3":{
          "refId":"imperial left pauldron",
          "count":1,
          "charge":-1,
          "enchantmentCharge":-1
        },
        "4":{
          "refId":"imperial right pauldron",
          "count":1,
          "charge":-1,
          "enchantmentCharge":-1
        },
        "5":{
          "refId":"imperial left gauntlet",
          "count":1,
          "charge":-1,
          "enchantmentCharge":-1
        },
        "6":{
          "refId":"imperial right gauntlet",
          "count":1,
          "charge":-1,
          "enchantmentCharge":-1
        },
        "7":{
          "refId":"imperial boots",
          "count":1,
          "charge":-1,
          "enchantmentCharge":-1
        },
        "10":{
          "refId":"imperial skirt_clothing",
          "count":1,
          "charge":-1,
          "enchantmentCharge":-1
        },
        "15":{
          "refId":"imperial belt",
          "count":1,
          "charge":-1,
          "enchantmentCharge":-1
        },
        "16":{
          "refId":"imperial broadsword",
          "count":1,
          "charge":-1,
          "enchantmentCharge":-1
        },
        "17":{
          "refId":"imperial shield",
          "count":1,
          "charge":-1,
          "enchantmentCharge":-1
        }
      },
      "inventory":[{
          "refId":"imperial shield",
          "count":1,
          "charge":-1,
          "enchantmentCharge":-1,
          "soul":""
        },{
          "refId":"imperial right gauntlet",
          "count":1,
          "charge":-1,
          "enchantmentCharge":-1,
          "soul":""
        },{
          "refId":"imperial left gauntlet",
          "count":1,
          "charge":-1,
          "enchantmentCharge":-1,
          "soul":""
        },{
          "refId":"imperial boots",
          "count":1,
          "charge":-1,
          "enchantmentCharge":-1,
          "soul":""
        },{
          "refId":"imperial right pauldron",
          "count":1,
          "charge":-1,
          "enchantmentCharge":-1,
          "soul":""
        },{
          "refId":"imperial left pauldron",
          "count":1,
          "charge":-1,
          "enchantmentCharge":-1,
          "soul":""
        },{
          "refId":"imperial cuirass_armor",
          "count":1,
          "charge":-1,
          "enchantmentCharge":-1,
          "soul":""
        },{
          "refId":"imperial helmet armor",
          "count":1,
          "charge":-1,
          "enchantmentCharge":-1,
          "soul":""
        },{
          "refId":"imperial skirt_clothing",
          "count":1,
          "charge":-1,
          "enchantmentCharge":-1,
          "soul":""
        },{
          "refId":"imperial belt",
          "count":1,
          "charge":-1,
          "enchantmentCharge":-1,
          "soul":""
        },{
          "refId":"imperial broadsword",
          "count":1,
          "charge":-1,
          "enchantmentCharge":-1,
          "soul":""
        }]
    },
    "119529-0":{
      "refId":"chest_small_02_rndgold",
      "inventory":[{
          "refId":"gold_001",
          "count":35,
          "charge":-1,
          "enchantmentCharge":-1,
          "soul":""
        }]
    },
    "483189-0":{
      "refId":"bk_firmament"
    },
    "119623-0":{
      "refId":"chest_small_02_lockprac",
      "inventory":[],
      "lockLevel":0
    },
    "321407-0":{
      "refId":"ingred_bread_01"
    },
    "454281-0":{
      "refId":"ingred_bread_01"
    },
    "119620-0":{
      "refId":"com_basket_01_chpfood",
      "inventory":[]
    },
    "321391-0":{
      "refId":"misc_imp_silverware_pitcher"
    },
    "119583-0":{
      "refId":"misc_com_silverware_knife"
    },
    "119582-0":{
      "refId":"misc_com_silverware_fork"
    },
    "454285-0":{
      "refId":"light_com_candle_10_128"
    },
    "119609-0":{
      "refId":"misc_imp_silverware_pitcher"
    },
    "119618-0":{
      "refId":"potion_local_brew_01"
    },
    "414037-0":{
      "refId":"stolen_goods",
      "inventory":[]
    },
    "397576-0":{
      "refId":"com_sack_01_ingred",
      "inventory":[]
    },
    "321345-0":{
      "refId":"com_basket_01_chpfood",
      "inventory":[]
    },
    "119636-0":{
      "refId":"chargen class",
      "location":{
        "posX":236.55047607422,
        "posZ":193.00001525879,
        "posY":-112.19209289551,
        "rotX":0,
        "rotY":0,
        "rotZ":4.7123889923096
      },
      "stats":{
        "healthCurrent":102,
        "magickaCurrent":160,
        "healthModified":102,
        "fatigueBase":236,
        "fatigueModified":236,
        "healthBase":102,
        "magickaModified":160,
        "magickaBase":160,
        "fatigueCurrent":236
      },
      "equipment":{
        "7":{
          "refId":"common_shoes_03",
          "count":1,
          "charge":-1,
          "enchantmentCharge":-1
        },
        "16":{
          "refId":"steel shardblade",
          "count":1,
          "charge":-1,
          "enchantmentCharge":-1
        },
        "11":{
          "refId":"common_robe_05",
          "count":1,
          "charge":-1,
          "enchantmentCharge":-1
        }
      },
      "inventory":[{
          "refId":"common_robe_05",
          "count":1,
          "charge":-1,
          "enchantmentCharge":-1,
          "soul":""
        },{
          "refId":"common_shoes_03",
          "count":1,
          "charge":-1,