{
  "packets":{
    "actorList":["362420-0","262718-0","262719-0","362419-0","262715-0","262716-0","289005-0","262722-0","262717-0"],
    "ai":[],
    "cellChangeFrom":[],
    "cellChangeTo":[],
    "container":["351188-0","351196-0","351197-0","351264-0","351266-0","351270-0","351272-0","262715-0","262716-0","262717-0","262718-0","262719-0","289005-0","362419-0","362420-0","262722-0"],
    "death":[],
    "delete":[],
    "doorState":[],
    "equipment":["362420-0","262717-0","262719-0","362419-0","262715-0","262716-0","289005-0","262722-0","262718-0"],
    "lock":[],
    "place":[],
    "position":["262715-0","262716-0","262717-0","262718-0","262719-0","262722-0","289005-0","362419-0","362420-0"],
    "scale":[],
    "spawn":[],
    "state":[],
    "statsDynamic":["262715-0","262716-0","262717-0","262718-0","262719-0","262722-0","289005-0","362419-0","362420-0"],
    "trap":[],
    "spellsActive":[],
    "miscellaneous":["262718-0","262715-0","262719-0","262722-0"],
    "clientScriptLocal":[]
  },
  "entry":{
    "creationTime":1696780277,
    "description":"Suran, Desele's House of Earthly Delights"
  },
  "lastVisit":{
    "ZIR":1696783237,
    "Violetta":1696780307
  },
  "recordLinks":[],
  "objectData":{
    "351266-0":{
      "refId":"flora_corkbulb",
      "inventory":[{
          "refId":"ingred_corkbulb_root_01",
          "count":1,
          "charge":-1,
          "enchantmentCharge":-1,
          "soul":""
        }]
    },
    "351196-0":{
      "refId":"flora_corkbulb",
      "inventory":[{
          "refId":"ingred_corkbulb_root_01",
          "count":1,
          "charge":-1,
          "enchantmentCharge":-1,
          "soul":""
        }]
    },
    "351264-0":{
      "refId":"flora_corkbulb",
      "inventory":[{
          "refId":"ingred_corkbulb_root_01",
          "count":1,
          "charge":-1,
          "enchantmentCharge":-1,
          "soul":""
        }]
    },
    "351272-0":{
      "refId":"flora_corkbulb",
      "inventory":[]
    },
    "362420-0":{
      "refId":"redguard dancer girl",
      "location":{
        "posX":529.00769042969,
        "posZ":38.639541625977,
        "posY":-16.635274887085,
        "rotX":0,
        "rotY":0,
        "rotZ":4.2831869125366
      },
      "stats":{
        "healthCurrent":75,
        "magickaCurrent":66,
        "healthModified":75,
        "fatigueBase":206,
        "fatigueModified":206,
        "healthBase":75,
        "magickaModified":66,
        "magickaBase":66,
        "fatigueCurrent":206
      },
      "equipment":[],
      "inventory":[]
    },
    "262719-0":{
      "refId":"khinjarsi",
      "location":{
        "posX":-354.22796630859,
        "posZ":5.9999237060547,
        "posY":-459.59140014648,
        "rotX":0,
        "rotY":0,
        "rotZ":0
      },
      "stats":{
        "healthCurrent":53,
        "magickaCurrent":58.799999237061,
        "healthModified":53,
        "fatigueBase":173,
        "fatigueModified":173,
        "healthBase":53,
        "magickaModified":81,
        "magickaBase":84,
        "fatigueCurrent":173
      },
      "equipment":[null,null,null,null,null,{
          "refId":"slave_bracer_right",
          "count":1,
          "charge":-1,
          "enchantmentCharge":-1
        },null,null,null,{
          "refId":"common_skirt_05",
          "count":1,
          "charge":-1,
          "enchantmentCharge":-1
        }],
      "inventory":[{
          "refId":"slave_bracer_right",
          "count":1,
          "charge":-1,
          "enchantmentCharge":-1,
          "soul":""
        },{
          "refId":"common_skirt_05",
          "count":1,
          "charge":-1,
          "enchantmentCharge":-1,
          "soul":""
        }],
      "lastGoldRestockDay":23,
      "lastGoldRestockHour":6.0325689315796,
      "goldPool":0
    },
    "351188-0":{
      "refId":"chest_small_02_gold_25",
      "inventory":[{
          "refId":"gold_001",
          "count":25,
          "charge":-1,
          "enchantmentCharge":-1,
          "soul":""
        }]
    },
    "362419-0":{
      "refId":"breton dancer girl",
      "location":{
        "posX":517.705078125,
        "posZ":38.639541625977,
        "posY":-528.91412353516,
        "rotX":0,
        "rotY":0,
        "rotZ":5.2831864356995
      },
      "stats":{
        "healthCurrent":60,
        "magickaCurrent":132,
        "healthModified":60,
        "fatigueBase":186,
        "fatigueModified":186,
        "healthBase":60,
        "magickaModified":132,
        "magickaBase":132,
        "fatigueCurrent":186
      },
      "equipment":[],
      "inventory":[]
    },
    "262715-0":{
      "refId":"helviane desele",
      "location":{
        "posX":-238.16139221191,
        "posZ":5.9999160766602,
        "posY":-444.30474853516,
        "rotX":0,
        "rotY":0,
        "rotZ":0
      },
      "stats":{
        "healthCurrent":90,
        "magickaCurrent":195,
        "healthModified":90,
        "fatigueBase":206,
        "fatigueModified":206,
        "healthBase":90,
        "magickaModified":195,
        "magickaBase":195,
        "fatigueCurrent":206
      },
      "equipment":[null,null,null,null,null,null,{
          "refId":"extravagant_shoes_02",
          "count":1,
          "charge":-1,
          "enchantmentCharge":-1
        },null,null,{
          "refId":"extravagant_skirt_01",
          "count":1,
          "charge":-1,
          "enchantmentCharge":-1
        }],
      "inventory":[{
          "refId":"extravagant_skirt_01",
          "count":1,
          "charge":-1,
          "enchantmentCharge":-1,
          "soul":""
        },{
          "refId":"extravagant_shoes_02",
          "count":1,
          "charge":-1,
          "enchantmentCharge":-1,
          "soul":""
        },{
          "refId":"key_desele",
          "count":1,
          "charge":-1,
          "enchantmentCharge":-1,
          "soul":""
        },{
          "refId":"gold_001",
          "count":200,
          "charge":-1,
          "enchantmentCharge":-1,
          "soul":""
        }],
      "lastGoldRestockDay":23,
      "lastGoldRestockHour":5.9893665313721,
      "goldPool":75
    },
    "262717-0":{
      "refId":"muvis moran",
      "location":{
        "posX":7.7229423522949,
        "posZ":5.9999542236328,
        "posY":-7.2350568771362,
        "rotX":0,
        "rotY":0,
        "rotZ":2.3561944961548
      },
      "stats":{
        "healthCurrent":91,
        "magickaCurrent":140,
        "healthModified":91,
        "fatigueBase":202,
        "fatigueModified":202,
        "healthBase":91,
        "magickaModified":140,
        "magickaBase":140,
        "fatigueCurrent":202
      },
      "equipment":{
        "7":{
          "refId":"common_shoes_01",
          "count":1,
          "charge":-1,
          "enchantmentCharge":-1
        },
        "8":{
          "refId":"common_shirt_02_h",
          "count":1,
          "charge":-1,
          "enchantmentCharge":-1
        },
        "16":{
          "refId":"chitin shortsword",
          "count":1,
          "charge":-1,
          "enchantmentCharge":-1
        },
        "9":{
          "refId":"common_pants_02",
          "count":1,
          "charge":-1,
          "enchantmentCharge":-1
        }
      },
      "inventory":[{
          "refId":"common_shirt_02_h",
          "count":1,
          "charge":-1,
          "enchantmentCharge":-1,
          "soul":""
        },{
          "refId":"common_shoes_01",
          "count":1,
          "charge":-1,
          "enchantmentCharge":-1,
          "soul":""
        },{
          "refId":"common_pants_02",
          "count":1,
          "charge":-1,
          "enchantmentCharge":-1,
          "soul":""
        },{
          "refId":"chitin shortsword",
          "count":1,
          "charge":-1,
          "enchantmentCharge":-1,
          "soul":""
        }]
    },
    "262716-0":{
      "refId":"snorri",
      "location":{
        "posX":17.333976745605,