{
  "packets":{
    "actorList":["0-2038","0-2035","0-2037","0-2036","410868-0"],
    "ai":[],
    "cellChangeFrom":[],
    "cellChangeTo":[],
    "container":["470449-0","470450-0","470454-0","470455-0","410868-0","0-2038","0-2035","0-2037","0-2036"],
    "death":["0-2037","0-2035","0-2038","0-2036"],
    "delete":["397519-0","372972-0","372971-0"],
    "doorState":[],
    "equipment":["410868-0","0-2038","0-2035","0-2037","0-2036"],
    "lock":[],
    "place":["0-2042","0-2043","0-2044","0-2045","0-2046","0-2047","0-2048"],
    "position":["410868-0","0-2035","0-2036","0-2037","0-2038"],
    "scale":[],
    "spawn":["0-2038","0-2035","0-2037","0-2036"],
    "state":[],
    "statsDynamic":["410868-0","0-2035","0-2036","0-2037","0-2038"],
    "trap":[],
    "spellsActive":["0-2037"],
    "miscellaneous":[],
    "clientScriptLocal":[]
  },
  "entry":{
    "creationTime":1697221598,
    "description":"Urshilaku, Kefka Burial"
  },
  "lastVisit":{
    "ZIR":1697221829,
    "Adamast":1697221832,
    "Violetta":1697221840
  },
  "recordLinks":[],
  "objectData":{
    "470450-0":{
      "refId":"mummy_02",
      "inventory":[]
    },
    "0-2047":{
      "refId":"darkbrotherhood gauntlet_r",
      "charge":91,
      "location":{
        "posX":2706.0595703125,
        "posZ":12073.11328125,
        "posY":5854.8349609375,
        "rotX":0,
        "rotY":0,
        "rotZ":-2.4699051380157
      }
    },
    "372971-0":{
      "refId":"potion_local_liquor_01"
    },
    "372972-0":{
      "refId":"potion_cyro_whiskey_01"
    },
    "0-2045":{
      "refId":"darkbrotherhood gauntlet_l",
      "charge":88,
      "location":{
        "posX":2701.3688964844,
        "posZ":12070.549804688,
        "posY":5824.6630859375,
        "rotX":0,
        "rotY":0,
        "rotZ":-2.4699051380157
      }
    },
    "0-2035":{
      "refId":"skeleton",
      "location":{
        "posX":4569.5297851563,
        "posZ":12343.249023438,
        "posY":5018.1298828125,
        "rotX":0.27816066145897,
        "rotY":0,
        "rotZ":0.053918600082397
      },
      "stats":{
        "healthCurrent":0,
        "magickaCurrent":30,
        "healthModified":38,
        "fatigueBase":1000,
        "fatigueModified":1000,
        "healthBase":38,
        "magickaModified":30,
        "magickaBase":30,
        "fatigueCurrent":993.14782714844
      },
      "equipment":{
        "17":{
          "refId":"iron_shield",
          "count":1,
          "charge":-1,
          "enchantmentCharge":-1
        },
        "16":{
          "refId":"iron broadsword",
          "count":1,
          "charge":-1,
          "enchantmentCharge":-1
        }
      },
      "inventory":[{
          "refId":"iron_shield",
          "count":1,
          "charge":-1,
          "enchantmentCharge":-1,
          "soul":""
        },{
          "refId":"iron broadsword",
          "count":1,
          "charge":599,
          "enchantmentCharge":-1,
          "soul":""
        }],
      "killer":{
        "playerName":"Adamast"
      },
      "spellsActive":[],
      "deathState":38
    },
    "0-2046":{
      "refId":"darkbrotherhood gauntlet_r",
      "charge":96,
      "location":{
        "posX":2701.3688964844,
        "posZ":12074.528320313,
        "posY":5824.6630859375,
        "rotX":0,
        "rotY":0,
        "rotZ":-2.4699051380157
      }
    },
    "0-2038":{
      "refId":"skeleton warrior",
      "location":{
        "posX":4383.4970703125,
        "posZ":12316.103515625,
        "posY":3899.3828125,
        "rotX":-0.103008069098,
        "rotY":0,
        "rotZ":0.2805278301239
      },
      "stats":{
        "healthCurrent":0,
        "magickaCurrent":30,
        "healthModified":80,
        "fatigueBase":1000,
        "fatigueModified":1000,
        "healthBase":80,
        "magickaModified":30,
        "magickaBase":30,
        "fatigueCurrent":995.07208251953
      },
      "equipment":{
        "17":{
          "refId":"iron_shield",
          "count":1,
          "charge":-1,
          "enchantmentCharge":-1
        },
        "16":{
          "refId":"steel saber",
          "count":1,
          "charge":-1,
          "enchantmentCharge":-1
        }
      },
      "inventory":[{
          "refId":"iron_shield",
          "count":1,
          "charge":-1,
          "enchantmentCharge":-1,
          "soul":""
        },{
          "refId":"steel saber",
          "count":1,
          "charge":-1,
          "enchantmentCharge":-1,
          "soul":""
        }],
      "killer":{
        "playerName":"Adamast"
      },
      "spellsActive":[],
      "deathState":46
    },
    "0-2048":{
      "refId":"darkbrotherhood helm",
      "charge":293,
      "location":{
        "posX":2717.9714355469,
        "posZ":12079.634765625,
        "posY":5846.7758789063,
        "rotX":0,
        "rotY":0,
        "rotZ":-2.4699051380157
      }
    },
    "397519-0":{
      "refId":"dreugh_cuirass"
    },
    "0-2043":{
      "refId":"darkbrotherhood pauldron_l",
      "charge":230,
      "location":{
        "posX":2734.9001464844,
        "posZ":12069.205078125,
        "posY":5834.7021484375,
        "rotX":0,
        "rotY":0,
        "rotZ":-2.4699051380157
      }
    },
    "0-2036":{
      "refId":"skeleton archer",
      "location":{
        "posX":4921.3173828125,
        "posZ":12334.806640625,
        "posY":2538.5161132813,
        "rotX":0.012760236859322,
        "rotY":0,
        "rotZ":-0.13420271873474
      },
      "stats":{
        "healthCurrent":0,
        "magickaCurrent":30,
        "healthModified":38,
        "fatigueBase":1000,
        "fatigueModified":1000,
        "healthBase":38,
        "magickaModified":30,
        "magickaBase":30,
        "fatigueCurrent":996.60894775391
      },
      "equipment":{
        "16":{
          "refId":"long bow",
          "count":1,
          "charge":-1,
          "enchantmentCharge":-1
        }
      },
      "inventory":[{
          "refId":"long bow",
          "count":1,
          "charge":547,
          "enchantmentCharge":-1,
          "soul":""
        }],
      "killer":{
        "playerName":"Violetta"
      },
      "spellsActive":[],
      "deathState":39
    },
    "470449-0":{
      "refId":"mummy_01",
      "inventory":[]
    },
    "0-2042":{
      "refId":"darkbrotherhood pauldron_l",
      "count":2,
      "location":{
        "posX":2699.7165527344,
        "posZ":12083.484375,
        "posY":5848.2099609375,
        "rotX":0,
        "rotY":0,
        "rotZ":-2.4699051380157
      }
    },
    "470455-0":{
      "refId":"mummy_01",
      "inventory":[]
    },
    "410868-0":{
      "refId":"dead random female",
      "location":{
        "posX":4534.4985351563,
        "posZ":12313.825195313,
        "posY":3884.1276855469,
        "rotX":0,
        "rotY":0,
        "rotZ":0
      },
      "stats":{
        "healthCurrent":0,
        "magickaCurrent":92,
        "healthModified":0,
        "fatigueBase":226,
        "fatigueModified":226,
        "healthBase":0,
        "magickaModified":92,
        "magickaBase":92,
        "fatigueCurrent":226
      },
      "equipment":{
        "0":{
          "refId":"nordic_iron_helm",
          "count":1,
          "charge":-1,
          "enchantmentCharge":-1
        },
        "1":{
          "refId":"trollbone_cuirass",
          "count":1,
          "charge":-1,
          "enchantmentCharge":-1
        },
        "2":{
          "refId":"steel_greaves",
          "count":1,
          "charge":-1,
          "enchantmentCharge":-1
        },
        "3":{
          "refId":"iron_pauldron_left",
          "count":1,
          "charge":-1,
          "enchantmentCharge":-1
        },
        "5":{
          "refId":"cloth bracer left",
          "count":1,
          "charge":-1,
          "enchantmentCharge":-1
        },
        "6":{
          "refId":"steel_gauntlet_right",
          "count":1,
          "charge":-1,
          "enchantmentCharge":-1
        },