{
  "packets":{
    "actorList":["0-1999","0-1997","0-1998","0-1996","372238-0"],
    "ai":[],
    "cellChangeFrom":[],
    "cellChangeTo":[],
    "container":["470126-0","470127-0","372238-0","0-1999","0-1997","0-1998","0-1996"],
    "death":["0-1996","0-1997","0-1998","0-1999","372238-0"],
    "delete":["372380-0","372379-0","372239-0"],
    "doorState":[],
    "equipment":["0-1999","0-1997","0-1998","0-1996"],
    "lock":[],
    "place":["0-2006","0-2002","0-2008","0-2010"],
    "position":["372238-0","0-1996","0-1997","0-1998","0-1999"],
    "scale":[],
    "spawn":["0-1999","0-1997","0-1998","0-1996"],
    "state":[],
    "statsDynamic":["372238-0","0-1996","0-1997","0-1998","0-1999"],
    "trap":[],
    "spellsActive":["372238-0"],
    "miscellaneous":[],
    "clientScriptLocal":[]
  },
  "entry":{
    "creationTime":1697220813,
    "description":"Urshilaku, Juno Burial"
  },
  "lastVisit":{
    "ZIR":1697221238,
    "Adamast":1697221239,
    "Violetta":1697221242
  },
  "recordLinks":[],
  "objectData":{
    "0-2002":{
      "refId":"darkbrotherhood helm",
      "charge":288,
      "location":{
        "posX":4538.3212890625,
        "posZ":12107.139648438,
        "posY":807.48016357422,
        "rotX":0,
        "rotY":0,
        "rotZ":-1.5820314884186
      }
    },
    "372238-0":{
      "refId":"wraith_sul_senipul",
      "location":{
        "posX":4450.5698242188,
        "posZ":12443.076171875,
        "posY":6832.169921875,
        "rotX":-0.032836109399796,
        "rotY":0,
        "rotZ":1.4922392368317
      },
      "stats":{
        "healthCurrent":0,
        "magickaCurrent":280,
        "healthModified":200,
        "fatigueBase":200,
        "fatigueModified":200,
        "healthBase":200,
        "magickaModified":400,
        "magickaBase":400,
        "fatigueCurrent":200
      },
      "inventory":[],
      "spellsActive":{
        "$custom_spell_1":[{
            "startTime":1697221122,
            "caster":{
              "playerName":"Violetta"
            },
            "stackingState":false,
            "displayName":"Огненный шар, средний",
            "effects":[{
                "arg":-1,
                "duration":2,
                "id":14,
                "timeLeft":2,
                "magnitude":40
              }]
          }]
      },
      "killer":{
        "playerName":"ZIR"
      },
      "deathState":38
    },
    "0-2006":{
      "refId":"cruel flamearrow",
      "count":48,
      "location":{
        "posX":4358.8974609375,
        "posZ":12118.529296875,
        "posY":833.04516601563,
        "rotX":0,
        "rotY":0,
        "rotZ":-1.5039064884186
      }
    },
    "470127-0":{
      "refId":"mummy_02",
      "inventory":[{
          "refId":"ingred_ash_salts_01",
          "count":1,
          "charge":-1,
          "enchantmentCharge":-1,
          "soul":""
        },{
          "refId":"ingred_bonemeal_01",
          "count":1,
          "charge":-1,
          "enchantmentCharge":-1,
          "soul":""
        }]
    },
    "0-2010":{
      "refId":"ingred_scrap_metal_01",
      "count":4,
      "location":{
        "posX":4537.5708007813,
        "posZ":12111.221679688,
        "posY":865.57330322266,
        "rotX":0,
        "rotY":0,
        "rotZ":-1.3020231723785
      }
    },
    "372239-0":{
      "refId":"misc_soulgem_common"
    },
    "0-1998":{
      "refId":"skeleton archer",
      "location":{
        "posX":4591.1235351563,
        "posZ":12097.935546875,
        "posY":856.95288085938,
        "rotX":0.17090690135956,
        "rotY":0,
        "rotZ":0.817791223526
      },
      "stats":{
        "healthCurrent":0,
        "magickaCurrent":30,
        "healthModified":38,
        "fatigueBase":1000,
        "fatigueModified":1000,
        "healthBase":38,
        "magickaModified":30,
        "magickaBase":30,
        "fatigueCurrent":964.57727050781
      },
      "equipment":{
        "16":{
          "refId":"long bow",
          "count":1,
          "charge":-1,
          "enchantmentCharge":-1
        }
      },
      "inventory":[{
          "refId":"long bow",
          "count":1,
          "charge":544,
          "enchantmentCharge":-1,
          "soul":""
        }],
      "killer":{
        "playerName":"ZIR"
      },
      "deathState":40
    },
    "372380-0":{
      "refId":"p_fortify_magicka_s"
    },
    "372379-0":{
      "refId":"probe_apprentice_01"
    },
    "0-2008":{
      "refId":"misc_dwrv_artifact50",
      "location":{
        "posX":4538.2109375,
        "posZ":12115.143554688,
        "posY":865.38000488281,
        "rotX":0,
        "rotY":0,
        "rotZ":-1.3141438961029
      }
    },
    "0-1999":{
      "refId":"skeleton archer",
      "location":{
        "posX":4242.6333007813,
        "posZ":12100.443359375,
        "posY":737.11047363281,
        "rotX":0.5217689871788,
        "rotY":0,
        "rotZ":-2.5925137996674
      },
      "stats":{
        "healthCurrent":0,
        "magickaCurrent":30,
        "healthModified":38,
        "fatigueBase":1000,
        "fatigueModified":1000,
        "healthBase":38,
        "magickaModified":30,
        "magickaBase":30,
        "fatigueCurrent":974.94934082031
      },
      "equipment":{
        "16":{
          "refId":"long bow",
          "count":1,
          "charge":-1,
          "enchantmentCharge":-1
        }
      },
      "inventory":[{
          "refId":"long bow",
          "count":1,
          "charge":544,
          "enchantmentCharge":-1,
          "soul":""
        }],
      "killer":{
        "playerName":"Adamast"
      },
      "spellsActive":[],
      "deathState":41
    },
    "0-1997":{
      "refId":"skeleton",
      "location":{
        "posX":4703.947265625,
        "posZ":11888.314453125,
        "posY":2401.990234375,
        "rotX":-0.10968550294638,
        "rotY":0,
        "rotZ":-0.23249292373657
      },
      "stats":{
        "healthCurrent":0,
        "magickaCurrent":30,
        "healthModified":38,
        "fatigueBase":1000,
        "fatigueModified":1000,
        "healthBase":38,
        "magickaModified":30,
        "magickaBase":30,
        "fatigueCurrent":991.01446533203
      },
      "equipment":{
        "17":{
          "refId":"iron_shield",
          "count":1,
          "charge":-1,
          "enchantmentCharge":-1
        },
        "16":{
          "refId":"iron shortsword",
          "count":1,
          "charge":-1,
          "enchantmentCharge":-1
        }
      },
      "inventory":[{
          "refId":"iron_shield",
          "count":1,
          "charge":-1,
          "enchantmentCharge":-1,
          "soul":""
        },{
          "refId":"iron shortsword",
          "count":1,
          "charge":599,
          "enchantmentCharge":-1,
          "soul":""
        }],
      "killer":{
        "playerName":"Adamast"
      },
      "spellsActive":[],
      "deathState":42
    },
    "470126-0":{
      "refId":"mummy_03",
      "inventory":[]
    },
    "0-1996":{
      "refId":"skeleton archer",
      "location":{
        "posX":4636.2021484375,
        "posZ":11997.494140625,
        "posY":2188.5366210938,
        "rotX":0.17020396888256,
        "rotY":0,
        "rotZ":0.30999755859375
      },
      "stats":{
        "healthCurrent":0,
        "magickaCurrent":30,
        "healthModified":38,
        "fatigueBase":1000,
        "fatigueModified":1000,
        "healthBase":38,
        "magickaModified":30,
        "magickaBase":30,
        "fatigueCurrent":1000
      },
      "equipment":{
        "16":{
          "refId":"long bow",
          "count":1,
          "charge":-1,
          "enchantmentCharge":-1
        }
      },
      "inventory":[{
          "refId":"long bow",
          "count":1,
          "charge":-1,
          "enchantmentCharge":-1,
          "soul":""
        }],
      "killer":{
        "playerName":"Adamast"
      },
      "spellsActive":[],
      "deathState":39
    }
  },