{
  "packets":{
    "actorList":["0-2028","0-2026","0-2027","410866-0"],
    "ai":[],
    "cellChangeFrom":[],
    "cellChangeTo":[],
    "container":["372574-0","372575-0","372576-0","372577-0","372578-0","372579-0","470141-0","470144-0","470150-0","470152-0","470160-0","470161-0","470162-0","470163-0","470164-0","470169-0","470170-0","470241-0","470242-0","470243-0","470244-0","470245-0","410866-0","0-2028","0-2026","0-2027"],
    "death":["0-2028","0-2027","0-2026"],
    "delete":["470167-0","470246-0"],
    "doorState":[],
    "equipment":["410866-0","0-2028","0-2026","0-2027"],
    "lock":["470169-0"],
    "place":["0-2029","0-2030","0-2031","0-2032","0-2033"],
    "position":["410866-0","0-2026","0-2027","0-2028"],
    "scale":[],
    "spawn":["0-2028","0-2026","0-2027"],
    "state":[],
    "statsDynamic":["410866-0","0-2026","0-2027","0-2028"],
    "trap":[],
    "spellsActive":[],
    "miscellaneous":[],
    "clientScriptLocal":[]
  },
  "entry":{
    "creationTime":1697221248,
    "description":"Urshilaku, Kakuna Burial"
  },
  "lastVisit":{
    "Violetta":1697221574,
    "Adamast":1697221572,
    "ZIR":1697221574
  },
  "recordLinks":[],
  "objectData":{
    "0-2029":{
      "refId":"bk_specialfloraoftamriel",
      "location":{
        "posX":3447.3562011719,
        "posZ":14456.194335938,
        "posY":4538.197265625,
        "rotX":0,
        "rotY":0,
        "rotZ":0.52068448066711
      }
    },
    "470246-0":{
      "refId":"devil cephalopod helm"
    },
    "410866-0":{
      "refId":"dead random male",
      "location":{
        "posX":3006.083984375,
        "posZ":13895.638671875,
        "posY":4343.8369140625,
        "rotX":0,
        "rotY":0,
        "rotZ":0
      },
      "stats":{
        "healthCurrent":0,
        "magickaCurrent":92,
        "healthModified":0,
        "fatigueBase":216,
        "fatigueModified":216,
        "healthBase":0,
        "magickaModified":92,
        "magickaBase":92,
        "fatigueCurrent":216
      },
      "equipment":{
        "0":{
          "refId":"imperial_chain_coif_helm",
          "count":1,
          "charge":-1,
          "enchantmentCharge":-1
        },
        "1":{
          "refId":"nordic_iron_cuirass",
          "count":1,
          "charge":-1,
          "enchantmentCharge":-1
        },
        "2":{
          "refId":"imperial_chain_greaves",
          "count":1,
          "charge":-1,
          "enchantmentCharge":-1
        },
        "4":{
          "refId":"steel_pauldron_right",
          "count":1,
          "charge":-1,
          "enchantmentCharge":-1
        },
        "5":{
          "refId":"iron_gauntlet_left",
          "count":1,
          "charge":-1,
          "enchantmentCharge":-1
        },
        "7":{
          "refId":"chitin boots",
          "count":1,
          "charge":-1,
          "enchantmentCharge":-1
        },
        "16":{
          "refId":"iron viperslayer",
          "count":1,
          "charge":-1,
          "enchantmentCharge":-1
        },
        "17":{
          "refId":"netch_leather_shield",
          "count":1,
          "charge":-1,
          "enchantmentCharge":-1
        }
      },
      "inventory":[{
          "refId":"chitin boots",
          "count":1,
          "charge":-1,
          "enchantmentCharge":-1,
          "soul":""
        },{
          "refId":"left leather bracer",
          "count":1,
          "charge":-1,
          "enchantmentCharge":-1,
          "soul":""
        },{
          "refId":"nordic_iron_cuirass",
          "count":1,
          "charge":-1,
          "enchantmentCharge":-1,
          "soul":""
        },{
          "refId":"iron_gauntlet_left",
          "count":1,
          "charge":-1,
          "enchantmentCharge":-1,
          "soul":""
        },{
          "refId":"imperial_chain_greaves",
          "count":1,
          "charge":-1,
          "enchantmentCharge":-1,
          "soul":""
        },{
          "refId":"imperial_chain_coif_helm",
          "count":1,
          "charge":-1,
          "enchantmentCharge":-1,
          "soul":""
        },{
          "refId":"steel_pauldron_right",
          "count":1,
          "charge":-1,
          "enchantmentCharge":-1,
          "soul":""
        },{
          "refId":"netch_leather_shield",
          "count":1,
          "charge":-1,
          "enchantmentCharge":-1,
          "soul":""
        },{
          "refId":"iron viperslayer",
          "count":1,
          "charge":-1,
          "enchantmentCharge":-1,
          "soul":""
        }]
    },
    "372578-0":{
      "refId":"flora_bc_mushroom_02",
      "inventory":[]
    },
    "0-2027":{
      "refId":"skeleton",
      "location":{
        "posX":3814.7312011719,
        "posZ":13433.348632813,
        "posY":3971.9951171875,
        "rotX":-0.40725728869438,
        "rotY":0,
        "rotZ":2.9482462406158
      },
      "stats":{
        "healthCurrent":0,
        "magickaCurrent":30,
        "healthModified":38,
        "fatigueBase":1000,
        "fatigueModified":1000,
        "healthBase":38,
        "magickaModified":30,
        "magickaBase":30,
        "fatigueCurrent":993.59375
      },
      "equipment":{
        "17":{
          "refId":"iron_shield",
          "count":1,
          "charge":-1,
          "enchantmentCharge":-1
        },
        "16":{
          "refId":"iron long spear",
          "count":1,
          "charge":398,
          "enchantmentCharge":-1
        }
      },
      "inventory":[{
          "refId":"iron_shield",
          "count":1,
          "charge":-1,
          "enchantmentCharge":-1,
          "soul":""
        },{
          "refId":"iron long spear",
          "count":1,
          "charge":398,
          "enchantmentCharge":-1,
          "soul":""
        }],
      "killer":{
        "playerName":"Adamast"
      },
      "spellsActive":[],
      "deathState":40
    },
    "470141-0":{
      "refId":"mummy_01",
      "inventory":[]
    },
    "372576-0":{
      "refId":"flora_bc_mushroom_06",
      "inventory":[]
    },
    "470242-0":{
      "refId":"mummy_01",
      "inventory":[]
    },
    "470161-0":{
      "refId":"urn_01_scrolls_01",
      "inventory":[]
    },
    "0-2032":{
      "refId":"darkbrotherhood greaves",
      "charge":226,
      "location":{
        "posX":1236.1766357422,
        "posZ":13880.633789063,
        "posY":4233.1904296875,
        "rotX":0,
        "rotY":0,
        "rotZ":1.4464657306671
      }
    },
    "372574-0":{
      "refId":"flora_bc_mushroom_01",
      "inventory":[]
    },
    "470152-0":{
      "refId":"mummy_02",
      "inventory":[]
    },
    "470243-0":{
      "refId":"chest_small_02_gems",
      "inventory":[]
    },
    "470163-0":{
      "refId":"urn_04_ingred",
      "inventory":[]
    },
    "372577-0":{
      "refId":"flora_bc_mushroom_07",
      "inventory":[]
    },
    "470241-0":{
      "refId":"mummy_02",
      "inventory":[]
    },
    "470244-0":{
      "refId":"urn_05_ingred",
      "inventory":[]
    },
    "470162-0":{
      "refId":"urn_02_ingred",
      "inventory":[]
    },
    "0-2030":{
      "refId":"bk_vagariesofmagica",
      "location":{
        "posX":3397.3852539063,
        "posZ":14454.822265625,
        "posY":4567.5078125,
        "rotX":0,
        "rotY":0,
        "rotZ":0.62224698066711
      }
    },
    "470160-0":{
      "refId":"urn_01_ingred",
      "inventory":[]
    },
    "0-2028":{
      "refId":"skeleton",
      "location":{
        "posX":3359.8837890625,
        "posZ":13404.288085938,
        "posY":3945.4448242188,
        "rotX":0.080803163349628,
        "rotY":0,
        "rotZ":1.8185288906097
      },
      "stats":{
        "healthCurrent":0,
        "magickaCurrent":30,
        "healthModified":38,
        "fatigueBase":1000,
        "fatigueModified":1000,
        "healthBase":38,
        "magickaModified":30,
        "magickaBase":30,
        "fatigueCurrent":994.45550537109
      },