{
  "packets":{
    "actorList":["0-2050","0-2051","371838-0","469924-0","410865-0"],
    "ai":[],
    "cellChangeFrom":[],
    "cellChangeTo":[],
    "container":["469940-0","469941-0","469951-0","469953-0","469975-0","469976-0","469977-0","470022-0","470027-0","470029-0","410865-0","371838-0","469924-0","0-2050","0-2051"],
    "death":["0-2050","0-2051","469924-0","371838-0"],
    "delete":["469925-0","470013-0","470031-0","470030-0","469994-0","469995-0","469996-0"],
    "doorState":["469998-0"],
    "equipment":["371838-0","410865-0","0-2050","0-2051"],
    "lock":["470029-0","469998-0"],
    "place":["0-2052","0-2054","0-2055","0-2056","0-2057","0-2058","0-2060","0-2061","0-2062","0-2063","0-2064","0-2065","0-2066","0-2067","0-2069","0-2070","0-2071","0-2073"],
    "position":["371838-0","410865-0","469924-0","469925-0","0-2050","0-2051"],
    "scale":[],
    "spawn":["0-2050","0-2051"],
    "state":[],
    "statsDynamic":["371838-0","410865-0","469924-0","469925-0","0-2050","0-2051"],
    "trap":["470029-0","469998-0"],
    "spellsActive":[],
    "miscellaneous":[],
    "clientScriptLocal":[]
  },
  "entry":{
    "creationTime":1697221855,
    "description":"Urshilaku, Fragile Burial"
  },
  "lastVisit":{
    "ZIR":1697222358,
    "Adamast":1697222322,
    "Violetta":1697222362
  },
  "recordLinks":[],
  "objectData":{
    "371838-0":{
      "refId":"worm lord",
      "location":{
        "posX":3843.423828125,
        "posZ":-70.323501586914,
        "posY":-78.386825561523,
        "rotX":0.29120719432831,
        "rotY":0,
        "rotZ":2.8675048351288
      },
      "stats":{
        "healthCurrent":0,
        "magickaCurrent":31,
        "healthModified":230,
        "fatigueBase":300,
        "fatigueModified":300,
        "healthBase":230,
        "magickaModified":70,
        "magickaBase":70,
        "fatigueCurrent":300
      },
      "equipment":{
        "16":{
          "refId":"silver viperskewer",
          "count":1,
          "charge":-1,
          "enchantmentCharge":-1
        }
      },
      "inventory":[{
          "refId":"silver viperskewer",
          "count":1,
          "charge":497,
          "enchantmentCharge":17,
          "soul":""
        }],
      "killer":{
        "playerName":"Adamast"
      },
      "spellsActive":[],
      "deathState":40
    },
    "469996-0":{
      "refId":"bookskill_illusion5"
    },
    "469953-0":{
      "refId":"mummy_01",
      "inventory":[{
          "refId":"ingred_bonemeal_01",
          "count":1,
          "charge":-1,
          "enchantmentCharge":-1,
          "soul":""
        },{
          "refId":"ingred_ash_salts_01",
          "count":1,
          "charge":-1,
          "enchantmentCharge":-1,
          "soul":""
        }]
    },
    "0-2055":{
      "refId":"darkbrotherhood helm",
      "charge":299,
      "location":{
        "posX":5238.126953125,
        "posZ":-10.535696029663,
        "posY":2455.1838378906,
        "rotX":0,
        "rotY":0,
        "rotZ":-1.6140258312225
      }
    },
    "470027-0":{
      "refId":"mummy_05",
      "inventory":[]
    },
    "0-2061":{
      "refId":"darkbrotherhood pauldron_r",
      "charge":242,
      "location":{
        "posX":3846.7844238281,
        "posZ":-92.5576171875,
        "posY":-1224.6945800781,
        "rotX":0,
        "rotY":0,
        "rotZ":-2.2898070812225
      }
    },
    "469994-0":{
      "refId":"ebony_closed_helm"
    },
    "0-2064":{
      "refId":"darkbrotherhood pauldron_l",
      "charge":243,
      "location":{
        "posX":3852.1496582031,
        "posZ":-87.465744018555,
        "posY":-1229.2536621094,
        "rotX":0,
        "rotY":0,
        "rotZ":-2.2898070812225
      }
    },
    "470013-0":{
      "refId":"firebite war axe"
    },
    "469951-0":{
      "refId":"mummy_01",
      "inventory":[{
          "refId":"ingred_bonemeal_01",
          "count":1,
          "charge":-1,
          "enchantmentCharge":-1,
          "soul":""
        },{
          "refId":"ingred_ash_salts_01",
          "count":1,
          "charge":-1,
          "enchantmentCharge":-1,
          "soul":""
        }]
    },
    "0-2067":{
      "refId":"darkbrotherhood pauldron_r",
      "charge":249,
      "location":{
        "posX":3849.4665527344,
        "posZ":-65.677749633789,
        "posY":-1223.783203125,
        "rotX":0,
        "rotY":0,
        "rotZ":-2.2898070812225
      }
    },
    "410865-0":{
      "refId":"dead random male",
      "location":{
        "posX":1848.6563720703,
        "posZ":-4.5826148986816,
        "posY":271.53009033203,
        "rotX":0,
        "rotY":0,
        "rotZ":5.9831857681274
      },
      "stats":{
        "healthCurrent":0,
        "magickaCurrent":92,
        "healthModified":0,
        "fatigueBase":216,
        "fatigueModified":216,
        "healthBase":0,
        "magickaModified":92,
        "magickaBase":92,
        "fatigueCurrent":216
      },
      "equipment":{
        "0":{
          "refId":"netch_leather_boiled_helm",
          "count":1,
          "charge":-1,
          "enchantmentCharge":-1
        },
        "1":{
          "refId":"imperial_studded_cuirass",
          "count":1,
          "charge":-1,
          "enchantmentCharge":-1
        },
        "2":{
          "refId":"imperial_chain_greaves",
          "count":1,
          "charge":-1,
          "enchantmentCharge":-1
        },
        "4":{
          "refId":"iron_pauldron_right",
          "count":1,
          "charge":-1,
          "enchantmentCharge":-1
        },
        "6":{
          "refId":"imperial right gauntlet",
          "count":1,
          "charge":-1,
          "enchantmentCharge":-1
        },
        "7":{
          "refId":"imperial boots",
          "count":1,
          "charge":-1,
          "enchantmentCharge":-1
        },
        "16":{
          "refId":"chitin shortsword",
          "count":1,
          "charge":-1,
          "enchantmentCharge":-1
        },
        "17":{
          "refId":"iron_shield",
          "count":1,
          "charge":-1,
          "enchantmentCharge":-1
        }
      },
      "inventory":[{
          "refId":"imperial boots",
          "count":1,
          "charge":-1,
          "enchantmentCharge":-1,
          "soul":""
        },{
          "refId":"fur_bracer_right",
          "count":1,
          "charge":-1,
          "enchantmentCharge":-1,
          "soul":""
        },{
          "refId":"imperial_studded_cuirass",
          "count":1,
          "charge":-1,
          "enchantmentCharge":-1,
          "soul":""
        },{
          "refId":"imperial right gauntlet",
          "count":1,
          "charge":-1,
          "enchantmentCharge":-1,
          "soul":""
        },{
          "refId":"imperial_chain_greaves",
          "count":1,
          "charge":-1,
          "enchantmentCharge":-1,
          "soul":""
        },{
          "refId":"netch_leather_boiled_helm",
          "count":1,
          "charge":-1,
          "enchantmentCharge":-1,
          "soul":""
        },{
          "refId":"iron_pauldron_right",
          "count":1,
          "charge":-1,
          "enchantmentCharge":-1,
          "soul":""
        },{
          "refId":"iron_shield",
          "count":1,
          "charge":-1,
          "enchantmentCharge":-1,
          "soul":""
        },{
          "refId":"chitin shortsword",
          "count":1,
          "charge":-1,
          "enchantmentCharge":-1,
          "soul":""
        }]
    },
    "469975-0":{
      "refId":"mummy_01",
      "inventory":[]
    },
    "0-2057":{
      "refId":"bk_spiritofthedaedra",
      "location":{
        "posX":5181.8525390625,
        "posZ":-47.382518768311,
        "posY":2475.4741210938,
        "rotX":0,
        "rotY":0,
        "rotZ":-2.1530630588531
      }
    },
    "0-2052":{
      "refId":"firebite war axe",
      "location":{
        "posX":1593.1247558594,
        "posZ":58.76708984375,
        "posY":233.38249206543,