{
  "packets":{
    "actorList":["0-1976","0-1978","0-1977","383959-0","410860-0"],
    "ai":[],
    "cellChangeFrom":[],
    "cellChangeTo":[],
    "container":["469895-0","469909-0","410860-0","383959-0","0-1976","0-1978","0-1977"],
    "death":["0-1978","0-1976","0-1977"],
    "delete":["371493-0","371492-0","371494-0"],
    "doorState":[],
    "equipment":["383959-0","410860-0","0-1976","0-1977","0-1978"],
    "lock":[],
    "place":["0-1980","0-2075","0-2076","0-2078","0-2079","0-2080"],
    "position":["383959-0","410860-0","0-1976","0-1977","0-1978","371493-0","371492-0","371494-0"],
    "scale":[],
    "spawn":["0-1976","0-1978","0-1977"],
    "state":[],
    "statsDynamic":["383959-0","410860-0","0-1976","0-1977","0-1978","371493-0","371492-0","371494-0"],
    "trap":[],
    "spellsActive":[],
    "miscellaneous":[],
    "clientScriptLocal":[]
  },
  "entry":{
    "creationTime":1697219707,
    "description":"Urshilaku, Astral Burial"
  },
  "lastVisit":{
    "ZIR":1697222891,
    "Adamast":1697222893,
    "Violetta":1697222894
  },
  "recordLinks":[],
  "objectData":{
    "0-2076":{
      "refId":"food_kwama_egg_01",
      "count":2,
      "location":{
        "posX":3150.6669921875,
        "posZ":12329.350585938,
        "posY":5912.58984375,
        "rotX":0,
        "rotY":0,
        "rotZ":0.56168651580811
      }
    },
    "0-2079":{
      "refId":"darkbrotherhood cuirass",
      "charge":284,
      "location":{
        "posX":3708.462890625,
        "posZ":13631.522460938,
        "posY":2107.3759765625,
        "rotX":0,
        "rotY":0,
        "rotZ":1.2848932743073
      }
    },
    "0-1976":{
      "refId":"skeleton archer",
      "location":{
        "posX":3035.9711914063,
        "posZ":12622.224609375,
        "posY":4952.7534179688,
        "rotX":-0.24549348652363,
        "rotY":0,
        "rotZ":3.1206390857697
      },
      "stats":{
        "healthCurrent":0,
        "magickaCurrent":30,
        "healthModified":38,
        "fatigueBase":1000,
        "fatigueModified":1000,
        "healthBase":38,
        "magickaModified":30,
        "magickaBase":30,
        "fatigueCurrent":999.29302978516
      },
      "equipment":[],
      "inventory":[{
          "refId":"long bow",
          "count":1,
          "charge":546,
          "enchantmentCharge":-1,
          "soul":""
        }],
      "killer":{
        "playerName":"Adamast"
      },
      "deathState":38
    },
    "371494-0":{
      "refId":"rat",
      "location":{
        "posX":2681.96484375,
        "posZ":13640.321289063,
        "posY":2211.5256347656,
        "rotX":-0.36671403050423,
        "rotY":0,
        "rotZ":1.3622677326202
      },
      "stats":{
        "healthCurrent":0,
        "magickaCurrent":10,
        "healthModified":23,
        "fatigueBase":300,
        "fatigueModified":300,
        "healthBase":23,
        "magickaModified":10,
        "magickaBase":10,
        "fatigueCurrent":300
      }
    },
    "383959-0":{
      "refId":"skeleton hero dead",
      "location":{
        "posX":610.77587890625,
        "posZ":13463.982421875,
        "posY":3371.4770507813,
        "rotX":0,
        "rotY":0,
        "rotZ":1.6840728521347
      },
      "stats":{
        "healthCurrent":0,
        "magickaCurrent":30,
        "healthModified":0,
        "fatigueBase":400,
        "fatigueModified":400,
        "healthBase":0,
        "magickaModified":30,
        "magickaBase":30,
        "fatigueCurrent":400
      },
      "equipment":{
        "16":{
          "refId":"iron halberd",
          "count":1,
          "charge":-1,
          "enchantmentCharge":-1
        }
      },
      "inventory":[{
          "refId":"iron halberd",
          "count":1,
          "charge":-1,
          "enchantmentCharge":-1,
          "soul":""
        }]
    },
    "371492-0":{
      "refId":"rat",
      "location":{
        "posX":3821.5671386719,
        "posZ":13661.434570313,
        "posY":2072.4626464844,
        "rotX":-0.24780648946762,
        "rotY":0,
        "rotZ":-1.6533992290497
      },
      "stats":{
        "healthCurrent":0,
        "magickaCurrent":10,
        "healthModified":23,
        "fatigueBase":300,
        "fatigueModified":300,
        "healthBase":23,
        "magickaModified":10,
        "magickaBase":10,
        "fatigueCurrent":300
      }
    },
    "410860-0":{
      "refId":"dead random female",
      "location":{
        "posX":4962.3149414063,
        "posZ":13644.01171875,
        "posY":2180.4599609375,
        "rotX":0,
        "rotY":0,
        "rotZ":4.2415919303894
      },
      "stats":{
        "healthCurrent":0,
        "magickaCurrent":92,
        "healthModified":0,
        "fatigueBase":226,
        "fatigueModified":226,
        "healthBase":0,
        "magickaModified":92,
        "magickaBase":92,
        "fatigueCurrent":226
      },
      "equipment":{
        "0":{
          "refId":"netch_leather_helm",
          "count":1,
          "charge":-1,
          "enchantmentCharge":-1
        },
        "1":{
          "refId":"nordic_ringmail_cuirass",
          "count":1,
          "charge":-1,
          "enchantmentCharge":-1
        },
        "2":{
          "refId":"iron_greaves",
          "count":1,
          "charge":-1,
          "enchantmentCharge":-1
        },
        "3":{
          "refId":"netch_leather_pauldron_left",
          "count":1,
          "charge":-1,
          "enchantmentCharge":-1
        },
        "5":{
          "refId":"netch_leather_gauntlet_left",
          "count":1,
          "charge":-1,
          "enchantmentCharge":-1
        },
        "7":{
          "refId":"chitin boots",
          "count":1,
          "charge":-1,
          "enchantmentCharge":-1
        },
        "16":{
          "refId":"cruel flameblade",
          "count":1,
          "charge":-1,
          "enchantmentCharge":-1
        },
        "17":{
          "refId":"iron_shield",
          "count":1,
          "charge":-1,
          "enchantmentCharge":-1
        }
      },
      "inventory":[{
          "refId":"chitin boots",
          "count":1,
          "charge":-1,
          "enchantmentCharge":-1,
          "soul":""
        },{
          "refId":"fur_bracer_left",
          "count":1,
          "charge":-1,
          "enchantmentCharge":-1,
          "soul":""
        },{
          "refId":"nordic_ringmail_cuirass",
          "count":1,
          "charge":-1,
          "enchantmentCharge":-1,
          "soul":""
        },{
          "refId":"netch_leather_gauntlet_left",
          "count":1,
          "charge":-1,
          "enchantmentCharge":-1,
          "soul":""
        },{
          "refId":"iron_greaves",
          "count":1,
          "charge":-1,
          "enchantmentCharge":-1,
          "soul":""
        },{
          "refId":"netch_leather_helm",
          "count":1,
          "charge":-1,
          "enchantmentCharge":-1,
          "soul":""
        },{
          "refId":"netch_leather_pauldron_left",
          "count":1,
          "charge":-1,
          "enchantmentCharge":-1,
          "soul":""
        },{
          "refId":"iron_shield",
          "count":1,
          "charge":-1,
          "enchantmentCharge":-1,
          "soul":""
        },{
          "refId":"cruel flameblade",
          "count":1,
          "charge":-1,
          "enchantmentCharge":-1,
          "soul":""
        }]
    },
    "0-1978":{
      "refId":"skeleton archer",
      "location":{
        "posX":3197.0012207031,
        "posZ":13063.209960938,
        "posY":2187.0361328125,
        "rotX":-0.045038137584925,
        "rotY":0,
        "rotZ":-2.9664671421051
      },
      "stats":{
        "healthCurrent":0,
        "magickaCurrent":30,
        "healthModified":38,
        "fatigueBase":1000,
        "fatigueModified":1000,
        "healthBase":38,
        "magickaModified":30,
        "magickaBase":30,
        "fatigueCurrent":997.40447998047
      },
      "equipment":[],