{
  "packets":{
    "actorList":["0-1246","0-1245","0-1243","0-1244","440486-0","294918-0"],
    "ai":[],
    "cellChangeFrom":[],
    "cellChangeTo":[],
    "container":["294918-0","440486-0","0-1246","0-1245","0-1243","0-1244"],
    "death":["0-1244","0-1243","440486-0","0-1245","0-1246"],
    "delete":["179820-0"],
    "doorState":[],
    "equipment":["294918-0"],
    "lock":[],
    "place":["0-1247","0-1248"],
    "position":["294918-0","440486-0","0-1243","0-1244","0-1245","0-1246","179820-0"],
    "scale":[],
    "spawn":["0-1246","0-1245","0-1243","0-1244"],
    "state":[],
    "statsDynamic":["294918-0","440486-0","0-1243","0-1244","0-1245","0-1246","179820-0"],
    "trap":[],
    "spellsActive":[],
    "miscellaneous":["294918-0"],
    "clientScriptLocal":[]
  },
  "entry":{
    "creationTime":1696525996,
    "description":"Vivec, St. Olms Underworks"
  },
  "lastVisit":{
    "ZIR":1696526612,
    "Violetta":1696526055
  },
  "recordLinks":[],
  "objectData":{
    "0-1247":{
      "refId":"steel_shield",
      "charge":291,
      "location":{
        "posX":2195.4682617188,
        "posZ":132.17144775391,
        "posY":33.798030853271,
        "rotX":0,
        "rotY":0,
        "rotZ":-0.2182309627533
      }
    },
    "0-1244":{
      "refId":"rat_diseased",
      "location":{
        "posX":1701.5194091797,
        "posZ":129.01614379883,
        "posY":5413.033203125,
        "rotX":-0.04511784017086,
        "rotY":0,
        "rotZ":0.0047476291656494
      },
      "stats":{
        "healthCurrent":0,
        "magickaCurrent":10,
        "healthModified":23,
        "fatigueBase":135,
        "fatigueModified":135,
        "healthBase":23,
        "magickaModified":10,
        "magickaBase":10,
        "fatigueCurrent":128.56809997559
      },
      "inventory":[],
      "killer":{
        "playerName":"ZIR"
      },
      "deathState":38
    },
    "0-1245":{
      "refId":"rat",
      "location":{
        "posX":5943.3837890625,
        "posZ":129.01092529297,
        "posY":6278.5654296875,
        "rotX":-0.2896756529808,
        "rotY":0,
        "rotZ":3.1359674930573
      },
      "stats":{
        "healthCurrent":0,
        "magickaCurrent":10,
        "healthModified":23,
        "fatigueBase":300,
        "fatigueModified":300,
        "healthBase":23,
        "magickaModified":10,
        "magickaBase":10,
        "fatigueCurrent":297.91854858398
      },
      "inventory":[],
      "spellsActive":[],
      "killer":{
        "playerName":"ZIR"
      },
      "deathState":46
    },
    "0-1243":{
      "refId":"rat_diseased",
      "location":{
        "posX":2505.8312988281,
        "posZ":140.1234588623,
        "posY":1479.9875488281,
        "rotX":-0.28720179200172,
        "rotY":0,
        "rotZ":-0.98221802711487
      },
      "stats":{
        "healthCurrent":0,
        "magickaCurrent":10,
        "healthModified":23,
        "fatigueBase":135,
        "fatigueModified":135,
        "healthBase":23,
        "magickaModified":10,
        "magickaBase":10,
        "fatigueCurrent":135
      },
      "inventory":[{
          "refId":"ingred_rat_meat_01",
          "count":2,
          "charge":-1,
          "enchantmentCharge":-1,
          "soul":""
        }],
      "spellsActive":[],
      "killer":{
        "playerName":"ZIR"
      },
      "deathState":38
    },
    "179820-0":{
      "refId":"gulvilie arinith",
      "location":{
        "posX":2267.685546875,
        "posZ":128.87133789063,
        "posY":-46.365562438965,
        "rotX":-0.018947083503008,
        "rotY":0,
        "rotZ":2.9947688579559
      },
      "stats":{
        "healthCurrent":0,
        "magickaCurrent":108,
        "healthModified":200,
        "fatigueBase":302,
        "magickaModified":108,
        "fatigueModified":302,
        "healthBase":200,
        "magickaBase":108,
        "fatigueCurrent":181.79598999023
      }
    },
    "440486-0":{
      "refId":"corprus_stalker_danar",
      "location":{
        "posX":4197.966796875,
        "posZ":98.858444213867,
        "posY":5492.6723632813,
        "rotX":0.002371116541326,
        "rotY":0,
        "rotZ":-0.53689289093018
      },
      "stats":{
        "healthCurrent":0,
        "magickaCurrent":50,
        "healthModified":60,
        "fatigueBase":300,
        "fatigueModified":300,
        "healthBase":60,
        "magickaModified":50,
        "magickaBase":50,
        "fatigueCurrent":293.97122192383
      },
      "inventory":[],
      "spellsActive":[],
      "killer":{
        "playerName":"ZIR"
      },
      "deathState":46
    },
    "294918-0":{
      "refId":"addhiranirr",
      "location":{
        "posX":5905.5483398438,
        "posZ":129.00007629395,
        "posY":471.54650878906,
        "rotX":0,
        "rotY":0,
        "rotZ":2.7937071323395
      },
      "stats":{
        "healthCurrent":76,
        "magickaCurrent":106,
        "healthModified":76,
        "fatigueBase":207,
        "fatigueModified":207,
        "healthBase":76,
        "magickaModified":106,
        "magickaBase":106,
        "fatigueCurrent":207
      },
      "equipment":{
        "5":{
          "refId":"netch_leather_gauntlet_left",
          "count":1,
          "charge":-1,
          "enchantmentCharge":-1
        },
        "6":{
          "refId":"netch_leather_gauntlet_right",
          "count":1,
          "charge":-1,
          "enchantmentCharge":-1
        },
        "8":{
          "refId":"common_shirt_05",
          "count":1,
          "charge":-1,
          "enchantmentCharge":-1
        },
        "9":{
          "refId":"common_pants_05",
          "count":1,
          "charge":-1,
          "enchantmentCharge":-1
        },
        "16":{
          "refId":"steel wakizashi",
          "count":1,
          "charge":-1,
          "enchantmentCharge":-1
        }
      },
      "inventory":[{
          "refId":"netch_leather_gauntlet_right",
          "count":1,
          "charge":-1,
          "enchantmentCharge":-1,
          "soul":""
        },{
          "refId":"netch_leather_gauntlet_left",
          "count":1,
          "charge":-1,
          "enchantmentCharge":-1,
          "soul":""
        },{
          "refId":"common_shirt_05",
          "count":1,
          "charge":-1,
          "enchantmentCharge":-1,
          "soul":""
        },{
          "refId":"common_pants_05",
          "count":1,
          "charge":-1,
          "enchantmentCharge":-1,
          "soul":""
        },{
          "refId":"steel wakizashi",
          "count":1,
          "charge":-1,
          "enchantmentCharge":-1,
          "soul":""
        }],
      "goldPool":0,
      "lastGoldRestockHour":2.3462884426117,
      "lastGoldRestockDay":21
    },
    "0-1248":{
      "refId":"steel axe",
      "count":2,
      "location":{
        "posX":2292.9421386719,
        "posZ":128.13421630859,
        "posY":6.8475589752197,
        "rotX":0,
        "rotY":0,
        "rotZ":-0.2182309627533
      }
    },
    "0-1246":{
      "refId":"rat",
      "location":{
        "posX":5793.7045898438,
        "posZ":129.0032043457,
        "posY":3128.2653808594,
        "rotX":-0.3896809220314,
        "rotY":0,
        "rotZ":-0.061574697494507
      },
      "stats":{
        "healthCurrent":0,
        "magickaCurrent":10,
        "healthModified":23,
        "fatigueBase":300,
        "fatigueModified":300,
        "healthBase":23,
        "magickaModified":10,
        "magickaBase":10,
        "fatigueCurrent":300
      },
      "inventory":[],
      "spellsActive":[],
      "killer":{
        "playerName":"ZIR"
      },
      "deathState":38
    }
  },
  "loadState":{
    "hasFullContainerData":true,
    "hasFullActorList":true
  }
}